tourney_name,tourney_date,surface,round,year,player_A_name,player_B_name,player_A_rank,player_B_rank,target,prob_logistic_regression,pred_logistic_regression,prob_random_forest,pred_random_forest,prob_xgboost,pred_xgboost
Atp Cup,20220103,Hard,RR,2022,Federico Delbonis,Aleksandre Metreveli,44.0,570.0,1,0.8329,1,0.8181,1,0.7854,1
Atp Cup,20220103,Hard,RR,2022,Nikoloz Basilashvili,Diego Schwartzman,22.0,13.0,0,0.4431,0,0.3708,0,0.3333,0
Atp Cup,20220103,Hard,RR,2022,Kamil Majchrzak,Aleksandre Bakshi,117.0,974.0,1,0.91,1,0.8902,1,0.9508,1
Atp Cup,20220103,Hard,RR,2022,Aleksandre Metreveli,Hubert Hurkacz,570.0,9.0,0,0.0414,0,0.085,0,0.0316,0
Atp Cup,20220103,Hard,RR,2022,Federico Delbonis,Kamil Majchrzak,44.0,117.0,0,0.5269,1,0.5623,1,0.6162,1
Atp Cup,20220103,Hard,RR,2022,Diego Schwartzman,Hubert Hurkacz,13.0,9.0,0,0.3814,0,0.4662,0,0.4481,0
Atp Cup,20220103,Hard,RR,2022,Aleksandre Metreveli,Michail Pervolarakis,570.0,399.0,0,0.3719,0,0.3379,0,0.3561,0
Atp Cup,20220103,Hard,RR,2022,Nikoloz Basilashvili,Stefanos Tsitsipas,22.0,4.0,0,0.1935,0,0.2473,0,0.2342,0
Atp Cup,20220103,Hard,RR,2022,Federico Delbonis,Michail Pervolarakis,44.0,399.0,1,0.7388,1,0.7349,1,0.7092,1
Atp Cup,20220103,Hard,RR,2022,Diego Schwartzman,Stefanos Tsitsipas,13.0,4.0,1,0.2322,0,0.3354,0,0.308,0
Atp Cup,20220103,Hard,RR,2022,Kamil Majchrzak,Michail Pervolarakis,117.0,399.0,1,0.728,1,0.7157,1,0.7376,1
Atp Cup,20220103,Hard,RR,2022,Hubert Hurkacz,Aristotelis Thanos,9.0,1078.0,1,0.9842,1,0.9451,1,0.9752,1
Atp Cup,20220103,Hard,RR,2022,John Isner,Daniel Evans,24.0,25.0,0,0.5262,1,0.5288,1,0.55,1
Atp Cup,20220103,Hard,RR,2022,Cameron Norrie,Taylor Fritz,12.0,23.0,0,0.5067,1,0.5342,1,0.578,1
Atp Cup,20220103,Hard,RR,2022,John Isner,Brayden Schnur,24.0,238.0,1,0.8048,1,0.8067,1,0.8293,1
Atp Cup,20220103,Hard,RR,2022,Taylor Fritz,Felix Auger Aliassime,23.0,11.0,1,0.4299,0,0.4632,0,0.4812,0
Atp Cup,20220103,Hard,RR,2022,Daniel Evans,Denis Shapovalov,25.0,14.0,1,0.3672,0,0.3481,0,0.3369,0
Atp Cup,20220103,Hard,RR,2022,Cameron Norrie,Felix Auger Aliassime,12.0,11.0,0,0.4359,0,0.4137,0,0.3987,0
Atp Cup,20220103,Hard,RR,2022,John Isner,Jan Lennard Struff,24.0,51.0,0,0.5465,1,0.5872,1,0.6037,1
Atp Cup,20220103,Hard,RR,2022,Alexander Zverev,Taylor Fritz,3.0,23.0,1,0.8511,1,0.811,1,0.8811,1
Atp Cup,20220103,Hard,RR,2022,Jan Lennard Struff,Daniel Evans,51.0,25.0,0,0.4803,0,0.4645,0,0.4976,0
Atp Cup,20220103,Hard,RR,2022,Alexander Zverev,Cameron Norrie,3.0,12.0,1,0.8479,1,0.8025,1,0.871,1
Atp Cup,20220103,Hard,RR,2022,Jan Lennard Struff,Denis Shapovalov,51.0,14.0,0,0.3485,0,0.3536,0,0.3177,0
Atp Cup,20220103,Hard,RR,2022,Alexander Zverev,Felix Auger Aliassime,3.0,11.0,0,0.8113,1,0.8019,1,0.814,1
Atp Cup,20220103,Hard,RR,2022,James Duckworth,Arthur Rinderknech,49.0,58.0,0,0.5149,1,0.5344,1,0.5901,1
Atp Cup,20220103,Hard,RR,2022,Ugo Humbert,Alex De Minaur,35.0,34.0,0,0.4566,0,0.4554,0,0.416,0
Atp Cup,20220103,Hard,RR,2022,Max Purcell,Jannik Sinner,176.0,10.0,0,0.1386,0,0.1656,0,0.088,0
Atp Cup,20220103,Hard,RR,2022,Matteo Berrettini,Alex De Minaur,7.0,34.0,0,0.7622,1,0.8149,1,0.8131,1
Atp Cup,20220103,Hard,RR,2022,Arthur Rinderknech,Jannik Sinner,58.0,10.0,0,0.2468,0,0.2263,0,0.2418,0
Atp Cup,20220103,Hard,RR,2022,Matteo Berrettini,Ugo Humbert,7.0,35.0,1,0.8008,1,0.8222,1,0.8556,1
Atp Cup,20220103,Hard,RR,2022,James Duckworth,Roman Safiullin,49.0,167.0,0,0.7288,1,0.7564,1,0.7705,1
Atp Cup,20220103,Hard,RR,2022,Daniil Medvedev,Alex De Minaur,2.0,34.0,1,0.9287,1,0.9083,1,0.9074,1
Atp Cup,20220103,Hard,RR,2022,Roman Safiullin,Arthur Rinderknech,167.0,58.0,1,0.2939,0,0.2965,0,0.2642,0
Atp Cup,20220103,Hard,RR,2022,Daniil Medvedev,Ugo Humbert,2.0,35.0,0,0.9423,1,0.9019,1,0.9598,1
Atp Cup,20220103,Hard,RR,2022,Roman Safiullin,Jannik Sinner,167.0,10.0,0,0.1197,0,0.1006,0,0.0469,0
Atp Cup,20220103,Hard,RR,2022,Daniil Medvedev,Matteo Berrettini,2.0,7.0,1,0.8029,1,0.7874,1,0.8739,1
Atp Cup,20220103,Hard,RR,2022,Pablo Carreno Busta,Alejandro Tabilo,20.0,139.0,1,0.7566,1,0.8164,1,0.8207,1
Atp Cup,20220103,Hard,RR,2022,Roberto Bautista Agut,Cristian Garin,19.0,17.0,1,0.5782,1,0.593,1,0.6698,1
Atp Cup,20220103,Hard,RR,2022,Pablo Carreno Busta,Viktor Durasovic,20.0,345.0,1,0.7288,1,0.6606,1,0.7182,1
Atp Cup,20220103,Hard,RR,2022,Roberto Bautista Agut,Casper Ruud,19.0,8.0,1,0.2662,0,0.2343,0,0.2103,0
Atp Cup,20220103,Hard,RR,2022,Alejandro Tabilo,Viktor Durasovic,139.0,345.0,1,0.4768,0,0.6145,1,0.6966,1
Atp Cup,20220103,Hard,RR,2022,Cristian Garin,Casper Ruud,17.0,8.0,0,0.2181,0,0.2074,0,0.1818,0
Atp Cup,20220103,Hard,RR,2022,Pablo Carreno Busta,Filip Krajinovic,20.0,42.0,1,0.6454,1,0.6758,1,0.6853,1
Atp Cup,20220103,Hard,RR,2022,Roberto Bautista Agut,Dusan Lajovic,19.0,33.0,1,0.5659,1,0.591,1,0.6176,1
Atp Cup,20220103,Hard,RR,2022,Filip Krajinovic,Alejandro Tabilo,42.0,139.0,1,0.6312,1,0.6612,1,0.653,1
Atp Cup,20220103,Hard,RR,2022,Dusan Lajovic,Cristian Garin,33.0,17.0,0,0.5132,1,0.447,0,0.4547,0
Atp Cup,20220103,Hard,RR,2022,Filip Krajinovic,Viktor Durasovic,42.0,345.0,1,0.5968,1,0.6465,1,0.6863,1
Atp Cup,20220103,Hard,RR,2022,Dusan Lajovic,Casper Ruud,33.0,8.0,0,0.2181,0,0.172,0,0.1838,0
Atp Cup,20220103,Hard,SF,2022,Roman Safiullin,Denis Shapovalov,167.0,14.0,0,0.1847,0,0.1726,0,0.166,0
Atp Cup,20220103,Hard,SF,2022,Daniil Medvedev,Felix Auger Aliassime,2.0,11.0,1,0.8434,1,0.8522,1,0.8258,1
Atp Cup,20220103,Hard,SF,2022,Pablo Carreno Busta,Jan Zielinski,20.0,860.0,1,0.9593,1,0.9109,1,0.9422,1
Atp Cup,20220103,Hard,SF,2022,Roberto Bautista Agut,Hubert Hurkacz,19.0,9.0,1,0.3178,0,0.3375,0,0.3509,0
Atp Cup,20220103,Hard,F,2022,Pablo Carreno Busta,Denis Shapovalov,20.0,14.0,0,0.4432,0,0.4585,0,0.3937,0
Atp Cup,20220103,Hard,F,2022,Roberto Bautista Agut,Felix Auger Aliassime,19.0,11.0,0,0.3122,0,0.3359,0,0.2412,0
Adelaide 1,20220103,Hard,R32,2022,Steve Johnson,Aleksandar Vukic,85.0,156.0,1,0.5614,1,0.6203,1,0.6714,1
Adelaide 1,20220103,Hard,R32,2022,Gianluca Mager,Francisco Cerundolo,62.0,127.0,1,0.6394,1,0.6501,1,0.6895,1
Adelaide 1,20220103,Hard,R32,2022,Marton Fucsovics,Egor Gerasimov,40.0,113.0,0,0.6314,1,0.6582,1,0.6911,1
Adelaide 1,20220103,Hard,R32,2022,Thiago Monteiro,Daniel Altmaier,89.0,84.0,1,0.4875,0,0.4751,0,0.4987,0
Adelaide 1,20220103,Hard,R32,2022,Corentin Moutet,Holger Rune,92.0,103.0,1,0.4751,0,0.5137,1,0.4392,0
Adelaide 1,20220103,Hard,R32,2022,Roberto Carballes Baena,Laslo Djere,79.0,52.0,0,0.4608,0,0.4443,0,0.4169,0
Adelaide 1,20220103,Hard,R32,2022,Yoshihito Nishioka,Soon Woo Kwon,81.0,53.0,0,0.3792,0,0.3537,0,0.3602,0
Adelaide 1,20220103,Hard,R32,2022,Benjamin Bonzi,Mikael Ymer,64.0,94.0,0,0.411,0,0.4463,0,0.4134,0
Adelaide 1,20220103,Hard,R32,2022,John Millman,Thanasi Kokkinakis,72.0,171.0,0,0.6267,1,0.6539,1,0.6333,1
Adelaide 1,20220103,Hard,R32,2022,Jiri Vesely,Tommy Paul,83.0,43.0,0,0.3277,0,0.34,0,0.3383,0
Adelaide 1,20220103,Hard,R32,2022,Taro Daniel,Lorenzo Musetti,125.0,59.0,1,0.3269,0,0.2946,0,0.2006,0
Adelaide 1,20220103,Hard,R32,2022,Alex Bolt,Juan Manuel Cerundolo,137.0,90.0,0,0.5337,1,0.4748,0,0.5047,1
Adelaide 1,20220103,Hard,R16,2022,Steve Johnson,Karen Khachanov,85.0,29.0,0,0.2723,0,0.2755,0,0.29,0
Adelaide 1,20220103,Hard,R16,2022,Egor Gerasimov,Gianluca Mager,113.0,62.0,1,0.4774,0,0.4616,0,0.4765,0
Adelaide 1,20220103,Hard,R16,2022,Marin Cilic,Thiago Monteiro,30.0,89.0,1,0.6881,1,0.6722,1,0.7612,1
Adelaide 1,20220103,Hard,R16,2022,Laslo Djere,Corentin Moutet,52.0,92.0,1,0.4914,0,0.4768,0,0.4518,0
Adelaide 1,20220103,Hard,R16,2022,Soon Woo Kwon,Mikael Ymer,53.0,94.0,0,0.499,0,0.5315,1,0.4804,0
Adelaide 1,20220103,Hard,R16,2022,Thanasi Kokkinakis,Frances Tiafoe,171.0,38.0,1,0.2294,0,0.1661,0,0.142,0
Adelaide 1,20220103,Hard,R16,2022,Taro Daniel,Tommy Paul,125.0,43.0,0,0.2534,0,0.2077,0,0.1976,0
Adelaide 1,20220103,Hard,R16,2022,Gael Monfils,Juan Manuel Cerundolo,21.0,90.0,1,0.7563,1,0.7168,1,0.7194,1
Adelaide 1,20220103,Hard,QF,2022,Egor Gerasimov,Karen Khachanov,113.0,29.0,0,0.2729,0,0.2307,0,0.2569,0
Adelaide 1,20220103,Hard,QF,2022,Marin Cilic,Laslo Djere,30.0,52.0,1,0.672,1,0.6706,1,0.6773,1
Adelaide 1,20220103,Hard,QF,2022,Thanasi Kokkinakis,Mikael Ymer,171.0,94.0,1,0.3774,0,0.34,0,0.3489,0
Adelaide 1,20220103,Hard,QF,2022,Gael Monfils,Tommy Paul,21.0,43.0,1,0.5221,1,0.4978,0,0.4995,0
Adelaide 1,20220103,Hard,SF,2022,Marin Cilic,Karen Khachanov,30.0,29.0,0,0.4593,0,0.4513,0,0.4444,0
Adelaide 1,20220103,Hard,SF,2022,Gael Monfils,Thanasi Kokkinakis,21.0,171.0,1,0.7706,1,0.7769,1,0.7884,1
Adelaide 1,20220103,Hard,F,2022,Gael Monfils,Karen Khachanov,21.0,29.0,1,0.482,0,0.4699,0,0.4201,0
Melbourne,20220103,Hard,R32,2022,Maxime Cressy,Rinky Hijikata,112.0,375.0,1,0.7974,1,0.7774,1,0.7149,1
Melbourne,20220103,Hard,R32,2022,Kevin Anderson,Jaume Munar,80.0,77.0,0,0.552,1,0.5353,1,0.5711,1
Melbourne,20220103,Hard,R32,2022,Benoit Paire,Henri Laaksonen,46.0,98.0,0,0.5257,1,0.516,1,0.4849,0
Melbourne,20220103,Hard,R32,2022,Andy Murray,Facundo Bagnis,134.0,76.0,0,0.579,1,0.5652,1,0.636,1
Melbourne,20220103,Hard,R32,2022,Adrian Mannarino,Botic Van De Zandschulp,71.0,57.0,0,0.329,0,0.2949,0,0.2848,0
Melbourne,20220103,Hard,R32,2022,Peter Gojowczyk,Mackenzie Mcdonald,86.0,55.0,0,0.4532,0,0.461,0,0.4943,0
Melbourne,20220103,Hard,R32,2022,Emil Ruusuvuori,Sebastian Baez,95.0,99.0,1,0.4855,0,0.5362,1,0.5796,1
Melbourne,20220103,Hard,R32,2022,Christopher Oconnell,Jordan Thompson,175.0,75.0,0,0.4143,0,0.4082,0,0.4647,0
Melbourne,20220103,Hard,R32,2022,Andreas Seppi,Alex Molcan,102.0,88.0,0,0.4454,0,0.4165,0,0.3725,0
Melbourne,20220103,Hard,R32,2022,Tallon Griekspoor,Dominik Koepfer,65.0,54.0,1,0.4577,0,0.4567,0,0.4514,0
Melbourne,20220103,Hard,R32,2022,Stefano Travaglia,Alexei Popyrin,78.0,61.0,0,0.3446,0,0.3312,0,0.3166,0
Melbourne,20220103,Hard,R32,2022,Ricardas Berankis,Marcos Giron,104.0,66.0,1,0.3476,0,0.3496,0,0.35,0
Melbourne,20220103,Hard,R16,2022,Reilly Opelka,Maxime Cressy,26.0,112.0,0,0.691,1,0.6991,1,0.7126,1
Melbourne,20220103,Hard,R16,2022,Henri Laaksonen,Jaume Munar,98.0,77.0,0,0.5673,1,0.5888,1,0.6395,1
Melbourne,20220103,Hard,R16,2022,Facundo Bagnis,Grigor Dimitrov,76.0,28.0,0,0.2741,0,0.2416,0,0.2887,0
Melbourne,20220103,Hard,R16,2022,Mackenzie Mcdonald,Botic Van De Zandschulp,55.0,57.0,0,0.3841,0,0.4193,0,0.4318,0
Melbourne,20220103,Hard,R16,2022,Jordan Thompson,Emil Ruusuvuori,75.0,95.0,0,0.4565,0,0.4448,0,0.4155,0
Melbourne,20220103,Hard,R16,2022,David Goffin,Alex Molcan,39.0,88.0,0,0.5861,1,0.5906,1,0.5607,1
Melbourne,20220103,Hard,R16,2022,Tallon Griekspoor,Alexei Popyrin,65.0,61.0,1,0.3913,0,0.3785,0,0.3857,0
Melbourne,20220103,Hard,R16,2022,Rafael Nadal,Ricardas Berankis,6.0,104.0,1,0.8096,1,0.7952,1,0.8469,1
Melbourne,20220103,Hard,QF,2022,Jaume Munar,Maxime Cressy,77.0,112.0,0,0.4382,0,0.4472,0,0.3197,0
Melbourne,20220103,Hard,QF,2022,Grigor Dimitrov,Botic Van De Zandschulp,28.0,57.0,1,0.5145,1,0.4943,0,0.4549,0
Melbourne,20220103,Hard,QF,2022,Alex Molcan,Emil Ruusuvuori,88.0,95.0,0,0.4228,0,0.4226,0,0.4469,0
Melbourne,20220103,Hard,QF,2022,Rafael Nadal,Tallon Griekspoor,6.0,65.0,1,0.763,1,0.8046,1,0.8288,1
Melbourne,20220103,Hard,SF,2022,Grigor Dimitrov,Maxime Cressy,28.0,112.0,0,0.6817,1,0.6706,1,0.6607,1
Melbourne,20220103,Hard,SF,2022,Rafael Nadal,Emil Ruusuvuori,6.0,95.0,1,0.7475,1,0.7772,1,0.8061,1
Melbourne,20220103,Hard,F,2022,Rafael Nadal,Maxime Cressy,6.0,112.0,1,0.7763,1,0.7838,1,0.7526,1
Sydney,20220110,Hard,R32,2022,Andy Murray,Viktor Durasovic,135.0,345.0,1,0.6562,1,0.6498,1,0.5991,1
Sydney,20220110,Hard,R32,2022,Federico Delbonis,Denis Kudla,42.0,109.0,0,0.6265,1,0.5905,1,0.5818,1
Sydney,20220110,Hard,R32,2022,Facundo Bagnis,David Goffin,71.0,45.0,0,0.5301,1,0.4856,0,0.5094,1
Sydney,20220110,Hard,R32,2022,Marcos Giron,Jordan Thompson,66.0,73.0,0,0.5108,1,0.5171,1,0.5294,1
Sydney,20220110,Hard,R32,2022,Jiri Vesely,Brandon Nakashima,79.0,68.0,0,0.3588,0,0.326,0,0.4362,0
Sydney,20220110,Hard,R32,2022,Fabio Fognini,Daniel Altmaier,36.0,91.0,1,0.5281,1,0.5384,1,0.4379,0
Sydney,20220110,Hard,R32,2022,Dusan Lajovic,Alejandro Davidovich Fokina,43.0,51.0,1,0.4474,0,0.4269,0,0.3885,0
Sydney,20220110,Hard,R32,2022,Adrian Mannarino,Maxime Cressy,70.0,75.0,0,0.322,0,0.3767,0,0.4049,0
Sydney,20220110,Hard,R32,2022,Pedro Martinez,Alexei Popyrin,61.0,59.0,1,0.4375,0,0.4256,0,0.3896,0
Sydney,20220110,Hard,R32,2022,Lorenzo Sonego,Hugo Gaston,27.0,67.0,1,0.6132,1,0.5836,1,0.5925,1
Sydney,20220110,Hard,R32,2022,Christopher Oconnell,Sebastian Baez,173.0,95.0,0,0.3769,0,0.3671,0,0.4398,0
Sydney,20220110,Hard,R32,2022,Stefano Travaglia,Miomir Kecmanovic,86.0,78.0,0,0.4722,0,0.4495,0,0.4479,0
Sydney,20220110,Hard,R16,2022,Andy Murray,Nikoloz Basilashvili,135.0,23.0,1,0.3853,0,0.3983,0,0.3015,0
Sydney,20220110,Hard,R16,2022,David Goffin,Denis Kudla,45.0,109.0,1,0.5772,1,0.5954,1,0.5973,1
Sydney,20220110,Hard,R16,2022,Jordan Thompson,Reilly Opelka,73.0,25.0,0,0.3761,0,0.4469,0,0.2833,0
Sydney,20220110,Hard,R16,2022,Fabio Fognini,Brandon Nakashima,36.0,68.0,0,0.369,0,0.4303,0,0.3683,0
Sydney,20220110,Hard,R16,2022,Dusan Lajovic,Maxime Cressy,43.0,75.0,0,0.3637,0,0.4292,0,0.3518,0
Sydney,20220110,Hard,R16,2022,Daniel Evans,Pedro Martinez,26.0,61.0,1,0.5699,1,0.6211,1,0.6493,1
Sydney,20220110,Hard,R16,2022,Lorenzo Sonego,Sebastian Baez,27.0,95.0,1,0.6506,1,0.6931,1,0.7371,1
Sydney,20220110,Hard,R16,2022,Aslan Karatsev,Miomir Kecmanovic,20.0,78.0,1,0.671,1,0.7412,1,0.7102,1
Sydney,20220110,Hard,QF,2022,Andy Murray,David Goffin,135.0,45.0,1,0.4923,0,0.4599,0,0.5366,1
Sydney,20220110,Hard,QF,2022,Reilly Opelka,Brandon Nakashima,25.0,68.0,1,0.5485,1,0.5094,1,0.455,0
Sydney,20220110,Hard,QF,2022,Daniel Evans,Maxime Cressy,26.0,75.0,1,0.4791,0,0.4936,0,0.47,0
Sydney,20220110,Hard,QF,2022,Aslan Karatsev,Lorenzo Sonego,20.0,27.0,1,0.4936,0,0.5535,1,0.6125,1
Sydney,20220110,Hard,SF,2022,Andy Murray,Reilly Opelka,135.0,25.0,1,0.307,0,0.3897,0,0.4124,0
Sydney,20220110,Hard,SF,2022,Daniel Evans,Aslan Karatsev,26.0,20.0,0,0.4953,0,0.464,0,0.5307,1
Sydney,20220110,Hard,F,2022,Andy Murray,Aslan Karatsev,135.0,20.0,0,0.3327,0,0.281,0,0.2635,0
Adelaide 2,20220110,Hard,R32,2022,Benoit Paire,Thanasi Kokkinakis,47.0,145.0,0,0.4192,0,0.5733,1,0.6161,1
Adelaide 2,20220110,Hard,R32,2022,Steve Johnson,Alex Bolt,84.0,142.0,1,0.6056,1,0.5335,1,0.5143,1
Adelaide 2,20220110,Hard,R32,2022,Alexander Bublik,Aleksandar Vukic,35.0,160.0,0,0.7434,1,0.7385,1,0.7516,1
Adelaide 2,20220110,Hard,R32,2022,John Millman,Jaume Munar,80.0,72.0,0,0.3947,0,0.4356,0,0.5011,1
Adelaide 2,20220110,Hard,R32,2022,Roberto Carballes Baena,Benjamin Bonzi,76.0,65.0,0,0.5138,1,0.5597,1,0.5535,1
Adelaide 2,20220110,Hard,R32,2022,Tommy Paul,Frances Tiafoe,41.0,37.0,1,0.4992,0,0.4985,0,0.519,1
Adelaide 2,20220110,Hard,R32,2022,Soon Woo Kwon,Lloyd Harris,53.0,32.0,1,0.4997,0,0.4966,0,0.5855,1
Adelaide 2,20220110,Hard,R32,2022,Mackenzie Mcdonald,Arthur Rinderknech,55.0,58.0,0,0.4619,0,0.4777,0,0.472,0
Adelaide 2,20220110,Hard,R32,2022,Egor Gerasimov,Gianluca Mager,106.0,63.0,0,0.5249,1,0.5214,1,0.5462,1
Adelaide 2,20220110,Hard,R32,2022,Marton Fucsovics,Botic Van De Zandschulp,38.0,56.0,1,0.4353,0,0.4548,0,0.3943,0
Adelaide 2,20220110,Hard,R32,2022,Jan Lennard Struff,Corentin Moutet,50.0,115.0,0,0.5003,1,0.5267,1,0.5971,1
Adelaide 2,20220110,Hard,R32,2022,Thiago Monteiro,Yoshihito Nishioka,83.0,99.0,1,0.6791,1,0.6707,1,0.646,1
Adelaide 2,20220110,Hard,R16,2022,John Isner,Thanasi Kokkinakis,24.0,145.0,0,0.5902,1,0.621,1,0.567,1
Adelaide 2,20220110,Hard,R16,2022,Steve Johnson,Aleksandar Vukic,84.0,160.0,0,0.6321,1,0.6683,1,0.6599,1
Adelaide 2,20220110,Hard,R16,2022,Marin Cilic,Jaume Munar,29.0,72.0,1,0.5885,1,0.6207,1,0.5728,1
Adelaide 2,20220110,Hard,R16,2022,Benjamin Bonzi,Tommy Paul,65.0,41.0,0,0.2744,0,0.2753,0,0.295,0
Adelaide 2,20220110,Hard,R16,2022,Arthur Rinderknech,Soon Woo Kwon,58.0,53.0,1,0.4835,0,0.4238,0,0.4123,0
Adelaide 2,20220110,Hard,R16,2022,Karen Khachanov,Gianluca Mager,30.0,63.0,1,0.7004,1,0.7137,1,0.7173,1
Adelaide 2,20220110,Hard,R16,2022,Marton Fucsovics,Corentin Moutet,38.0,115.0,0,0.5348,1,0.5395,1,0.5366,1
Adelaide 2,20220110,Hard,R16,2022,Gael Monfils,Thiago Monteiro,19.0,83.0,0,0.6842,1,0.7024,1,0.7525,1
Adelaide 2,20220110,Hard,QF,2022,Thanasi Kokkinakis,Aleksandar Vukic,145.0,160.0,1,0.659,1,0.6454,1,0.6515,1
Adelaide 2,20220110,Hard,QF,2022,Marin Cilic,Tommy Paul,29.0,41.0,1,0.4718,0,0.5286,1,0.5628,1
Adelaide 2,20220110,Hard,QF,2022,Karen Khachanov,Arthur Rinderknech,30.0,58.0,0,0.6433,1,0.6607,1,0.6911,1
Adelaide 2,20220110,Hard,QF,2022,Thiago Monteiro,Corentin Moutet,83.0,115.0,0,0.5002,1,0.4765,0,0.4514,0
Adelaide 2,20220110,Hard,SF,2022,Marin Cilic,Thanasi Kokkinakis,29.0,145.0,0,0.5818,1,0.6186,1,0.6427,1
Adelaide 2,20220110,Hard,SF,2022,Arthur Rinderknech,Corentin Moutet,58.0,115.0,1,0.5273,1,0.5203,1,0.5338,1
Adelaide 2,20220110,Hard,F,2022,Thanasi Kokkinakis,Arthur Rinderknech,145.0,58.0,1,0.4809,0,0.4375,0,0.4115,0
Australian Open,20220117,Hard,R128,2022,Salvatore Caruso,Miomir Kecmanovic,146.0,77.0,0,0.3668,0,0.3597,0,0.2907,0
Australian Open,20220117,Hard,R128,2022,Mikhail Kukushkin,Tommy Paul,180.0,41.0,0,0.2748,0,0.2273,0,0.2452,0
Australian Open,20220117,Hard,R128,2022,Oscar Otte,Chun Hsin Tseng,96.0,190.0,1,0.7576,1,0.7272,1,0.7292,1
Australian Open,20220117,Hard,R128,2022,Sam Querrey,Lorenzo Sonego,110.0,26.0,0,0.2219,0,0.2167,0,0.2436,0
Australian Open,20220117,Hard,R128,2022,Gael Monfils,Federico Coria,20.0,64.0,1,0.7813,1,0.7523,1,0.7903,1
Australian Open,20220117,Hard,R128,2022,Alexander Bublik,Ernesto Escobedo,37.0,141.0,1,0.687,1,0.6851,1,0.7678,1
Australian Open,20220117,Hard,R128,2022,Federico Delbonis,Pedro Martinez,38.0,61.0,0,0.4588,0,0.4626,0,0.4244,0
Australian Open,20220117,Hard,R128,2022,Facundo Bagnis,Cristian Garin,72.0,19.0,0,0.3566,0,0.3527,0,0.3177,0
Australian Open,20220117,Hard,R128,2022,Cameron Norrie,Sebastian Korda,12.0,43.0,0,0.504,1,0.522,1,0.4877,0
Australian Open,20220117,Hard,R128,2022,Lucas Pouille,Corentin Moutet,160.0,100.0,0,0.2965,0,0.2806,0,0.2498,0
Australian Open,20220117,Hard,R128,2022,Fabio Fognini,Tallon Griekspoor,32.0,62.0,0,0.4414,0,0.4698,0,0.4321,0
Australian Open,20220117,Hard,R128,2022,Pablo Carreno Busta,Tomas Martin Etcheverry,21.0,131.0,1,0.8234,1,0.7734,1,0.7602,1
Australian Open,20220117,Hard,R128,2022,Alejandro Tabilo,Carlos Alcaraz,135.0,31.0,0,0.2287,0,0.174,0,0.2215,0
Australian Open,20220117,Hard,R128,2022,Dusan Lajovic,Marton Fucsovics,39.0,35.0,1,0.4386,0,0.3665,0,0.3858,0
Australian Open,20220117,Hard,R128,2022,Jiri Vesely,Stefan Kozlov,78.0,169.0,0,0.6825,1,0.687,1,0.6834,1
Australian Open,20220117,Hard,R128,2022,Matteo Berrettini,Brandon Nakashima,7.0,68.0,1,0.7062,1,0.6744,1,0.7401,1
Australian Open,20220117,Hard,R128,2022,Alexander Zverev,Daniel Altmaier,3.0,87.0,1,0.9503,1,0.9268,1,0.9743,1
Australian Open,20220117,Hard,R128,2022,Feliciano Lopez,John Millman,109.0,89.0,0,0.564,1,0.4785,0,0.5012,1
Australian Open,20220117,Hard,R128,2022,Radu Albot,Yoshihito Nishioka,124.0,119.0,1,0.5338,1,0.5432,1,0.5708,1
Australian Open,20220117,Hard,R128,2022,Aleksandar Vukic,Lloyd Harris,144.0,33.0,1,0.3998,0,0.3449,0,0.3807,0
Australian Open,20220117,Hard,R128,2022,Kevin Anderson,Reilly Opelka,97.0,29.0,0,0.2675,0,0.3069,0,0.274,0
Australian Open,20220117,Hard,R128,2022,Carlos Taberner,Dominik Koepfer,108.0,53.0,0,0.4419,0,0.4019,0,0.4762,0
Australian Open,20220117,Hard,R128,2022,Soon Woo Kwon,Holger Rune,54.0,99.0,1,0.5838,1,0.6445,1,0.6353,1
Australian Open,20220117,Hard,R128,2022,Laslo Djere,Denis Shapovalov,51.0,14.0,0,0.3332,0,0.2885,0,0.307,0
Australian Open,20220117,Hard,R128,2022,Egor Gerasimov,Hubert Hurkacz,106.0,11.0,0,0.2462,0,0.2382,0,0.2403,0
Australian Open,20220117,Hard,R128,2022,Adrian Mannarino,James Duckworth,69.0,49.0,1,0.4449,0,0.4133,0,0.4586,0
Australian Open,20220117,Hard,R128,2022,Nikola Milojevic,Mackenzie Mcdonald,139.0,55.0,0,0.2864,0,0.3095,0,0.3091,0
Australian Open,20220117,Hard,R128,2022,Aslan Karatsev,Jaume Munar,15.0,71.0,1,0.7346,1,0.7958,1,0.7789,1
Australian Open,20220117,Hard,R128,2022,Denis Kudla,Karen Khachanov,105.0,30.0,0,0.2846,0,0.2552,0,0.2825,0
Australian Open,20220117,Hard,R128,2022,Peter Gojowczyk,Benjamin Bonzi,82.0,63.0,0,0.4908,0,0.4997,0,0.4236,0
Australian Open,20220117,Hard,R128,2022,Yannick Hanfmann,Thanasi Kokkinakis,126.0,103.0,1,0.2596,0,0.3047,0,0.3777,0
Australian Open,20220117,Hard,R128,2022,Rafael Nadal,Marcos Giron,5.0,66.0,1,0.8658,1,0.8637,1,0.9033,1
Australian Open,20220117,Hard,R128,2022,Roman Safiullin,Alex Molcan,149.0,74.0,0,0.4001,0,0.3664,0,0.3781,0
Australian Open,20220117,Hard,R128,2022,Pablo Andujar,Damir Dzumhur,83.0,161.0,1,0.5822,1,0.6223,1,0.6135,1
Australian Open,20220117,Hard,R128,2022,Andreas Seppi,Kamil Majchrzak,101.0,107.0,0,0.2835,0,0.3949,0,0.5007,1
Australian Open,20220117,Hard,R128,2022,Alex De Minaur,Lorenzo Musetti,42.0,60.0,1,0.5446,1,0.5098,1,0.4738,0
Australian Open,20220117,Hard,R128,2022,Andy Murray,Nikoloz Basilashvili,113.0,23.0,1,0.458,0,0.4029,0,0.3456,0
Australian Open,20220117,Hard,R128,2022,Taro Daniel,Tomas Barrios Vera,120.0,147.0,1,0.6574,1,0.665,1,0.6812,1
Australian Open,20220117,Hard,R128,2022,Steve Johnson,Jordan Thompson,104.0,73.0,1,0.4668,0,0.464,0,0.4293,0
Australian Open,20220117,Hard,R128,2022,Joao Sousa,Jannik Sinner,140.0,10.0,0,0.1075,0,0.0789,0,0.0203,0
Australian Open,20220117,Hard,R128,2022,Roberto Bautista Agut,Stefano Travaglia,18.0,98.0,1,0.7592,1,0.7891,1,0.7935,1
Australian Open,20220117,Hard,R128,2022,Philipp Kohlschreiber,Marco Cecchinato,134.0,95.0,1,0.4665,0,0.4817,0,0.5163,1
Australian Open,20220117,Hard,R128,2022,Marco Trungelliti,Frances Tiafoe,198.0,34.0,0,0.2203,0,0.2387,0,0.2374,0
Australian Open,20220117,Hard,R128,2022,Maximilian Marterer,Taylor Fritz,228.0,22.0,0,0.124,0,0.1562,0,0.1947,0
Australian Open,20220117,Hard,R128,2022,Grigor Dimitrov,Jiri Lehecka,28.0,142.0,1,0.8014,1,0.8312,1,0.7498,1
Australian Open,20220117,Hard,R128,2022,Benoit Paire,Thiago Monteiro,56.0,79.0,1,0.3908,0,0.4177,0,0.4092,0
Australian Open,20220117,Hard,R128,2022,Albert Ramos,Sebastian Baez,44.0,88.0,0,0.4482,0,0.5176,1,0.4646,0
Australian Open,20220117,Hard,R128,2022,Stefanos Tsitsipas,Mikael Ymer,4.0,86.0,1,0.858,1,0.8136,1,0.9125,1
Australian Open,20220117,Hard,R128,2022,Andrey Rublev,Gianluca Mager,6.0,65.0,1,0.8246,1,0.8245,1,0.7891,1
Australian Open,20220117,Hard,R128,2022,Ricardas Berankis,Roberto Carballes Baena,93.0,75.0,1,0.5698,1,0.575,1,0.6109,1
Australian Open,20220117,Hard,R128,2022,Norbert Gombos,Timofey Skatov,117.0,253.0,1,0.5346,1,0.5593,1,0.5627,1
Australian Open,20220117,Hard,R128,2022,Marin Cilic,Emilio Gomez,27.0,153.0,1,0.7637,1,0.8093,1,0.7932,1
Australian Open,20220117,Hard,R128,2022,Daniel Evans,David Goffin,24.0,45.0,1,0.6001,1,0.6194,1,0.6196,1
Australian Open,20220117,Hard,R128,2022,Arthur Rinderknech,Alexei Popyrin,48.0,59.0,1,0.5401,1,0.526,1,0.5357,1
Australian Open,20220117,Hard,R128,2022,Alex Bolt,Alejandro Davidovich Fokina,152.0,50.0,0,0.3388,0,0.321,0,0.3096,0
Australian Open,20220117,Hard,R128,2022,Felix Auger Aliassime,Emil Ruusuvuori,9.0,90.0,1,0.726,1,0.6934,1,0.7383,1
Australian Open,20220117,Hard,R128,2022,Filip Krajinovic,Diego Schwartzman,36.0,13.0,0,0.3691,0,0.2738,0,0.3585,0
Australian Open,20220117,Hard,R128,2022,Christopher Oconnell,Hugo Gaston,175.0,67.0,1,0.3933,0,0.3693,0,0.4543,0
Australian Open,20220117,Hard,R128,2022,Juan Manuel Cerundolo,Tomas Machac,80.0,132.0,0,0.3614,0,0.4554,0,0.4603,0
Australian Open,20220117,Hard,R128,2022,John Isner,Maxime Cressy,25.0,70.0,0,0.4676,0,0.485,0,0.4166,0
Australian Open,20220117,Hard,R128,2022,Richard Gasquet,Ugo Humbert,81.0,40.0,1,0.3161,0,0.3222,0,0.2561,0
Australian Open,20220117,Hard,R128,2022,Jan Lennard Struff,Botic Van De Zandschulp,52.0,57.0,0,0.4153,0,0.3989,0,0.3936,0
Australian Open,20220117,Hard,R128,2022,Liam Broady,Nick Kyrgios,128.0,115.0,0,0.4917,0,0.4462,0,0.4907,0
Australian Open,20220117,Hard,R128,2022,Henri Laaksonen,Daniil Medvedev,91.0,2.0,0,0.0533,0,0.0923,0,0.0505,0
Australian Open,20220117,Hard,R64,2022,Tommy Paul,Miomir Kecmanovic,41.0,77.0,0,0.6497,1,0.6613,1,0.6661,1
Australian Open,20220117,Hard,R64,2022,Oscar Otte,Lorenzo Sonego,96.0,26.0,0,0.3562,0,0.3311,0,0.2876,0
Australian Open,20220117,Hard,R64,2022,Gael Monfils,Alexander Bublik,20.0,37.0,1,0.5958,1,0.596,1,0.5612,1
Australian Open,20220117,Hard,R64,2022,Cristian Garin,Pedro Martinez,19.0,61.0,1,0.553,1,0.5838,1,0.6176,1
Australian Open,20220117,Hard,R64,2022,Corentin Moutet,Sebastian Korda,100.0,43.0,0,0.3862,0,0.3532,0,0.3803,0
Australian Open,20220117,Hard,R64,2022,Pablo Carreno Busta,Tallon Griekspoor,21.0,62.0,1,0.608,1,0.6335,1,0.6067,1
Australian Open,20220117,Hard,R64,2022,Dusan Lajovic,Carlos Alcaraz,39.0,31.0,0,0.276,0,0.2961,0,0.2547,0
Australian Open,20220117,Hard,R64,2022,Stefan Kozlov,Matteo Berrettini,169.0,7.0,0,0.0967,0,0.1244,0,0.0932,0
Australian Open,20220117,Hard,R64,2022,Alexander Zverev,John Millman,3.0,89.0,1,0.9529,1,0.9117,1,0.965,1
Australian Open,20220117,Hard,R64,2022,Radu Albot,Aleksandar Vukic,124.0,144.0,1,0.3805,0,0.433,0,0.434,0
Australian Open,20220117,Hard,R64,2022,Reilly Opelka,Dominik Koepfer,29.0,53.0,1,0.659,1,0.5963,1,0.6206,1
Australian Open,20220117,Hard,R64,2022,Soon Woo Kwon,Denis Shapovalov,54.0,14.0,0,0.3374,0,0.315,0,0.2938,0
Australian Open,20220117,Hard,R64,2022,Adrian Mannarino,Hubert Hurkacz,69.0,11.0,1,0.2002,0,0.1924,0,0.1643,0
Australian Open,20220117,Hard,R64,2022,Aslan Karatsev,Mackenzie Mcdonald,15.0,55.0,1,0.7457,1,0.7337,1,0.7574,1
Australian Open,20220117,Hard,R64,2022,Karen Khachanov,Benjamin Bonzi,30.0,63.0,1,0.7189,1,0.7386,1,0.7448,1
Australian Open,20220117,Hard,R64,2022,Rafael Nadal,Yannick Hanfmann,5.0,126.0,1,0.9086,1,0.8888,1,0.8891,1
Australian Open,20220117,Hard,R64,2022,Pablo Andujar,Alex Molcan,83.0,74.0,1,0.3237,0,0.356,0,0.4157,0
Australian Open,20220117,Hard,R64,2022,Kamil Majchrzak,Alex De Minaur,107.0,42.0,0,0.5064,1,0.4937,0,0.526,1
Australian Open,20220117,Hard,R64,2022,Andy Murray,Taro Daniel,113.0,120.0,0,0.5618,1,0.6051,1,0.5831,1
Australian Open,20220117,Hard,R64,2022,Steve Johnson,Jannik Sinner,104.0,10.0,0,0.1833,0,0.1956,0,0.269,0
Australian Open,20220117,Hard,R64,2022,Philipp Kohlschreiber,Roberto Bautista Agut,134.0,18.0,0,0.1823,0,0.2074,0,0.169,0
Australian Open,20220117,Hard,R64,2022,Taylor Fritz,Frances Tiafoe,22.0,34.0,1,0.583,1,0.5708,1,0.532,1
Australian Open,20220117,Hard,R64,2022,Benoit Paire,Grigor Dimitrov,56.0,28.0,1,0.2845,0,0.2326,0,0.2503,0
Australian Open,20220117,Hard,R64,2022,Stefanos Tsitsipas,Sebastian Baez,4.0,88.0,1,0.8795,1,0.8499,1,0.9507,1
Australian Open,20220117,Hard,R64,2022,Ricardas Berankis,Andrey Rublev,93.0,6.0,0,0.1558,0,0.1859,0,0.224,0
Australian Open,20220117,Hard,R64,2022,Marin Cilic,Norbert Gombos,27.0,117.0,1,0.7556,1,0.7821,1,0.7755,1
Australian Open,20220117,Hard,R64,2022,Daniel Evans,Arthur Rinderknech,24.0,48.0,1,0.5193,1,0.5188,1,0.5113,1
Australian Open,20220117,Hard,R64,2022,Felix Auger Aliassime,Alejandro Davidovich Fokina,9.0,50.0,1,0.7527,1,0.7678,1,0.8199,1
Australian Open,20220117,Hard,R64,2022,Diego Schwartzman,Christopher Oconnell,13.0,175.0,0,0.8052,1,0.8488,1,0.8527,1
Australian Open,20220117,Hard,R64,2022,Maxime Cressy,Tomas Machac,70.0,132.0,1,0.5464,1,0.5521,1,0.5742,1
Australian Open,20220117,Hard,R64,2022,Richard Gasquet,Botic Van De Zandschulp,81.0,57.0,0,0.2848,0,0.2957,0,0.3368,0
Australian Open,20220117,Hard,R64,2022,Nick Kyrgios,Daniil Medvedev,115.0,2.0,0,0.0374,0,0.0513,0,0.0151,0
Australian Open,20220117,Hard,R32,2022,Lorenzo Sonego,Miomir Kecmanovic,26.0,77.0,0,0.6601,1,0.6948,1,0.7133,1
Australian Open,20220117,Hard,R32,2022,Gael Monfils,Cristian Garin,20.0,19.0,1,0.6048,1,0.5919,1,0.5784,1
Australian Open,20220117,Hard,R32,2022,Pablo Carreno Busta,Sebastian Korda,21.0,43.0,1,0.5183,1,0.5145,1,0.4671,0
Australian Open,20220117,Hard,R32,2022,Matteo Berrettini,Carlos Alcaraz,7.0,31.0,1,0.5896,1,0.6371,1,0.6874,1
Australian Open,20220117,Hard,R32,2022,Alexander Zverev,Radu Albot,3.0,124.0,1,0.964,1,0.9083,1,0.931,1
Australian Open,20220117,Hard,R32,2022,Reilly Opelka,Denis Shapovalov,29.0,14.0,0,0.4271,0,0.3456,0,0.3442,0
Australian Open,20220117,Hard,R32,2022,Adrian Mannarino,Aslan Karatsev,69.0,15.0,1,0.1988,0,0.1156,0,0.1026,0
Australian Open,20220117,Hard,R32,2022,Rafael Nadal,Karen Khachanov,5.0,30.0,1,0.7133,1,0.8113,1,0.8569,1
Australian Open,20220117,Hard,R32,2022,Pablo Andujar,Alex De Minaur,83.0,42.0,0,0.3084,0,0.3226,0,0.2185,0
Australian Open,20220117,Hard,R32,2022,Taro Daniel,Jannik Sinner,120.0,10.0,0,0.1626,0,0.1258,0,0.1058,0
Australian Open,20220117,Hard,R32,2022,Roberto Bautista Agut,Taylor Fritz,18.0,22.0,0,0.4609,0,0.4616,0,0.4508,0
Australian Open,20220117,Hard,R32,2022,Benoit Paire,Stefanos Tsitsipas,56.0,4.0,0,0.1002,0,0.0902,0,0.0647,0
Australian Open,20220117,Hard,R32,2022,Marin Cilic,Andrey Rublev,27.0,6.0,1,0.2547,0,0.2915,0,0.3311,0
Australian Open,20220117,Hard,R32,2022,Daniel Evans,Felix Auger Aliassime,24.0,9.0,0,0.3153,0,0.3907,0,0.365,0
Australian Open,20220117,Hard,R32,2022,Christopher Oconnell,Maxime Cressy,175.0,70.0,0,0.2315,0,0.2715,0,0.254,0
Australian Open,20220117,Hard,R32,2022,Daniil Medvedev,Botic Van De Zandschulp,2.0,57.0,1,0.9266,1,0.8612,1,0.8691,1
Australian Open,20220117,Hard,R16,2022,Gael Monfils,Miomir Kecmanovic,20.0,77.0,1,0.7025,1,0.7298,1,0.7008,1
Australian Open,20220117,Hard,R16,2022,Pablo Carreno Busta,Matteo Berrettini,21.0,7.0,0,0.3773,0,0.4035,0,0.3191,0
Australian Open,20220117,Hard,R16,2022,Alexander Zverev,Denis Shapovalov,3.0,14.0,0,0.8452,1,0.8213,1,0.8419,1
Australian Open,20220117,Hard,R16,2022,Rafael Nadal,Adrian Mannarino,5.0,69.0,1,0.8801,1,0.8773,1,0.8735,1
Australian Open,20220117,Hard,R16,2022,Alex De Minaur,Jannik Sinner,42.0,10.0,0,0.2392,0,0.1839,0,0.1866,0
Australian Open,20220117,Hard,R16,2022,Taylor Fritz,Stefanos Tsitsipas,22.0,4.0,0,0.2615,0,0.333,0,0.2807,0
Australian Open,20220117,Hard,R16,2022,Marin Cilic,Felix Auger Aliassime,27.0,9.0,0,0.3155,0,0.3439,0,0.3302,0
Australian Open,20220117,Hard,R16,2022,Daniil Medvedev,Maxime Cressy,2.0,70.0,1,0.9174,1,0.8323,1,0.8752,1
Australian Open,20220117,Hard,QF,2022,Gael Monfils,Matteo Berrettini,20.0,7.0,0,0.3768,0,0.3229,0,0.2577,0
Australian Open,20220117,Hard,QF,2022,Rafael Nadal,Denis Shapovalov,5.0,14.0,1,0.6821,1,0.7824,1,0.7698,1
Australian Open,20220117,Hard,QF,2022,Stefanos Tsitsipas,Jannik Sinner,4.0,10.0,1,0.6197,1,0.5471,1,0.5408,1
Australian Open,20220117,Hard,QF,2022,Daniil Medvedev,Felix Auger Aliassime,2.0,9.0,1,0.8411,1,0.8465,1,0.8032,1
Australian Open,20220117,Hard,SF,2022,Rafael Nadal,Matteo Berrettini,5.0,7.0,1,0.5946,1,0.6187,1,0.6166,1
Australian Open,20220117,Hard,SF,2022,Daniil Medvedev,Stefanos Tsitsipas,2.0,4.0,1,0.7355,1,0.7369,1,0.7927,1
Australian Open,20220117,Hard,F,2022,Rafael Nadal,Daniil Medvedev,5.0,2.0,1,0.2227,0,0.4158,0,0.4861,0
Montpellier,20220131,Hard,R32,2022,Gilles Simon,Lucas Pouille,130.0,156.0,1,0.4757,0,0.4723,0,0.4641,0
Montpellier,20220131,Hard,R32,2022,Peter Gojowczyk,Pierre Hugues Herbert,96.0,113.0,0,0.5356,1,0.5655,1,0.5424,1
Montpellier,20220131,Hard,R32,2022,Alexander Bublik,Tallon Griekspoor,35.0,62.0,1,0.5386,1,0.5297,1,0.5582,1
Montpellier,20220131,Hard,R32,2022,Damir Dzumhur,Alex Molcan,152.0,72.0,1,0.2703,0,0.2749,0,0.3049,0
Montpellier,20220131,Hard,R32,2022,Jo-Wilfried Tsonga,Kacper Zuk,259.0,172.0,1,0.2606,0,0.3447,0,0.3264,0
Montpellier,20220131,Hard,R32,2022,Filip Krajinovic,Alexei Popyrin,36.0,65.0,1,0.4847,0,0.4763,0,0.3902,0
Montpellier,20220131,Hard,R32,2022,Richard Gasquet,Ugo Humbert,75.0,40.0,1,0.3811,0,0.4304,0,0.4429,0
Montpellier,20220131,Hard,R32,2022,Soon Woo Kwon,Hugo Gaston,55.0,69.0,1,0.6264,1,0.6306,1,0.637,1
Montpellier,20220131,Hard,R32,2022,Mikael Ymer,Corentin Moutet,83.0,89.0,1,0.4535,0,0.4376,0,0.4462,0
Montpellier,20220131,Hard,R32,2022,David Goffin,Benjamin Bonzi,52.0,68.0,1,0.5219,1,0.5755,1,0.5319,1
Montpellier,20220131,Hard,R32,2022,Adrian Mannarino,Alejandro Davidovich Fokina,58.0,47.0,1,0.4491,0,0.4096,0,0.3787,0
Montpellier,20220131,Hard,R32,2022,Mackenzie Mcdonald,Ilya Ivashka,56.0,48.0,1,0.4961,0,0.4732,0,0.5883,1
Montpellier,20220131,Hard,R16,2022,Gilles Simon,Roberto Bautista Agut,130.0,19.0,0,0.1981,0,0.1521,0,0.0966,0
Montpellier,20220131,Hard,R16,2022,Pierre Hugues Herbert,Alexander Bublik,113.0,35.0,0,0.3032,0,0.2853,0,0.3066,0
Montpellier,20220131,Hard,R16,2022,Nikoloz Basilashvili,Damir Dzumhur,21.0,152.0,0,0.7332,1,0.7092,1,0.6577,1
Montpellier,20220131,Hard,R16,2022,Jo-Wilfried Tsonga,Filip Krajinovic,259.0,36.0,0,0.2251,0,0.2433,0,0.224,0
Montpellier,20220131,Hard,R16,2022,Richard Gasquet,Soon Woo Kwon,75.0,55.0,1,0.3673,0,0.3063,0,0.3009,0
Montpellier,20220131,Hard,R16,2022,Gael Monfils,Mikael Ymer,16.0,83.0,0,0.6909,1,0.7038,1,0.7425,1
Montpellier,20220131,Hard,R16,2022,Adrian Mannarino,David Goffin,58.0,52.0,1,0.4959,0,0.4904,0,0.5576,1
Montpellier,20220131,Hard,R16,2022,Alexander Zverev,Mackenzie Mcdonald,3.0,56.0,1,0.9203,1,0.872,1,0.8991,1
Montpellier,20220131,Hard,QF,2022,Roberto Bautista Agut,Alexander Bublik,19.0,35.0,0,0.5552,1,0.5931,1,0.5137,1
Montpellier,20220131,Hard,QF,2022,Filip Krajinovic,Damir Dzumhur,36.0,152.0,1,0.7221,1,0.6992,1,0.7176,1
Montpellier,20220131,Hard,QF,2022,Richard Gasquet,Mikael Ymer,75.0,83.0,0,0.4099,0,0.4099,0,0.3527,0
Montpellier,20220131,Hard,QF,2022,Alexander Zverev,Adrian Mannarino,3.0,58.0,1,0.9299,1,0.8835,1,0.9143,1
Montpellier,20220131,Hard,SF,2022,Filip Krajinovic,Alexander Bublik,36.0,35.0,0,0.4163,0,0.3931,0,0.3953,0
Montpellier,20220131,Hard,SF,2022,Alexander Zverev,Mikael Ymer,3.0,83.0,1,0.9227,1,0.8864,1,0.9318,1
Montpellier,20220131,Hard,F,2022,Alexander Zverev,Alexander Bublik,3.0,35.0,0,0.8886,1,0.8716,1,0.907,1
Pune,20220131,Hard,R32,2022,Hugo Grenier,Aleksandar Vukic,158.0,140.0,0,0.3078,0,0.3396,0,0.2733,0
Pune,20220131,Hard,R32,2022,Kamil Majchrzak,Jay Clarke,95.0,196.0,1,0.7906,1,0.7256,1,0.7384,1
Pune,20220131,Hard,R32,2022,Ricardas Berankis,Quentin Halys,82.0,141.0,0,0.6831,1,0.6576,1,0.6427,1
Pune,20220131,Hard,R32,2022,Dennis Novak,Bernabe Zapata Miralles,117.0,126.0,0,0.5034,1,0.5062,1,0.5121,1
Pune,20220131,Hard,R32,2022,Cem Ilkel,Vit Kopriva,183.0,193.0,0,0.6005,1,0.6251,1,0.7043,1
Pune,20220131,Hard,R32,2022,Egor Gerasimov,Emil Ruusuvuori,104.0,87.0,0,0.4158,0,0.3663,0,0.3945,0
Pune,20220131,Hard,R32,2022,Prajnesh Gunneswaran,Daniel Altmaier,228.0,85.0,0,0.3828,0,0.4069,0,0.4843,0
Pune,20220131,Hard,R32,2022,Radu Albot,Federico Gaio,108.0,174.0,1,0.731,1,0.6963,1,0.7416,1
Pune,20220131,Hard,R32,2022,Joao Sousa,Arjun Kadhe,137.0,778.0,1,0.8478,1,0.8179,1,0.8687,1
Pune,20220131,Hard,R32,2022,Stefano Travaglia,Ramkumar Ramanathan,93.0,182.0,1,0.6449,1,0.6486,1,0.6219,1
Pune,20220131,Hard,R32,2022,Yuki Bhambri,Jozef Kovalik,862.0,168.0,1,0.1323,0,0.2725,0,0.2529,0
Pune,20220131,Hard,R32,2022,Elias Ymer,Gian Marco Moroni,163.0,202.0,1,0.7194,1,0.676,1,0.6976,1
Pune,20220131,Hard,R16,2022,Aleksandar Vukic,Lorenzo Musetti,140.0,66.0,0,0.4944,0,0.4439,0,0.4024,0
Pune,20220131,Hard,R16,2022,Quentin Halys,Kamil Majchrzak,141.0,95.0,0,0.2656,0,0.3041,0,0.3715,0
Pune,20220131,Hard,R16,2022,Jiri Vesely,Bernabe Zapata Miralles,80.0,126.0,1,0.5745,1,0.5731,1,0.5817,1
Pune,20220131,Hard,R16,2022,Vit Kopriva,Emil Ruusuvuori,193.0,87.0,0,0.2074,0,0.2394,0,0.1656,0
Pune,20220131,Hard,R16,2022,Radu Albot,Daniel Altmaier,108.0,85.0,0,0.5617,1,0.5198,1,0.4531,0
Pune,20220131,Hard,R16,2022,Joao Sousa,Gianluca Mager,137.0,67.0,1,0.3452,0,0.3258,0,0.2808,0
Pune,20220131,Hard,R16,2022,Stefano Travaglia,Yuki Bhambri,93.0,862.0,1,0.8891,1,0.8105,1,0.9178,1
Pune,20220131,Hard,R16,2022,Aslan Karatsev,Elias Ymer,15.0,163.0,0,0.7726,1,0.7744,1,0.7473,1
Pune,20220131,Hard,QF,2022,Kamil Majchrzak,Lorenzo Musetti,95.0,66.0,1,0.5732,1,0.5202,1,0.5934,1
Pune,20220131,Hard,QF,2022,Jiri Vesely,Emil Ruusuvuori,80.0,87.0,0,0.369,0,0.4035,0,0.4199,0
Pune,20220131,Hard,QF,2022,Joao Sousa,Daniel Altmaier,137.0,85.0,1,0.4216,0,0.3874,0,0.3886,0
Pune,20220131,Hard,QF,2022,Stefano Travaglia,Elias Ymer,93.0,163.0,0,0.4387,0,0.5363,1,0.6048,1
Pune,20220131,Hard,SF,2022,Kamil Majchrzak,Emil Ruusuvuori,95.0,87.0,0,0.4811,0,0.479,0,0.5028,1
Pune,20220131,Hard,SF,2022,Joao Sousa,Elias Ymer,137.0,163.0,1,0.3779,0,0.4356,0,0.3453,0
Pune,20220131,Hard,F,2022,Joao Sousa,Emil Ruusuvuori,137.0,87.0,1,0.2726,0,0.2806,0,0.3538,0
Cordoba,20220131,Clay,R32,2022,Nicolas Jarry,Tomas Martin Etcheverry,149.0,128.0,0,0.4333,0,0.4044,0,0.4011,0
Cordoba,20220131,Clay,R32,2022,Yannick Hanfmann,Juan Ignacio Londero,120.0,139.0,0,0.7421,1,0.6971,1,0.6704,1
Cordoba,20220131,Clay,R32,2022,Thiago Monteiro,Pedro Martinez,92.0,61.0,0,0.4328,0,0.4261,0,0.4654,0
Cordoba,20220131,Clay,R32,2022,Roberto Carballes Baena,Holger Rune,76.0,97.0,1,0.4865,0,0.5199,1,0.4531,0
Cordoba,20220131,Clay,R32,2022,Facundo Bagnis,Juan Pablo Varillas,74.0,129.0,0,0.5317,1,0.5426,1,0.4763,0
Cordoba,20220131,Clay,R32,2022,Albert Ramos,Andrej Martin,44.0,115.0,1,0.6407,1,0.6617,1,0.72,1
Cordoba,20220131,Clay,R32,2022,Federico Delbonis,Carlos Taberner,41.0,105.0,0,0.6699,1,0.6699,1,0.6914,1
Cordoba,20220131,Clay,R32,2022,Alejandro Tabilo,Francisco Cerundolo,144.0,111.0,1,0.5252,1,0.5026,1,0.517,1
Cordoba,20220131,Clay,R32,2022,Fernando Verdasco,Sebastian Baez,200.0,77.0,0,0.307,0,0.3642,0,0.4077,0
Cordoba,20220131,Clay,R32,2022,Benoit Paire,Jaume Munar,54.0,88.0,0,0.4853,0,0.4982,0,0.5271,1
Cordoba,20220131,Clay,R32,2022,Hugo Dellien,Daniel Elahi Galan,109.0,127.0,0,0.3796,0,0.4287,0,0.3507,0
Cordoba,20220131,Clay,R32,2022,Federico Coria,Juan Pablo Ficovich,64.0,230.0,0,0.7389,1,0.7562,1,0.8349,1
Cordoba,20220131,Clay,R16,2022,Nikola Milojevic,Tomas Martin Etcheverry,136.0,128.0,1,0.4206,0,0.4245,0,0.4437,0
Cordoba,20220131,Clay,R16,2022,Juan Ignacio Londero,Pedro Martinez,139.0,61.0,1,0.2417,0,0.2636,0,0.3883,0
Cordoba,20220131,Clay,R16,2022,Roberto Carballes Baena,Lorenzo Sonego,76.0,23.0,0,0.2533,0,0.2067,0,0.2591,0
Cordoba,20220131,Clay,R16,2022,Albert Ramos,Juan Pablo Varillas,44.0,129.0,1,0.5554,1,0.5799,1,0.5677,1
Cordoba,20220131,Clay,R16,2022,Alejandro Tabilo,Carlos Taberner,144.0,105.0,1,0.5351,1,0.5242,1,0.5366,1
Cordoba,20220131,Clay,R16,2022,Cristian Garin,Sebastian Baez,18.0,77.0,0,0.7109,1,0.6865,1,0.6917,1
Cordoba,20220131,Clay,R16,2022,Daniel Elahi Galan,Jaume Munar,127.0,88.0,1,0.4894,0,0.4668,0,0.453,0
Cordoba,20220131,Clay,R16,2022,Diego Schwartzman,Juan Pablo Ficovich,14.0,230.0,1,0.8609,1,0.8541,1,0.8256,1
Cordoba,20220131,Clay,QF,2022,Juan Ignacio Londero,Nikola Milojevic,139.0,136.0,1,0.3892,0,0.3659,0,0.3959,0
Cordoba,20220131,Clay,QF,2022,Albert Ramos,Lorenzo Sonego,44.0,23.0,1,0.3141,0,0.3258,0,0.3028,0
Cordoba,20220131,Clay,QF,2022,Alejandro Tabilo,Sebastian Baez,144.0,77.0,1,0.4821,0,0.4228,0,0.3807,0
Cordoba,20220131,Clay,QF,2022,Diego Schwartzman,Daniel Elahi Galan,14.0,127.0,1,0.6559,1,0.6755,1,0.6001,1
Cordoba,20220131,Clay,SF,2022,Albert Ramos,Juan Ignacio Londero,44.0,139.0,1,0.736,1,0.7611,1,0.717,1
Cordoba,20220131,Clay,SF,2022,Diego Schwartzman,Alejandro Tabilo,14.0,144.0,0,0.7038,1,0.7655,1,0.7723,1
Cordoba,20220131,Clay,F,2022,Albert Ramos,Alejandro Tabilo,44.0,144.0,1,0.5572,1,0.6074,1,0.5603,1
Rotterdam,20220207,Hard,R32,2022,Henri Laaksonen,Andrey Rublev,85.0,7.0,0,0.1649,0,0.2367,0,0.2226,0
Rotterdam,20220207,Hard,R32,2022,Soon Woo Kwon,Hugo Gaston,53.0,69.0,1,0.6312,1,0.6261,1,0.6096,1
Rotterdam,20220207,Hard,R32,2022,Marton Fucsovics,Filip Krajinovic,38.0,36.0,1,0.4605,0,0.4368,0,0.427,0
Rotterdam,20220207,Hard,R32,2022,Aslan Karatsev,Tallon Griekspoor,14.0,62.0,0,0.6763,1,0.7163,1,0.6938,1
Rotterdam,20220207,Hard,R32,2022,Egor Gerasimov,Felix Auger Aliassime,126.0,9.0,0,0.173,0,0.1933,0,0.2154,0
Rotterdam,20220207,Hard,R32,2022,Andy Murray,Alexander Bublik,95.0,31.0,1,0.3506,0,0.3602,0,0.3319,0
Rotterdam,20220207,Hard,R32,2022,Karen Khachanov,Alexei Popyrin,28.0,66.0,1,0.6477,1,0.6565,1,0.6768,1
Rotterdam,20220207,Hard,R32,2022,Cameron Norrie,Ugo Humbert,13.0,41.0,1,0.6078,1,0.6248,1,0.5708,1
Rotterdam,20220207,Hard,R32,2022,Denis Shapovalov,Jiri Lehecka,12.0,137.0,0,0.8606,1,0.8892,1,0.9028,1
Rotterdam,20220207,Hard,R32,2022,Botic Van De Zandschulp,Bernabe Zapata Miralles,51.0,129.0,1,0.6427,1,0.661,1,0.6187,1
Rotterdam,20220207,Hard,R32,2022,Mikael Ymer,Lorenzo Musetti,75.0,63.0,0,0.5363,1,0.5494,1,0.5561,1
Rotterdam,20220207,Hard,R32,2022,Jo-Wilfried Tsonga,Hubert Hurkacz,247.0,11.0,0,0.1307,0,0.1443,0,0.1906,0
Rotterdam,20220207,Hard,R32,2022,Nikoloz Basilashvili,Mackenzie Mcdonald,21.0,49.0,0,0.5151,1,0.5202,1,0.529,1
Rotterdam,20220207,Hard,R32,2022,David Goffin,Alex De Minaur,47.0,34.0,0,0.3966,0,0.3779,0,0.3479,0
Rotterdam,20220207,Hard,R32,2022,Ilya Ivashka,Lloyd Harris,48.0,35.0,1,0.474,0,0.5049,1,0.523,1
Rotterdam,20220207,Hard,R32,2022,Stefanos Tsitsipas,Alejandro Davidovich Fokina,4.0,46.0,1,0.8987,1,0.873,1,0.9265,1
Rotterdam,20220207,Hard,R16,2022,Andrey Rublev,Soon Woo Kwon,7.0,53.0,1,0.7954,1,0.7745,1,0.8467,1
Rotterdam,20220207,Hard,R16,2022,Marton Fucsovics,Tallon Griekspoor,38.0,62.0,1,0.4793,0,0.4722,0,0.475,0
Rotterdam,20220207,Hard,R16,2022,Andy Murray,Felix Auger Aliassime,95.0,9.0,0,0.2133,0,0.2908,0,0.3142,0
Rotterdam,20220207,Hard,R16,2022,Karen Khachanov,Cameron Norrie,28.0,13.0,0,0.5435,1,0.4626,0,0.4857,0
Rotterdam,20220207,Hard,R16,2022,Botic Van De Zandschulp,Jiri Lehecka,51.0,137.0,0,0.7585,1,0.7446,1,0.6318,1
Rotterdam,20220207,Hard,R16,2022,Hubert Hurkacz,Lorenzo Musetti,11.0,63.0,0,0.7541,1,0.7566,1,0.8017,1
Rotterdam,20220207,Hard,R16,2022,Mackenzie Mcdonald,Alex De Minaur,49.0,34.0,0,0.4188,0,0.4052,0,0.3632,0
Rotterdam,20220207,Hard,R16,2022,Ilya Ivashka,Stefanos Tsitsipas,48.0,4.0,0,0.1069,0,0.2311,0,0.1903,0
Rotterdam,20220207,Hard,QF,2022,Marton Fucsovics,Andrey Rublev,38.0,7.0,0,0.1881,0,0.1887,0,0.1913,0
Rotterdam,20220207,Hard,QF,2022,Cameron Norrie,Felix Auger Aliassime,13.0,9.0,0,0.3179,0,0.3695,0,0.4174,0
Rotterdam,20220207,Hard,QF,2022,Lorenzo Musetti,Jiri Lehecka,63.0,137.0,0,0.6925,1,0.6929,1,0.6066,1
Rotterdam,20220207,Hard,QF,2022,Stefanos Tsitsipas,Alex De Minaur,4.0,34.0,1,0.8624,1,0.8548,1,0.9152,1
Rotterdam,20220207,Hard,SF,2022,Andrey Rublev,Felix Auger Aliassime,7.0,9.0,0,0.5602,1,0.6062,1,0.635,1
Rotterdam,20220207,Hard,SF,2022,Stefanos Tsitsipas,Jiri Lehecka,4.0,137.0,1,0.9539,1,0.9525,1,0.9745,1
Rotterdam,20220207,Hard,F,2022,Stefanos Tsitsipas,Felix Auger Aliassime,4.0,9.0,0,0.7177,1,0.6925,1,0.7613,1
Dallas,20220207,Hard,R32,2022,Cedrik Marcel Stebe,Denis Kudla,231.0,105.0,1,0.2806,0,0.2783,0,0.2616,0
Dallas,20220207,Hard,R32,2022,Mitchell Krueger,Yoshihito Nishioka,166.0,108.0,0,0.4398,0,0.3698,0,0.3852,0
Dallas,20220207,Hard,R32,2022,Adrian Mannarino,Steve Johnson,57.0,93.0,1,0.5162,1,0.5083,1,0.4744,0
Dallas,20220207,Hard,R32,2022,Kevin Anderson,Sam Querrey,101.0,118.0,1,0.5681,1,0.5934,1,0.6001,1
Dallas,20220207,Hard,R32,2022,Vasek Pospisil,Caleb Chakravarthi,150.0,,1,0.7485,1,0.7846,1,0.8035,1
Dallas,20220207,Hard,R32,2022,Jurij Rodionov,Maxime Cressy,153.0,59.0,1,0.2768,0,0.3035,0,0.301,0
Dallas,20220207,Hard,R32,2022,John Millman,Brandon Nakashima,89.0,82.0,0,0.3593,0,0.3386,0,0.3039,0
Dallas,20220207,Hard,R32,2022,Feliciano Lopez,Jordan Thompson,102.0,83.0,0,0.3609,0,0.3473,0,0.295,0
Dallas,20220207,Hard,R32,2022,Andreas Seppi,Daniel Altmaier,100.0,81.0,1,0.3522,0,0.3564,0,0.3173,0
Dallas,20220207,Hard,R32,2022,Tennys Sandgren,Marcos Giron,163.0,70.0,0,0.3773,0,0.3373,0,0.3568,0
Dallas,20220207,Hard,R32,2022,Peter Gojowczyk,Liam Broady,97.0,121.0,0,0.5355,1,0.5684,1,0.5693,1
Dallas,20220207,Hard,R32,2022,Jack Sock,Oscar Otte,147.0,84.0,1,0.3393,0,0.3119,0,0.3065,0
Dallas,20220207,Hard,R16,2022,Cedrik Marcel Stebe,Reilly Opelka,231.0,23.0,0,0.1218,0,0.1776,0,0.1371,0
Dallas,20220207,Hard,R16,2022,Adrian Mannarino,Yoshihito Nishioka,57.0,108.0,1,0.6758,1,0.6752,1,0.6252,1
Dallas,20220207,Hard,R16,2022,John Isner,Kevin Anderson,26.0,101.0,1,0.7055,1,0.7061,1,0.6936,1
Dallas,20220207,Hard,R16,2022,Vasek Pospisil,Jurij Rodionov,150.0,153.0,1,0.4318,0,0.4331,0,0.4086,0
Dallas,20220207,Hard,R16,2022,Jordan Thompson,Brandon Nakashima,83.0,82.0,1,0.402,0,0.3976,0,0.4011,0
Dallas,20220207,Hard,R16,2022,Andreas Seppi,Jenson Brooksby,100.0,54.0,0,0.307,0,0.327,0,0.384,0
Dallas,20220207,Hard,R16,2022,Marcos Giron,Liam Broady,70.0,121.0,1,0.5573,1,0.5823,1,0.5676,1
Dallas,20220207,Hard,R16,2022,Jack Sock,Taylor Fritz,147.0,19.0,0,0.1991,0,0.231,0,0.2193,0
Dallas,20220207,Hard,QF,2022,Adrian Mannarino,Reilly Opelka,57.0,23.0,0,0.3231,0,0.3697,0,0.2931,0
Dallas,20220207,Hard,QF,2022,John Isner,Vasek Pospisil,26.0,150.0,1,0.7441,1,0.7376,1,0.7791,1
Dallas,20220207,Hard,QF,2022,Jordan Thompson,Jenson Brooksby,83.0,54.0,0,0.4358,0,0.3809,0,0.4805,0
Dallas,20220207,Hard,QF,2022,Marcos Giron,Taylor Fritz,70.0,19.0,1,0.2305,0,0.2674,0,0.2061,0
Dallas,20220207,Hard,SF,2022,John Isner,Reilly Opelka,26.0,23.0,0,0.4062,0,0.4074,0,0.3609,0
Dallas,20220207,Hard,SF,2022,Marcos Giron,Jenson Brooksby,70.0,54.0,0,0.4037,0,0.3871,0,0.385,0
Dallas,20220207,Hard,F,2022,Reilly Opelka,Jenson Brooksby,23.0,54.0,1,0.6427,1,0.5813,1,0.4439,0
Buenos Aires,20220207,Clay,R32,2022,Jaume Munar,Tomas Martin Etcheverry,90.0,127.0,1,0.51,1,0.5205,1,0.539,1
Buenos Aires,20220207,Clay,R32,2022,Facundo Bagnis,Francisco Cerundolo,76.0,107.0,0,0.5482,1,0.6065,1,0.6165,1
Buenos Aires,20220207,Clay,R32,2022,Laslo Djere,Miomir Kecmanovic,56.0,64.0,0,0.5452,1,0.5391,1,0.5426,1
Buenos Aires,20220207,Clay,R32,2022,Sebastian Baez,Holger Rune,74.0,88.0,1,0.578,1,0.5992,1,0.5615,1
Buenos Aires,20220207,Clay,R32,2022,Fernando Verdasco,Hugo Dellien,201.0,103.0,1,0.388,0,0.4004,0,0.3978,0
Buenos Aires,20220207,Clay,R32,2022,Albert Ramos,Thiago Monteiro,32.0,104.0,0,0.6896,1,0.6944,1,0.7487,1
Buenos Aires,20220207,Clay,R32,2022,Juan Martin del Potro,Federico Delbonis,753.0,42.0,0,0.069,0,0.1663,0,0.1771,0
Buenos Aires,20220207,Clay,R32,2022,Pablo Andujar,Juan Ignacio Londero,73.0,130.0,1,0.5572,1,0.5961,1,0.6147,1
Buenos Aires,20220207,Clay,R32,2022,Pedro Martinez,Alejandro Tabilo,61.0,112.0,1,0.484,0,0.5287,1,0.5812,1
Buenos Aires,20220207,Clay,R32,2022,Benoit Paire,Dusan Lajovic,50.0,37.0,0,0.5026,1,0.4607,0,0.4869,0
Buenos Aires,20220207,Clay,R32,2022,Pablo Cuevas,Federico Coria,96.0,65.0,0,0.4138,0,0.3934,0,0.427,0
Buenos Aires,20220207,Clay,R32,2022,Roberto Carballes Baena,Nicolas Jarry,78.0,145.0,1,0.5801,1,0.6374,1,0.6263,1
Buenos Aires,20220207,Clay,R16,2022,Diego Schwartzman,Jaume Munar,15.0,90.0,1,0.6476,1,0.7195,1,0.7342,1
Buenos Aires,20220207,Clay,R16,2022,Miomir Kecmanovic,Francisco Cerundolo,64.0,107.0,0,0.6177,1,0.5709,1,0.5826,1
Buenos Aires,20220207,Clay,R16,2022,Lorenzo Sonego,Sebastian Baez,22.0,74.0,1,0.6571,1,0.6267,1,0.636,1
Buenos Aires,20220207,Clay,R16,2022,Fernando Verdasco,Thiago Monteiro,201.0,104.0,1,0.3179,0,0.3301,0,0.2325,0
Buenos Aires,20220207,Clay,R16,2022,Pablo Andujar,Federico Delbonis,73.0,42.0,0,0.4179,0,0.4223,0,0.4047,0
Buenos Aires,20220207,Clay,R16,2022,Fabio Fognini,Pedro Martinez,40.0,61.0,1,0.4468,0,0.4577,0,0.4112,0
Buenos Aires,20220207,Clay,R16,2022,Dusan Lajovic,Federico Coria,37.0,65.0,0,0.5259,1,0.5109,1,0.5197,1
Buenos Aires,20220207,Clay,R16,2022,Roberto Carballes Baena,Casper Ruud,78.0,8.0,0,0.1568,0,0.0862,0,0.0491,0
Buenos Aires,20220207,Clay,QF,2022,Diego Schwartzman,Francisco Cerundolo,15.0,107.0,1,0.7278,1,0.8003,1,0.7661,1
Buenos Aires,20220207,Clay,QF,2022,Fernando Verdasco,Lorenzo Sonego,201.0,22.0,0,0.1561,0,0.1683,0,0.1905,0
Buenos Aires,20220207,Clay,QF,2022,Fabio Fognini,Federico Delbonis,40.0,42.0,0,0.4191,0,0.4227,0,0.3892,0
Buenos Aires,20220207,Clay,QF,2022,Federico Coria,Casper Ruud,65.0,8.0,0,0.1585,0,0.105,0,0.1049,0
Buenos Aires,20220207,Clay,SF,2022,Diego Schwartzman,Lorenzo Sonego,15.0,22.0,1,0.4812,0,0.4954,0,0.4521,0
Buenos Aires,20220207,Clay,SF,2022,Federico Delbonis,Casper Ruud,42.0,8.0,0,0.2302,0,0.2094,0,0.2108,0
Buenos Aires,20220207,Clay,F,2022,Diego Schwartzman,Casper Ruud,15.0,8.0,0,0.297,0,0.2746,0,0.2946,0
Doha,20220214,Hard,R32,2022,Andy Murray,Taro Daniel,87.0,110.0,1,0.5148,1,0.5538,1,0.5575,1
Doha,20220214,Hard,R32,2022,Malek Jaziri,Alejandro Davidovich Fokina,303.0,47.0,0,0.2408,0,0.2929,0,0.1921,0
Doha,20220214,Hard,R32,2022,Daniel Evans,Egor Gerasimov,28.0,124.0,1,0.6582,1,0.6918,1,0.6654,1
Doha,20220214,Hard,R32,2022,Thomas Fabbiano,Botic Van De Zandschulp,192.0,50.0,0,0.1596,0,0.2043,0,0.2041,0
Doha,20220214,Hard,R32,2022,David Goffin,Emil Ruusuvuori,48.0,71.0,0,0.3946,0,0.4137,0,0.415,0
Doha,20220214,Hard,R32,2022,Mackenzie Mcdonald,Karen Khachanov,51.0,27.0,0,0.3461,0,0.3139,0,0.3507,0
Doha,20220214,Hard,R32,2022,Marton Fucsovics,Lloyd Harris,36.0,35.0,1,0.5002,1,0.481,0,0.5052,1
Doha,20220214,Hard,R32,2022,Christopher Eubanks,Soon Woo Kwon,167.0,55.0,0,0.2953,0,0.2772,0,0.3787,0
Doha,20220214,Hard,R32,2022,Joao Sousa,Elias Ymer,86.0,138.0,0,0.526,1,0.5115,1,0.4872,0
Doha,20220214,Hard,R32,2022,Jozef Kovalik,Alexander Bublik,183.0,31.0,0,0.2041,0,0.2529,0,0.2107,0
Doha,20220214,Hard,R32,2022,Jiri Vesely,Arthur Rinderknech,121.0,61.0,0,0.314,0,0.2875,0,0.3482,0
Doha,20220214,Hard,R32,2022,Christopher Oconnell,Alex Molcan,148.0,73.0,0,0.3944,0,0.3479,0,0.3589,0
Doha,20220214,Hard,R16,2022,Andy Murray,Roberto Bautista Agut,87.0,16.0,0,0.3482,0,0.3326,0,0.309,0
Doha,20220214,Hard,R16,2022,Daniel Evans,Alejandro Davidovich Fokina,28.0,47.0,0,0.5846,1,0.5874,1,0.614,1
Doha,20220214,Hard,R16,2022,Marin Cilic,Botic Van De Zandschulp,24.0,50.0,1,0.5621,1,0.5285,1,0.4978,0
Doha,20220214,Hard,R16,2022,Karen Khachanov,Emil Ruusuvuori,27.0,71.0,1,0.5783,1,0.5696,1,0.5516,1
Doha,20220214,Hard,R16,2022,Marton Fucsovics,Soon Woo Kwon,36.0,55.0,1,0.4989,0,0.4659,0,0.4783,0
Doha,20220214,Hard,R16,2022,Nikoloz Basilashvili,Elias Ymer,22.0,138.0,1,0.5239,1,0.6097,1,0.6243,1
Doha,20220214,Hard,R16,2022,Alexander Bublik,Arthur Rinderknech,31.0,61.0,0,0.5747,1,0.5481,1,0.5109,1
Doha,20220214,Hard,R16,2022,Denis Shapovalov,Alex Molcan,12.0,73.0,1,0.7208,1,0.6901,1,0.6726,1
Doha,20220214,Hard,QF,2022,Roberto Bautista Agut,Alejandro Davidovich Fokina,16.0,47.0,1,0.6519,1,0.6855,1,0.7208,1
Doha,20220214,Hard,QF,2022,Marin Cilic,Karen Khachanov,24.0,27.0,0,0.4811,0,0.5141,1,0.4923,0
Doha,20220214,Hard,QF,2022,Marton Fucsovics,Nikoloz Basilashvili,36.0,22.0,0,0.5173,1,0.4649,0,0.4785,0
Doha,20220214,Hard,QF,2022,Arthur Rinderknech,Denis Shapovalov,61.0,12.0,1,0.3424,0,0.3211,0,0.2759,0
Doha,20220214,Hard,SF,2022,Roberto Bautista Agut,Karen Khachanov,16.0,27.0,1,0.4868,0,0.5105,1,0.4484,0
Doha,20220214,Hard,SF,2022,Nikoloz Basilashvili,Arthur Rinderknech,22.0,61.0,1,0.4559,0,0.5244,1,0.4145,0
Doha,20220214,Hard,F,2022,Roberto Bautista Agut,Nikoloz Basilashvili,16.0,22.0,1,0.6254,1,0.6492,1,0.7016,1
Marseille,20220214,Hard,R32,2022,Richard Gasquet,Mikael Ymer,76.0,75.0,1,0.4333,0,0.4257,0,0.3905,0
Marseille,20220214,Hard,R32,2022,Radu Albot,Dennis Novak,97.0,128.0,1,0.6131,1,0.6243,1,0.6215,1
Marseille,20220214,Hard,R32,2022,Lucas Pouille,Tallon Griekspoor,154.0,60.0,1,0.2955,0,0.2928,0,0.3672,0
Marseille,20220214,Hard,R32,2022,Zizou Bergs,Holger Rune,169.0,90.0,0,0.3478,0,0.346,0,0.3485,0
Marseille,20220214,Hard,R32,2022,Mikhail Kukushkin,Pierre Hugues Herbert,168.0,109.0,0,0.3222,0,0.3057,0,0.3256,0
Marseille,20220214,Hard,R32,2022,Kamil Majchrzak,Benjamin Bonzi,79.0,69.0,0,0.6273,1,0.6099,1,0.5613,1
Marseille,20220214,Hard,R32,2022,Norbert Gombos,Ilya Ivashka,114.0,49.0,0,0.3679,0,0.2894,0,0.292,0
Marseille,20220214,Hard,R32,2022,Stefano Travaglia,Henri Laaksonen,119.0,84.0,1,0.3956,0,0.3431,0,0.3327,0
Marseille,20220214,Hard,R32,2022,Gilles Simon,Jo-Wilfried Tsonga,132.0,243.0,0,0.6084,1,0.6109,1,0.6493,1
Marseille,20220214,Hard,R32,2022,Roman Safiullin,Alexei Popyrin,163.0,66.0,1,0.3842,0,0.4236,0,0.4182,0
Marseille,20220214,Hard,R32,2022,Damir Dzumhur,Tomas Machac,140.0,115.0,0,0.3717,0,0.3719,0,0.3444,0
Marseille,20220214,Hard,R32,2022,Corentin Moutet,Hugo Gaston,107.0,68.0,0,0.589,1,0.5582,1,0.5701,1
Marseille,20220214,Hard,R16,2022,Richard Gasquet,Andrey Rublev,76.0,7.0,0,0.1614,0,0.2068,0,0.2016,0
Marseille,20220214,Hard,R16,2022,Radu Albot,Lucas Pouille,97.0,154.0,0,0.6205,1,0.6386,1,0.6071,1
Marseille,20220214,Hard,R16,2022,Aslan Karatsev,Holger Rune,15.0,90.0,1,0.7532,1,0.8216,1,0.774,1
Marseille,20220214,Hard,R16,2022,Pierre Hugues Herbert,Benjamin Bonzi,109.0,69.0,0,0.5356,1,0.5641,1,0.5893,1
Marseille,20220214,Hard,R16,2022,Stefano Travaglia,Ilya Ivashka,119.0,49.0,0,0.3,0,0.2654,0,0.2651,0
Marseille,20220214,Hard,R16,2022,Jo-Wilfried Tsonga,Felix Auger Aliassime,243.0,9.0,0,0.0894,0,0.1139,0,0.2005,0
Marseille,20220214,Hard,R16,2022,Roman Safiullin,Tomas Machac,163.0,115.0,1,0.363,0,0.3227,0,0.3391,0
Marseille,20220214,Hard,R16,2022,Stefanos Tsitsipas,Hugo Gaston,4.0,68.0,1,0.9345,1,0.9125,1,0.9772,1
Marseille,20220214,Hard,QF,2022,Lucas Pouille,Andrey Rublev,154.0,7.0,0,0.0998,0,0.0675,0,0.0674,0
Marseille,20220214,Hard,QF,2022,Aslan Karatsev,Benjamin Bonzi,15.0,69.0,0,0.7391,1,0.8208,1,0.7888,1
Marseille,20220214,Hard,QF,2022,Ilya Ivashka,Felix Auger Aliassime,49.0,9.0,0,0.244,0,0.2973,0,0.3002,0
Marseille,20220214,Hard,QF,2022,Roman Safiullin,Stefanos Tsitsipas,163.0,4.0,1,0.0635,0,0.0757,0,0.0376,0
Marseille,20220214,Hard,SF,2022,Andrey Rublev,Benjamin Bonzi,7.0,69.0,1,0.8502,1,0.8513,1,0.8293,1
Marseille,20220214,Hard,SF,2022,Roman Safiullin,Felix Auger Aliassime,163.0,9.0,0,0.1373,0,0.1349,0,0.1329,0
Marseille,20220214,Hard,F,2022,Andrey Rublev,Felix Auger Aliassime,7.0,9.0,1,0.5183,1,0.5028,1,0.4497,0
Delray Beach,20220214,Hard,R32,2022,Jack Sock,Daniel Altmaier,141.0,82.0,1,0.5013,1,0.5452,1,0.5657,1
Delray Beach,20220214,Hard,R32,2022,Denis Kudla,Brandon Nakashima,105.0,81.0,0,0.3426,0,0.3179,0,0.3244,0
Delray Beach,20220214,Hard,R32,2022,Adrian Mannarino,Liam Broady,53.0,116.0,1,0.569,1,0.5539,1,0.5591,1
Delray Beach,20220214,Hard,R32,2022,Mitchell Krueger,Jordan Thompson,164.0,83.0,1,0.2807,0,0.2895,0,0.3335,0
Delray Beach,20220214,Hard,R32,2022,Tennys Sandgren,Marcos Giron,161.0,64.0,0,0.3155,0,0.2907,0,0.3456,0
Delray Beach,20220214,Hard,R32,2022,John Millman,Maxime Cressy,91.0,59.0,1,0.2891,0,0.2905,0,0.3243,0
Delray Beach,20220214,Hard,R32,2022,Emilio Gomez,Stefan Kozlov,149.0,151.0,0,0.3934,0,0.4258,0,0.3828,0
Delray Beach,20220214,Hard,R32,2022,Kevin Anderson,Steve Johnson,93.0,99.0,0,0.4582,0,0.4427,0,0.4943,0
Delray Beach,20220214,Hard,R32,2022,Denis Istomin,Sam Querrey,267.0,117.0,1,0.3562,0,0.3501,0,0.478,0
Delray Beach,20220214,Hard,R32,2022,Thanasi Kokkinakis,Sebastian Korda,94.0,43.0,0,0.4562,0,0.4808,0,0.5208,1
Delray Beach,20220214,Hard,R32,2022,Andreas Seppi,Peter Gojowczyk,123.0,96.0,1,0.449,0,0.3936,0,0.4243,0
Delray Beach,20220214,Hard,R32,2022,Oscar Otte,Yoshihito Nishioka,85.0,108.0,1,0.6585,1,0.6583,1,0.6787,1
Delray Beach,20220214,Hard,R16,2022,Jack Sock,Reilly Opelka,141.0,20.0,0,0.261,0,0.2887,0,0.2421,0
Delray Beach,20220214,Hard,R16,2022,Adrian Mannarino,Brandon Nakashima,53.0,81.0,1,0.4346,0,0.447,0,0.3451,0
Delray Beach,20220214,Hard,R16,2022,Grigor Dimitrov,Mitchell Krueger,26.0,164.0,1,0.8165,1,0.8482,1,0.8498,1
Delray Beach,20220214,Hard,R16,2022,John Millman,Marcos Giron,91.0,64.0,1,0.4059,0,0.3633,0,0.3879,0
Delray Beach,20220214,Hard,R16,2022,Steve Johnson,Stefan Kozlov,99.0,151.0,0,0.5371,1,0.5404,1,0.523,1
Delray Beach,20220214,Hard,R16,2022,Denis Istomin,Tommy Paul,267.0,41.0,0,0.1415,0,0.1839,0,0.1181,0
Delray Beach,20220214,Hard,R16,2022,Andreas Seppi,Sebastian Korda,123.0,43.0,0,0.2331,0,0.2565,0,0.1952,0
Delray Beach,20220214,Hard,R16,2022,Oscar Otte,Cameron Norrie,85.0,13.0,0,0.3377,0,0.3119,0,0.2503,0
Delray Beach,20220214,Hard,QF,2022,Adrian Mannarino,Reilly Opelka,53.0,20.0,0,0.2894,0,0.3147,0,0.3025,0
Delray Beach,20220214,Hard,QF,2022,John Millman,Grigor Dimitrov,91.0,26.0,1,0.2983,0,0.294,0,0.2925,0
Delray Beach,20220214,Hard,QF,2022,Stefan Kozlov,Tommy Paul,151.0,41.0,0,0.329,0,0.2474,0,0.2402,0
Delray Beach,20220214,Hard,QF,2022,Cameron Norrie,Sebastian Korda,13.0,43.0,1,0.5262,1,0.5292,1,0.4805,0
Delray Beach,20220214,Hard,SF,2022,John Millman,Reilly Opelka,91.0,20.0,0,0.2235,0,0.2905,0,0.1928,0
Delray Beach,20220214,Hard,SF,2022,Cameron Norrie,Tommy Paul,13.0,41.0,1,0.5785,1,0.6041,1,0.5366,1
Delray Beach,20220214,Hard,F,2022,Cameron Norrie,Reilly Opelka,13.0,20.0,1,0.4538,0,0.5623,1,0.499,0
Rio de Janeiro,20220214,Clay,R32,2022,Benoit Paire,Francisco Cerundolo,52.0,100.0,0,0.4875,0,0.4999,0,0.4605,0
Rio de Janeiro,20220214,Clay,R32,2022,Miomir Kecmanovic,Felipe Meligeni Alves,70.0,224.0,1,0.5721,1,0.7057,1,0.7406,1
Rio de Janeiro,20220214,Clay,R32,2022,Laslo Djere,Lorenzo Sonego,56.0,21.0,0,0.3692,0,0.3357,0,0.2764,0
Rio de Janeiro,20220214,Clay,R32,2022,Pedro Martinez,Juncheng Shang,62.0,663.0,1,0.9023,1,0.9021,1,0.92,1
Rio de Janeiro,20220214,Clay,R32,2022,Pablo Cuevas,Pablo Andujar,104.0,74.0,0,0.3834,0,0.3613,0,0.3432,0
Rio de Janeiro,20220214,Clay,R32,2022,Albert Ramos,Juan Ignacio Londero,33.0,144.0,1,0.7158,1,0.7339,1,0.716,1
Rio de Janeiro,20220214,Clay,R32,2022,Federico Coria,Cristian Garin,63.0,19.0,1,0.3648,0,0.3537,0,0.3682,0
Rio de Janeiro,20220214,Clay,R32,2022,Fernando Verdasco,Dusan Lajovic,172.0,39.0,1,0.377,0,0.4211,0,0.4607,0
Rio de Janeiro,20220214,Clay,R32,2022,Fabio Fognini,Facundo Bagnis,38.0,77.0,1,0.5546,1,0.5288,1,0.5258,1
Rio de Janeiro,20220214,Clay,R32,2022,Jaume Munar,Carlos Alcaraz,89.0,29.0,0,0.3291,0,0.2463,0,0.2897,0
Rio de Janeiro,20220214,Clay,R32,2022,Federico Delbonis,Daniel Elahi Galan,37.0,112.0,1,0.5631,1,0.5853,1,0.5843,1
Rio de Janeiro,20220214,Clay,R32,2022,Thiago Monteiro,Sebastian Baez,106.0,72.0,1,0.4333,0,0.3988,0,0.4459,0
Rio de Janeiro,20220214,Clay,R16,2022,Roberto Carballes Baena,Francisco Cerundolo,78.0,100.0,0,0.4803,0,0.458,0,0.4357,0
Rio de Janeiro,20220214,Clay,R16,2022,Lorenzo Sonego,Miomir Kecmanovic,21.0,70.0,0,0.6531,1,0.7013,1,0.6739,1
Rio de Janeiro,20220214,Clay,R16,2022,Diego Schwartzman,Pedro Martinez,14.0,62.0,1,0.631,1,0.6489,1,0.6002,1
Rio de Janeiro,20220214,Clay,R16,2022,Pablo Andujar,Albert Ramos,74.0,33.0,1,0.3595,0,0.3305,0,0.3288,0
Rio de Janeiro,20220214,Clay,R16,2022,Fernando Verdasco,Federico Coria,172.0,63.0,0,0.3556,0,0.3286,0,0.2929,0
Rio de Janeiro,20220214,Clay,R16,2022,Fabio Fognini,Pablo Carreno Busta,38.0,18.0,1,0.2858,0,0.2311,0,0.2812,0
Rio de Janeiro,20220214,Clay,R16,2022,Federico Delbonis,Carlos Alcaraz,37.0,29.0,0,0.4186,0,0.3651,0,0.303,0
Rio de Janeiro,20220214,Clay,R16,2022,Thiago Monteiro,Matteo Berrettini,106.0,6.0,0,0.126,0,0.1145,0,0.0951,0
Rio de Janeiro,20220214,Clay,QF,2022,Miomir Kecmanovic,Francisco Cerundolo,70.0,100.0,0,0.5502,1,0.5096,1,0.496,0
Rio de Janeiro,20220214,Clay,QF,2022,Pablo Andujar,Diego Schwartzman,74.0,14.0,0,0.3145,0,0.266,0,0.2326,0
Rio de Janeiro,20220214,Clay,QF,2022,Fabio Fognini,Federico Coria,38.0,63.0,1,0.486,0,0.4774,0,0.4532,0
Rio de Janeiro,20220214,Clay,QF,2022,Matteo Berrettini,Carlos Alcaraz,6.0,29.0,0,0.7299,1,0.7145,1,0.7755,1
Rio de Janeiro,20220214,Clay,SF,2022,Diego Schwartzman,Francisco Cerundolo,14.0,100.0,1,0.6816,1,0.7659,1,0.7787,1
Rio de Janeiro,20220214,Clay,SF,2022,Fabio Fognini,Carlos Alcaraz,38.0,29.0,0,0.3235,0,0.2956,0,0.2162,0
Rio de Janeiro,20220214,Clay,F,2022,Diego Schwartzman,Carlos Alcaraz,14.0,29.0,0,0.4893,0,0.4619,0,0.3703,0
Dubai,20220221,Hard,R32,2022,Daniel Evans,Andrey Rublev,28.0,7.0,0,0.226,0,0.2218,0,0.2531,0
Dubai,20220221,Hard,R32,2022,Ilya Ivashka,Soon Woo Kwon,45.0,60.0,0,0.5616,1,0.6049,1,0.609,1
Dubai,20220221,Hard,R32,2022,Malek Jaziri,Filip Krajinovic,297.0,44.0,0,0.2215,0,0.3008,0,0.2847,0
Dubai,20220221,Hard,R32,2022,Aslan Karatsev,Mackenzie Mcdonald,22.0,61.0,0,0.6563,1,0.651,1,0.6236,1
Dubai,20220221,Hard,R32,2022,Alejandro Davidovich Fokina,Jannik Sinner,43.0,10.0,0,0.2169,0,0.1934,0,0.2155,0
Dubai,20220221,Hard,R32,2022,Andy Murray,Christopher Oconnell,89.0,158.0,1,0.6229,1,0.6742,1,0.6653,1
Dubai,20220221,Hard,R32,2022,Alex Molcan,Lloyd Harris,69.0,35.0,1,0.4685,0,0.4714,0,0.5559,1
Dubai,20220221,Hard,R32,2022,Alexander Bublik,Hubert Hurkacz,30.0,11.0,0,0.3661,0,0.4322,0,0.4435,0
Dubai,20220221,Hard,R32,2022,Marton Fucsovics,Denis Shapovalov,36.0,14.0,0,0.3358,0,0.325,0,0.3372,0
Dubai,20220221,Hard,R32,2022,David Goffin,Taro Daniel,48.0,111.0,0,0.5124,1,0.5313,1,0.3784,0
Dubai,20220221,Hard,R32,2022,Jan Lennard Struff,Ricardas Berankis,56.0,99.0,0,0.5422,1,0.5487,1,0.5989,1
Dubai,20220221,Hard,R32,2022,Nikoloz Basilashvili,Alexei Popyrin,19.0,66.0,0,0.5795,1,0.6205,1,0.576,1
Dubai,20220221,Hard,R32,2022,Roberto Bautista Agut,Arthur Rinderknech,15.0,53.0,1,0.5964,1,0.6151,1,0.6453,1
Dubai,20220221,Hard,R32,2022,Marin Cilic,Jiri Vesely,24.0,123.0,0,0.7549,1,0.81,1,0.8017,1
Dubai,20220221,Hard,R32,2022,Karen Khachanov,Alex De Minaur,26.0,32.0,1,0.5814,1,0.5926,1,0.6289,1
Dubai,20220221,Hard,R32,2022,Novak Djokovic,Lorenzo Musetti,1.0,58.0,1,0.8792,1,0.8429,1,0.9088,1
Dubai,20220221,Hard,R16,2022,Andrey Rublev,Soon Woo Kwon,7.0,60.0,1,0.8018,1,0.7819,1,0.8259,1
Dubai,20220221,Hard,R16,2022,Filip Krajinovic,Mackenzie Mcdonald,44.0,61.0,0,0.5341,1,0.5123,1,0.5038,1
Dubai,20220221,Hard,R16,2022,Andy Murray,Jannik Sinner,89.0,10.0,0,0.1918,0,0.2334,0,0.3188,0
Dubai,20220221,Hard,R16,2022,Hubert Hurkacz,Alex Molcan,11.0,69.0,1,0.7492,1,0.7042,1,0.7546,1
Dubai,20220221,Hard,R16,2022,Taro Daniel,Denis Shapovalov,111.0,14.0,0,0.2573,0,0.2566,0,0.2645,0
Dubai,20220221,Hard,R16,2022,Ricardas Berankis,Alexei Popyrin,99.0,66.0,1,0.4138,0,0.4386,0,0.5041,1
Dubai,20220221,Hard,R16,2022,Roberto Bautista Agut,Jiri Vesely,15.0,123.0,0,0.785,1,0.8322,1,0.7805,1
Dubai,20220221,Hard,R16,2022,Novak Djokovic,Karen Khachanov,1.0,26.0,1,0.8041,1,0.808,1,0.8701,1
Dubai,20220221,Hard,QF,2022,Mackenzie Mcdonald,Andrey Rublev,61.0,7.0,0,0.1684,0,0.1564,0,0.1668,0
Dubai,20220221,Hard,QF,2022,Hubert Hurkacz,Jannik Sinner,11.0,10.0,1,0.4254,0,0.3803,0,0.3849,0
Dubai,20220221,Hard,QF,2022,Ricardas Berankis,Denis Shapovalov,99.0,14.0,0,0.2255,0,0.2411,0,0.2021,0
Dubai,20220221,Hard,QF,2022,Novak Djokovic,Jiri Vesely,1.0,123.0,0,0.9345,1,0.8497,1,0.9252,1
Dubai,20220221,Hard,SF,2022,Andrey Rublev,Hubert Hurkacz,7.0,11.0,1,0.6071,1,0.6488,1,0.6559,1
Dubai,20220221,Hard,SF,2022,Jiri Vesely,Denis Shapovalov,123.0,14.0,1,0.1915,0,0.2023,0,0.2582,0
Dubai,20220221,Hard,F,2022,Jiri Vesely,Andrey Rublev,123.0,7.0,0,0.1112,0,0.0977,0,0.0702,0
Acapulco,20220221,Hard,R32,2022,Alexander Zverev,Jenson Brooksby,3.0,47.0,1,0.8599,1,0.7301,1,0.8815,1
Acapulco,20220221,Hard,R32,2022,Peter Gojowczyk,Brandon Nakashima,95.0,75.0,1,0.3383,0,0.3514,0,0.3272,0
Acapulco,20220221,Hard,R32,2022,Fernando Verdasco,John Isner,152.0,23.0,0,0.2185,0,0.2021,0,0.2026,0
Acapulco,20220221,Hard,R32,2022,Cameron Norrie,Daniel Altmaier,12.0,84.0,1,0.7555,1,0.8128,1,0.8071,1
Acapulco,20220221,Hard,R32,2022,Laslo Djere,Stefanos Tsitsipas,51.0,4.0,0,0.1107,0,0.1286,0,0.1185,0
Acapulco,20220221,Hard,R32,2022,Lorenzo Sonego,J J Wolf,21.0,209.0,0,0.8474,1,0.8427,1,0.8507,1
Acapulco,20220221,Hard,R32,2022,John Millman,Marcos Giron,80.0,59.0,0,0.4521,0,0.4373,0,0.4327,0
Acapulco,20220221,Hard,R32,2022,Pablo Carreno Busta,Oscar Otte,17.0,82.0,1,0.6591,1,0.7371,1,0.7837,1
Acapulco,20220221,Hard,R32,2022,Tommy Paul,Matteo Berrettini,39.0,6.0,1,0.2439,0,0.279,0,0.2517,0
Acapulco,20220221,Hard,R32,2022,Dusan Lajovic,Sebastian Korda,46.0,40.0,1,0.3168,0,0.3088,0,0.3525,0
Acapulco,20220221,Hard,R32,2022,Grigor Dimitrov,Stefan Kozlov,33.0,130.0,0,0.6095,1,0.5907,1,0.6059,1
Acapulco,20220221,Hard,R32,2022,Rafael Nadal,Denis Kudla,5.0,100.0,1,0.9285,1,0.9313,1,0.9675,1
Acapulco,20220221,Hard,R32,2022,Adrian Mannarino,Taylor Fritz,55.0,16.0,0,0.2917,0,0.2599,0,0.2587,0
Acapulco,20220221,Hard,R32,2022,Feliciano Lopez,Yoshihito Nishioka,114.0,103.0,0,0.4444,0,0.4211,0,0.4434,0
Acapulco,20220221,Hard,R32,2022,Pablo Andujar,Juan Alejandro Hernandez Serrano,68.0,566.0,1,0.8743,1,0.8763,1,0.8909,1
Acapulco,20220221,Hard,R32,2022,Benoit Paire,Daniil Medvedev,49.0,2.0,0,0.0557,0,0.07,0,0.0279,0
Acapulco,20220221,Hard,R16,2022,Alexander Zverev,Peter Gojowczyk,3.0,95.0,0,0.9458,1,0.9097,1,0.9551,1
Acapulco,20220221,Hard,R16,2022,John Isner,Cameron Norrie,23.0,12.0,0,0.3863,0,0.3489,0,0.4288,0
Acapulco,20220221,Hard,R16,2022,Stefanos Tsitsipas,J J Wolf,4.0,209.0,1,0.961,1,0.9619,1,0.9811,1
Acapulco,20220221,Hard,R16,2022,Pablo Carreno Busta,Marcos Giron,17.0,59.0,0,0.6622,1,0.6607,1,0.6957,1
Acapulco,20220221,Hard,R16,2022,Dusan Lajovic,Tommy Paul,46.0,39.0,0,0.3618,0,0.2974,0,0.2672,0
Acapulco,20220221,Hard,R16,2022,Rafael Nadal,Stefan Kozlov,5.0,130.0,1,0.8986,1,0.8842,1,0.9363,1
Acapulco,20220221,Hard,R16,2022,Yoshihito Nishioka,Taylor Fritz,103.0,16.0,1,0.1771,0,0.1573,0,0.1694,0
Acapulco,20220221,Hard,R16,2022,Pablo Andujar,Daniil Medvedev,68.0,2.0,0,0.0563,0,0.1203,0,0.0926,0
Acapulco,20220221,Hard,QF,2022,Peter Gojowczyk,Cameron Norrie,95.0,12.0,0,0.211,0,0.2292,0,0.2381,0
Acapulco,20220221,Hard,QF,2022,Marcos Giron,Stefanos Tsitsipas,59.0,4.0,0,0.117,0,0.1763,0,0.136,0
Acapulco,20220221,Hard,QF,2022,Rafael Nadal,Tommy Paul,5.0,39.0,1,0.8467,1,0.8792,1,0.8828,1
Acapulco,20220221,Hard,QF,2022,Yoshihito Nishioka,Daniil Medvedev,103.0,2.0,0,0.0334,0,0.065,0,0.0209,0
Acapulco,20220221,Hard,SF,2022,Cameron Norrie,Stefanos Tsitsipas,12.0,4.0,1,0.2403,0,0.2773,0,0.2548,0
Acapulco,20220221,Hard,SF,2022,Rafael Nadal,Daniil Medvedev,5.0,2.0,1,0.356,0,0.4583,0,0.4986,0
Acapulco,20220221,Hard,F,2022,Rafael Nadal,Cameron Norrie,5.0,12.0,1,0.7711,1,0.8192,1,0.8157,1
Santiago,20220221,Clay,R32,2022,Carlos Taberner,Juan Manuel Cerundolo,108.0,79.0,1,0.398,0,0.3829,0,0.4561,0
Santiago,20220221,Clay,R32,2022,Gonzalo Lama,Hugo Dellien,263.0,98.0,0,0.3221,0,0.3246,0,0.3561,0
Santiago,20220221,Clay,R32,2022,Facundo Bagnis,Bernabe Zapata Miralles,74.0,119.0,1,0.4958,0,0.5164,1,0.4938,0
Santiago,20220221,Clay,R32,2022,Thiago Monteiro,Nicolas Jarry,107.0,143.0,1,0.5895,1,0.6258,1,0.6114,1
Santiago,20220221,Clay,R32,2022,Juan Ignacio Londero,Tomas Martin Etcheverry,139.0,120.0,1,0.4155,0,0.4013,0,0.3984,0
Santiago,20220221,Clay,R32,2022,Juan Pablo Varillas,Sebastian Baez,117.0,78.0,0,0.5361,1,0.5877,1,0.6208,1
Santiago,20220221,Clay,R32,2022,Yannick Hanfmann,Federico Coria,115.0,62.0,1,0.4457,0,0.3824,0,0.4146,0
Santiago,20220221,Clay,R32,2022,Nicolas Kicker,Thiago Seyboth Wild,203.0,135.0,0,0.381,0,0.3414,0,0.3337,0
Santiago,20220221,Clay,R32,2022,Daniel Elahi Galan,Jaume Munar,104.0,93.0,0,0.5198,1,0.5174,1,0.5225,1
Santiago,20220221,Clay,R32,2022,Marco Cecchinato,Miomir Kecmanovic,90.0,63.0,0,0.3802,0,0.4014,0,0.4251,0
Santiago,20220221,Clay,R32,2022,Matheus Pucinelli De Almeida,Holger Rune,264.0,88.0,1,0.5057,1,0.3197,0,0.2616,0
Santiago,20220221,Clay,R32,2022,Renzo Olivo,Alejandro Tabilo,179.0,113.0,0,0.2218,0,0.2677,0,0.1909,0
Santiago,20220221,Clay,R16,2022,Albert Ramos,Carlos Taberner,31.0,108.0,1,0.662,1,0.6776,1,0.702,1
Santiago,20220221,Clay,R16,2022,Facundo Bagnis,Hugo Dellien,74.0,98.0,1,0.5784,1,0.6023,1,0.5797,1
Santiago,20220221,Clay,R16,2022,Federico Delbonis,Thiago Monteiro,37.0,107.0,0,0.6466,1,0.6501,1,0.6994,1
Santiago,20220221,Clay,R16,2022,Juan Ignacio Londero,Sebastian Baez,139.0,78.0,0,0.3906,0,0.3448,0,0.3481,0
Santiago,20220221,Clay,R16,2022,Yannick Hanfmann,Thiago Seyboth Wild,115.0,135.0,1,0.6477,1,0.6544,1,0.5644,1
Santiago,20220221,Clay,R16,2022,Pedro Martinez,Jaume Munar,72.0,93.0,1,0.5357,1,0.5647,1,0.6034,1
Santiago,20220221,Clay,R16,2022,Miomir Kecmanovic,Matheus Pucinelli De Almeida,63.0,264.0,1,0.6056,1,0.7394,1,0.8365,1
Santiago,20220221,Clay,R16,2022,Cristian Garin,Alejandro Tabilo,27.0,113.0,0,0.5792,1,0.6296,1,0.6397,1
Santiago,20220221,Clay,QF,2022,Albert Ramos,Facundo Bagnis,31.0,74.0,1,0.673,1,0.6699,1,0.6987,1
Santiago,20220221,Clay,QF,2022,Thiago Monteiro,Sebastian Baez,107.0,78.0,0,0.4608,0,0.4521,0,0.4583,0
Santiago,20220221,Clay,QF,2022,Yannick Hanfmann,Pedro Martinez,115.0,72.0,0,0.4479,0,0.4263,0,0.4169,0
Santiago,20220221,Clay,QF,2022,Alejandro Tabilo,Miomir Kecmanovic,113.0,63.0,1,0.4764,0,0.4812,0,0.463,0
Santiago,20220221,Clay,SF,2022,Albert Ramos,Sebastian Baez,31.0,78.0,0,0.6253,1,0.607,1,0.5794,1
Santiago,20220221,Clay,SF,2022,Pedro Martinez,Alejandro Tabilo,72.0,113.0,1,0.4994,0,0.5034,1,0.4793,0
Santiago,20220221,Clay,F,2022,Pedro Martinez,Sebastian Baez,72.0,78.0,1,0.5376,1,0.5559,1,0.5893,1
Davis Cup QLS R1: ARG vs CZE,20220304,Clay,RR,2022,Sebastian Baez,Jiri Lehecka,62.0,94.0,1,0.6274,1,0.6206,1,0.621,1
Davis Cup QLS R1: ARG vs CZE,20220304,Clay,RR,2022,Diego Schwartzman,Tomas Machac,14.0,131.0,1,0.7762,1,0.7066,1,0.748,1
Davis Cup QLS R1: ARG vs CZE,20220304,Clay,RR,2022,Federico Coria,Vit Kopriva,69.0,168.0,1,0.5101,1,0.551,1,0.6221,1
Davis Cup QLS R1: AUS vs HUN,20220304,Hard,RR,2022,Alex De Minaur,Zsombor Piros,30.0,240.0,1,0.6445,1,0.7545,1,0.8365,1
Davis Cup QLS R1: AUS vs HUN,20220304,Hard,RR,2022,Marton Fucsovics,Thanasi Kokkinakis,35.0,99.0,1,0.4616,0,0.5184,1,0.5323,1
Davis Cup QLS R1: AUS vs HUN,20220304,Hard,RR,2022,Marton Fucsovics,Alex De Minaur,35.0,30.0,0,0.4536,0,0.4257,0,0.4443,0
Davis Cup QLS R1: AUS vs HUN,20220304,Hard,RR,2022,Thanasi Kokkinakis,Zsombor Piros,99.0,240.0,1,0.6371,1,0.6821,1,0.7796,1
Davis Cup QLS R1: AUT vs KOR,20220304,Hard,RR,2022,Ji Sung Nam,Dennis Novak,462.0,143.0,0,0.3045,0,0.3261,0,0.1874,0
Davis Cup QLS R1: AUT vs KOR,20220304,Hard,RR,2022,Soon Woo Kwon,Jurij Rodionov,65.0,194.0,1,0.5764,1,0.5769,1,0.4133,0
Davis Cup QLS R1: AUT vs KOR,20220304,Hard,RR,2022,Dennis Novak,Soon Woo Kwon,143.0,65.0,0,0.272,0,0.2848,0,0.3299,0
Davis Cup QLS R1: BEL vs FIN,20220304,Hard,RR,2022,David Goffin,Otto Virtanen,68.0,405.0,1,0.5198,1,0.6702,1,0.7118,1
Davis Cup QLS R1: BEL vs FIN,20220304,Hard,RR,2022,Zizou Bergs,Emil Ruusuvuori,163.0,71.0,0,0.2236,0,0.2624,0,0.3055,0
Davis Cup QLS R1: BEL vs FIN,20220304,Hard,RR,2022,David Goffin,Emil Ruusuvuori,68.0,71.0,1,0.3258,0,0.3584,0,0.335,0
Davis Cup QLS R1: BEL vs FIN,20220304,Hard,RR,2022,Zizou Bergs,Otto Virtanen,163.0,405.0,1,0.3921,0,0.5872,1,0.5332,1
Davis Cup QLS R1: CAN vs NED,20220304,Clay,RR,2022,Botic Van De Zandschulp,Alexis Galarneau,48.0,332.0,1,0.8735,1,0.8694,1,0.8796,1
Davis Cup QLS R1: CAN vs NED,20220304,Clay,RR,2022,Steven Diez,Tallon Griekspoor,294.0,54.0,0,0.151,0,0.1848,0,0.1524,0
Davis Cup QLS R1: CAN vs NED,20220304,Clay,RR,2022,Robin Haase,Steven Diez,255.0,294.0,1,0.7788,1,0.6916,1,0.6008,1
Davis Cup QLS R1: ESP vs ROU,20220304,Clay,RR,2022,Roberto Bautista Agut,Gabi Adrian Boitan,15.0,721.0,1,0.9453,1,0.8913,1,0.8935,1
Davis Cup QLS R1: ESP vs ROU,20220304,Clay,RR,2022,Marius Copil,Carlos Alcaraz,261.0,19.0,0,0.0948,0,0.1824,0,0.072,0
Davis Cup QLS R1: ESP vs ROU,20220304,Clay,RR,2022,Roberto Bautista Agut,Marius Copil,15.0,261.0,1,0.866,1,0.8071,1,0.814,1
Davis Cup QLS R1: FRA vs ECU,20220304,Hard,RR,2022,Emilio Gomez,Arthur Rinderknech,144.0,59.0,0,0.2528,0,0.2839,0,0.2747,0
Davis Cup QLS R1: FRA vs ECU,20220304,Hard,RR,2022,Adrian Mannarino,Roberto Quiroz,58.0,381.0,1,0.8191,1,0.8053,1,0.843,1
Davis Cup QLS R1: FRA vs ECU,20220304,Hard,RR,2022,Benjamin Bonzi,Cayetano March,67.0,700.0,1,0.9056,1,0.8871,1,0.9067,1
Davis Cup QLS R1: GER vs BRA,20220304,Clay,RR,2022,Alexander Zverev,Thiago Seyboth Wild,3.0,216.0,1,0.9469,1,0.8901,1,0.9466,1
Davis Cup QLS R1: GER vs BRA,20220304,Clay,RR,2022,Jan Lennard Struff,Thiago Monteiro,60.0,114.0,0,0.5558,1,0.5984,1,0.6082,1
Davis Cup QLS R1: GER vs BRA,20220304,Clay,RR,2022,Alexander Zverev,Thiago Monteiro,3.0,114.0,1,0.9324,1,0.8728,1,0.9228,1
Davis Cup QLS R1: ITA vs SVK,20220304,Hard,RR,2022,Norbert Gombos,Jannik Sinner,110.0,11.0,0,0.1492,0,0.1694,0,0.1279,0
Davis Cup QLS R1: ITA vs SVK,20220304,Hard,RR,2022,Filip Horansky,Lorenzo Sonego,203.0,21.0,1,0.1339,0,0.1452,0,0.1591,0
Davis Cup QLS R1: ITA vs SVK,20220304,Hard,RR,2022,Filip Horansky,Jannik Sinner,203.0,11.0,0,0.0598,0,0.0577,0,0.0341,0
Davis Cup QLS R1: ITA vs SVK,20220304,Hard,RR,2022,Norbert Gombos,Lorenzo Musetti,110.0,57.0,0,0.3945,0,0.3997,0,0.4032,0
Davis Cup QLS R1: KAZ vs NOR,20220304,Hard,RR,2022,Mikhail Kukushkin,Casper Ruud,160.0,8.0,0,0.0955,0,0.0781,0,0.064,0
Davis Cup QLS R1: KAZ vs NOR,20220304,Hard,RR,2022,Alexander Bublik,Viktor Durasovic,32.0,321.0,1,0.821,1,0.7989,1,0.8099,1
Davis Cup QLS R1: KAZ vs NOR,20220304,Hard,RR,2022,Alexander Bublik,Casper Ruud,32.0,8.0,1,0.281,0,0.2369,0,0.2455,0
Davis Cup QLS R1: SWE vs JPN,20220304,Hard,RR,2022,Yosuke Watanuki,Dragos Nicolae Madaras,267.0,327.0,1,0.6658,1,0.5908,1,0.3592,0
Davis Cup QLS R1: SWE vs JPN,20220304,Hard,RR,2022,Taro Daniel,Elias Ymer,101.0,133.0,0,0.4744,0,0.4587,0,0.4631,0
Davis Cup QLS R1: SWE vs JPN,20220304,Hard,RR,2022,Taro Daniel,Dragos Nicolae Madaras,101.0,327.0,1,0.7905,1,0.7593,1,0.7381,1
Davis Cup QLS R1: SWE vs JPN,20220304,Hard,RR,2022,Elias Ymer,Yosuke Watanuki,133.0,267.0,1,0.6892,1,0.6901,1,0.7487,1
Davis Cup QLS R1: USA vs COL,20220304,Hard,RR,2022,Sebastian Korda,Nicolas Mejia,40.0,265.0,1,0.8589,1,0.8363,1,0.8007,1
Davis Cup QLS R1: USA vs COL,20220304,Hard,RR,2022,Alejandro Gonzalez,Taylor Fritz,453.0,20.0,0,0.0681,0,0.1475,0,0.1402,0
Davis Cup QLS R1: USA vs COL,20220304,Hard,RR,2022,Tommy Paul,Nicolas Mejia,39.0,265.0,1,0.8414,1,0.8243,1,0.8476,1
Davis Cup WG1 PO: CHI vs SLO,20220304,Clay,RR,2022,Alejandro Tabilo,Bor Artnak,98.0,1777.0,1,0.9659,1,0.744,1,0.9211,1
Davis Cup WG1 PO: CHI vs SLO,20220304,Clay,RR,2022,Blaz Rola,Nicolas Jarry,179.0,146.0,0,0.4094,0,0.3877,0,0.2985,0
Davis Cup WG1 PO: CHI vs SLO,20220304,Clay,RR,2022,Diego Fernandez Flores,Sebastian Dominko,832.0,1637.0,1,0.793,1,0.6732,1,0.7236,1
Davis Cup WG1 PO: IND vs DEN,20220304,Grass,RR,2022,Ramkumar Ramanathan,Christian Sigsgaard,170.0,824.0,1,0.7788,1,0.7458,1,0.8065,1
Davis Cup WG1 PO: IND vs DEN,20220304,Grass,RR,2022,Yuki Bhambri,Mikael Torpegaard,590.0,305.0,1,0.4232,0,0.3939,0,0.4349,0
Davis Cup WG1 PO: IND vs DEN,20220304,Grass,RR,2022,Ramkumar Ramanathan,Johannes Ingildsen,170.0,785.0,1,0.9436,1,0.756,1,0.8082,1
Davis Cup WG1 PO: PAK vs LTU,20220304,Grass,RR,2022,Aqeel Khan,Laurynas Grigelis,,1016.0,1,0.6483,1,0.5793,1,0.6037,1
Davis Cup WG1 PO: PAK vs LTU,20220304,Grass,RR,2022,Ricardas Berankis,Muhammad Shoaib,86.0,,1,0.7488,1,0.8468,1,0.9136,1
Davis Cup WG1 PO: PAK vs LTU,20220304,Grass,RR,2022,Aqeel Khan,Ricardas Berankis,,86.0,0,0.5718,1,0.4044,0,0.2797,0
Davis Cup WG1 PO: PAK vs LTU,20220304,Grass,RR,2022,Aisam Ul Haq Qureshi,Edas Butvilas,,2119.0,1,0.5675,1,0.6734,1,0.5982,1
Davis Cup WG1 PO: UZB vs TUR,20220304,Hard,RR,2022,Cem Ilkel,Sanjar Fayziev,189.0,510.0,0,0.7325,1,0.6885,1,0.779,1
Davis Cup WG1 PO: UZB vs TUR,20220304,Hard,RR,2022,Altug Celikbilek,Sergey Fomin,159.0,821.0,1,0.9164,1,0.8583,1,0.9101,1
Davis Cup WG1 PO: UZB vs TUR,20220304,Hard,RR,2022,Sanjar Fayziev,Altug Celikbilek,510.0,159.0,0,0.1637,0,0.298,0,0.3506,0
Davis Cup WG1 PO: UZB vs TUR,20220304,Hard,RR,2022,Cem Ilkel,Sergey Fomin,189.0,821.0,1,0.8411,1,0.8108,1,0.8515,1
Davis Cup WG2 PO: EGY vs CYP,20220304,Clay,RR,2022,Mohamed Safwat,Menelaos Efstathiou,355.0,1041.0,1,0.7763,1,0.7485,1,0.7905,1
Davis Cup WG2 PO: EGY vs CYP,20220304,Clay,RR,2022,Karim Mohamed Maamoun,Petros Chrysochos,626.0,486.0,0,0.3978,0,0.3491,0,0.3361,0
Davis Cup WG2 PO: EGY vs CYP,20220304,Clay,RR,2022,Mohamed Safwat,Petros Chrysochos,355.0,486.0,1,0.543,1,0.5981,1,0.5711,1
Davis Cup WG2 PO: EGY vs CYP,20220304,Clay,RR,2022,Amr Elsayed Abdou Ahmed Mohamed,Stylianos Christodoulou,1237.0,1445.0,1,0.6309,1,0.6219,1,0.5599,1
Davis Cup WG2 PO: GRE vs JAM,20220304,Clay,RR,2022,Michail Pervolarakis,Rowland Phillips,402.0,1390.0,0,0.9217,1,0.84,1,0.932,1
Davis Cup WG2 PO: GRE vs JAM,20220304,Clay,RR,2022,Petros Tsitsipas,Blaise Bicknell,808.0,1130.0,0,0.6467,1,0.6757,1,0.6136,1
Davis Cup WG2 PO: GRE vs JAM,20220304,Clay,RR,2022,Blaise Bicknell,Aristotelis Thanos,1130.0,1103.0,0,0.5225,1,0.4372,0,0.4258,0
Davis Cup WG2 PO: GRE vs JAM,20220304,Clay,RR,2022,Petros Tsitsipas,Rowland Phillips,808.0,1390.0,1,0.8157,1,0.746,1,0.8031,1
Davis Cup WG2 PO: HKG vs BEN,20220304,Hard,RR,2022,Alexis Klegou,Hong Kit Jack Wong,1881.0,1059.0,0,0.1737,0,0.2984,0,0.4247,0
Davis Cup WG2 PO: HKG vs BEN,20220304,Hard,RR,2022,Delmas Ntcha,Coleman Wong,,1050.0,0,0.6871,1,0.7433,1,0.7475,1
Davis Cup WG2 PO: HKG vs BEN,20220304,Hard,RR,2022,Ki Lung Ng,Sylvestre Monnou,,,0,0.6971,1,0.7401,1,0.7489,1
Indian Wells Masters,20220307,Hard,R128,2022,David Goffin,Jordan Thompson,71.0,78.0,0,0.4569,0,0.4426,0,0.4834,0
Indian Wells Masters,20220307,Hard,R128,2022,Andy Murray,Taro Daniel,88.0,106.0,1,0.5297,1,0.573,1,0.5113,1
Indian Wells Masters,20220307,Hard,R128,2022,Sam Querrey,Tallon Griekspoor,114.0,54.0,1,0.2748,0,0.2853,0,0.2373,0
Indian Wells Masters,20220307,Hard,R128,2022,Philipp Kohlschreiber,Emil Ruusuvuori,136.0,70.0,0,0.2963,0,0.3236,0,0.2906,0
Indian Wells Masters,20220307,Hard,R128,2022,Richard Gasquet,Oscar Otte,81.0,76.0,0,0.4595,0,0.4527,0,0.4323,0
Indian Wells Masters,20220307,Hard,R128,2022,Steve Johnson,Daniel Altmaier,115.0,79.0,1,0.5045,1,0.5679,1,0.6034,1
Indian Wells Masters,20220307,Hard,R128,2022,Adrian Mannarino,Brandon Nakashima,66.0,80.0,0,0.4376,0,0.4314,0,0.3441,0
Indian Wells Masters,20220307,Hard,R128,2022,Benoit Paire,Dominik Koepfer,53.0,51.0,0,0.4676,0,0.4205,0,0.4467,0
Indian Wells Masters,20220307,Hard,R128,2022,Mikhail Kukushkin,Tommy Paul,154.0,39.0,0,0.2199,0,0.1786,0,0.1996,0
Indian Wells Masters,20220307,Hard,R128,2022,John Millman,Jan Lennard Struff,77.0,58.0,1,0.5091,1,0.5103,1,0.5375,1
Indian Wells Masters,20220307,Hard,R128,2022,Aljaz Bedene,Kamil Majchrzak,133.0,75.0,0,0.336,0,0.3453,0,0.3438,0
Indian Wells Masters,20220307,Hard,R128,2022,Jaume Munar,Juncheng Shang,99.0,543.0,1,0.8274,1,0.7908,1,0.7269,1
Indian Wells Masters,20220307,Hard,R128,2022,Tennys Sandgren,Botic Van De Zandschulp,153.0,47.0,0,0.2412,0,0.2383,0,0.3161,0
Indian Wells Masters,20220307,Hard,R128,2022,Liam Broady,Miomir Kecmanovic,124.0,61.0,0,0.3707,0,0.3693,0,0.3482,0
Indian Wells Masters,20220307,Hard,R128,2022,Facundo Bagnis,Henri Laaksonen,82.0,87.0,1,0.4594,0,0.4626,0,0.5088,1
Indian Wells Masters,20220307,Hard,R128,2022,Ugo Humbert,Holger Rune,42.0,86.0,0,0.5495,1,0.5729,1,0.5319,1
Indian Wells Masters,20220307,Hard,R128,2022,Christopher Eubanks,Maxime Cressy,157.0,72.0,1,0.2594,0,0.2616,0,0.2425,0
Indian Wells Masters,20220307,Hard,R128,2022,Nick Kyrgios,Sebastian Baez,132.0,60.0,1,0.4039,0,0.3523,0,0.3585,0
Indian Wells Masters,20220307,Hard,R128,2022,Benjamin Bonzi,Arthur Rinderknech,62.0,57.0,1,0.4279,0,0.3966,0,0.4005,0
Indian Wells Masters,20220307,Hard,R128,2022,Laslo Djere,Soon Woo Kwon,52.0,64.0,1,0.4369,0,0.4162,0,0.423,0
Indian Wells Masters,20220307,Hard,R128,2022,Borna Coric,Alejandro Davidovich Fokina,167.0,45.0,0,0.2443,0,0.2241,0,0.1917,0
Indian Wells Masters,20220307,Hard,R128,2022,Marcos Giron,Lorenzo Musetti,55.0,56.0,0,0.4903,0,0.5664,1,0.5652,1
Indian Wells Masters,20220307,Hard,R128,2022,Pablo Cuevas,Federico Coria,104.0,65.0,0,0.3265,0,0.3033,0,0.2946,0
Indian Wells Masters,20220307,Hard,R128,2022,Thanasi Kokkinakis,Sebastian Korda,97.0,38.0,0,0.4224,0,0.434,0,0.3621,0
Indian Wells Masters,20220307,Hard,R128,2022,Jack Sock,Juan Manuel Cerundolo,147.0,119.0,1,0.5714,1,0.5718,1,0.5972,1
Indian Wells Masters,20220307,Hard,R128,2022,Roberto Carballes Baena,Jenson Brooksby,73.0,43.0,0,0.2902,0,0.2847,0,0.3035,0
Indian Wells Masters,20220307,Hard,R128,2022,Pablo Andujar,Fabio Fognini,69.0,36.0,0,0.4789,0,0.4801,0,0.5126,1
Indian Wells Masters,20220307,Hard,R128,2022,Joao Sousa,Pedro Martinez,85.0,49.0,0,0.4542,0,0.4394,0,0.4553,0
Indian Wells Masters,20220307,Hard,R128,2022,Hugo Gaston,J J Wolf,68.0,209.0,0,0.5879,1,0.633,1,0.6296,1
Indian Wells Masters,20220307,Hard,R128,2022,Marton Fucsovics,Mackenzie Mcdonald,48.0,59.0,0,0.515,1,0.4987,0,0.4978,0
Indian Wells Masters,20220307,Hard,R128,2022,Dusan Lajovic,Filip Krajinovic,44.0,40.0,0,0.4431,0,0.3714,0,0.3739,0
Indian Wells Masters,20220307,Hard,R128,2022,Alexei Popyrin,Tomas Machac,89.0,158.0,0,0.4969,0,0.5103,1,0.5775,1
Indian Wells Masters,20220307,Hard,R64,2022,Grigor Dimitrov,Jordan Thompson,35.0,78.0,1,0.5963,1,0.5958,1,0.6001,1
Indian Wells Masters,20220307,Hard,R64,2022,Andy Murray,Alexander Bublik,88.0,33.0,0,0.3732,0,0.3687,0,0.3608,0
Indian Wells Masters,20220307,Hard,R64,2022,John Isner,Sam Querrey,23.0,114.0,1,0.779,1,0.7799,1,0.7693,1
Indian Wells Masters,20220307,Hard,R64,2022,Diego Schwartzman,Emil Ruusuvuori,14.0,70.0,1,0.5875,1,0.634,1,0.7033,1
Indian Wells Masters,20220307,Hard,R64,2022,Oscar Otte,Hubert Hurkacz,76.0,11.0,0,0.228,0,0.2026,0,0.1728,0
Indian Wells Masters,20220307,Hard,R64,2022,Steve Johnson,Aslan Karatsev,115.0,22.0,1,0.3143,0,0.2782,0,0.2623,0
Indian Wells Masters,20220307,Hard,R64,2022,Frances Tiafoe,Brandon Nakashima,30.0,80.0,1,0.5323,1,0.5214,1,0.5436,1
Indian Wells Masters,20220307,Hard,R64,2022,Andrey Rublev,Dominik Koepfer,7.0,51.0,1,0.8356,1,0.8301,1,0.8445,1
Indian Wells Masters,20220307,Hard,R64,2022,Alexander Zverev,Tommy Paul,3.0,39.0,0,0.8846,1,0.8585,1,0.9188,1
Indian Wells Masters,20220307,Hard,R64,2022,John Millman,Alex De Minaur,77.0,31.0,0,0.3639,0,0.3317,0,0.2567,0
Indian Wells Masters,20220307,Hard,R64,2022,Kamil Majchrzak,Taylor Fritz,75.0,20.0,0,0.3473,0,0.3811,0,0.4591,0
Indian Wells Masters,20220307,Hard,R64,2022,Pablo Carreno Busta,Jaume Munar,16.0,99.0,0,0.7105,1,0.7607,1,0.7192,1
Indian Wells Masters,20220307,Hard,R64,2022,Botic Van De Zandschulp,Felix Auger Aliassime,47.0,9.0,1,0.2638,0,0.2903,0,0.2731,0
Indian Wells Masters,20220307,Hard,R64,2022,Marin Cilic,Miomir Kecmanovic,24.0,61.0,0,0.6032,1,0.6254,1,0.5261,1
Indian Wells Masters,20220307,Hard,R64,2022,Facundo Bagnis,Lloyd Harris,82.0,32.0,0,0.3683,0,0.3316,0,0.4203,0
Indian Wells Masters,20220307,Hard,R64,2022,Matteo Berrettini,Holger Rune,6.0,86.0,1,0.8435,1,0.8474,1,0.8668,1
Indian Wells Masters,20220307,Hard,R64,2022,Christopher Eubanks,Casper Ruud,157.0,8.0,0,0.121,0,0.1027,0,0.0437,0
Indian Wells Masters,20220307,Hard,R64,2022,Federico Delbonis,Nick Kyrgios,34.0,132.0,0,0.5596,1,0.5886,1,0.5229,1
Indian Wells Masters,20220307,Hard,R64,2022,Benjamin Bonzi,Lorenzo Sonego,62.0,21.0,1,0.3899,0,0.3703,0,0.3866,0
Indian Wells Masters,20220307,Hard,R64,2022,Laslo Djere,Jannik Sinner,52.0,10.0,0,0.1801,0,0.1849,0,0.207,0
Indian Wells Masters,20220307,Hard,R64,2022,Denis Shapovalov,Alejandro Davidovich Fokina,13.0,45.0,1,0.7174,1,0.7493,1,0.8086,1
Indian Wells Masters,20220307,Hard,R64,2022,Reilly Opelka,Lorenzo Musetti,17.0,56.0,1,0.6893,1,0.6961,1,0.7696,1
Indian Wells Masters,20220307,Hard,R64,2022,Daniel Evans,Federico Coria,29.0,65.0,1,0.6201,1,0.602,1,0.5767,1
Indian Wells Masters,20220307,Hard,R64,2022,Rafael Nadal,Sebastian Korda,4.0,38.0,1,0.8253,1,0.8432,1,0.8195,1
Indian Wells Masters,20220307,Hard,R64,2022,Jack Sock,Stefanos Tsitsipas,147.0,5.0,0,0.1011,0,0.1822,0,0.1766,0
Indian Wells Masters,20220307,Hard,R64,2022,Karen Khachanov,Jenson Brooksby,26.0,43.0,0,0.5379,1,0.5143,1,0.5241,1
Indian Wells Masters,20220307,Hard,R64,2022,Fabio Fognini,Nikoloz Basilashvili,36.0,18.0,0,0.4093,0,0.4229,0,0.4613,0
Indian Wells Masters,20220307,Hard,R64,2022,Cameron Norrie,Pedro Martinez,12.0,49.0,1,0.6927,1,0.689,1,0.6987,1
Indian Wells Masters,20220307,Hard,R64,2022,Roberto Bautista Agut,J J Wolf,15.0,209.0,1,0.7929,1,0.8377,1,0.8092,1
Indian Wells Masters,20220307,Hard,R64,2022,Mackenzie Mcdonald,Carlos Alcaraz,59.0,19.0,0,0.2764,0,0.231,0,0.2808,0
Indian Wells Masters,20220307,Hard,R64,2022,Gael Monfils,Filip Krajinovic,28.0,40.0,1,0.607,1,0.6083,1,0.5943,1
Indian Wells Masters,20220307,Hard,R64,2022,Daniil Medvedev,Tomas Machac,1.0,158.0,1,0.9455,1,0.8711,1,0.9669,1
Indian Wells Masters,20220307,Hard,R32,2022,Grigor Dimitrov,Alexander Bublik,35.0,33.0,1,0.4481,0,0.4212,0,0.4079,0
Indian Wells Masters,20220307,Hard,R32,2022,John Isner,Diego Schwartzman,23.0,14.0,1,0.4385,0,0.388,0,0.3831,0
Indian Wells Masters,20220307,Hard,R32,2022,Steve Johnson,Hubert Hurkacz,115.0,11.0,0,0.1931,0,0.2274,0,0.2663,0
Indian Wells Masters,20220307,Hard,R32,2022,Andrey Rublev,Frances Tiafoe,7.0,30.0,1,0.7794,1,0.7486,1,0.8091,1
Indian Wells Masters,20220307,Hard,R32,2022,Tommy Paul,Alex De Minaur,39.0,31.0,0,0.5053,1,0.4675,0,0.4482,0
Indian Wells Masters,20220307,Hard,R32,2022,Taylor Fritz,Jaume Munar,20.0,99.0,1,0.7348,1,0.753,1,0.7357,1
Indian Wells Masters,20220307,Hard,R32,2022,Botic Van De Zandschulp,Miomir Kecmanovic,47.0,61.0,0,0.5687,1,0.5999,1,0.638,1
Indian Wells Masters,20220307,Hard,R32,2022,Matteo Berrettini,Lloyd Harris,6.0,32.0,1,0.7916,1,0.7973,1,0.8408,1
Indian Wells Masters,20220307,Hard,R32,2022,Nick Kyrgios,Casper Ruud,132.0,8.0,1,0.1595,0,0.1261,0,0.1121,0
Indian Wells Masters,20220307,Hard,R32,2022,Benjamin Bonzi,Jannik Sinner,62.0,10.0,0,0.1985,0,0.1418,0,0.1201,0
Indian Wells Masters,20220307,Hard,R32,2022,Reilly Opelka,Denis Shapovalov,17.0,13.0,1,0.493,0,0.4321,0,0.4533,0
Indian Wells Masters,20220307,Hard,R32,2022,Rafael Nadal,Daniel Evans,4.0,29.0,1,0.8715,1,0.881,1,0.8822,1
Indian Wells Masters,20220307,Hard,R32,2022,Stefanos Tsitsipas,Jenson Brooksby,5.0,43.0,0,0.8142,1,0.666,1,0.7473,1
Indian Wells Masters,20220307,Hard,R32,2022,Nikoloz Basilashvili,Cameron Norrie,18.0,12.0,0,0.3344,0,0.3409,0,0.3971,0
Indian Wells Masters,20220307,Hard,R32,2022,Roberto Bautista Agut,Carlos Alcaraz,15.0,19.0,0,0.4424,0,0.4239,0,0.3497,0
Indian Wells Masters,20220307,Hard,R32,2022,Gael Monfils,Daniil Medvedev,28.0,1.0,1,0.0975,0,0.1952,0,0.2152,0
Indian Wells Masters,20220307,Hard,R16,2022,John Isner,Grigor Dimitrov,23.0,35.0,0,0.5331,1,0.5339,1,0.4976,0
Indian Wells Masters,20220307,Hard,R16,2022,Andrey Rublev,Hubert Hurkacz,7.0,11.0,1,0.5945,1,0.6402,1,0.6923,1
Indian Wells Masters,20220307,Hard,R16,2022,Taylor Fritz,Alex De Minaur,20.0,31.0,1,0.604,1,0.5944,1,0.6128,1
Indian Wells Masters,20220307,Hard,R16,2022,Matteo Berrettini,Miomir Kecmanovic,6.0,61.0,0,0.7996,1,0.8232,1,0.8556,1
Indian Wells Masters,20220307,Hard,R16,2022,Nick Kyrgios,Jannik Sinner,132.0,10.0,1,0.1482,0,0.0994,0,0.0634,0
Indian Wells Masters,20220307,Hard,R16,2022,Rafael Nadal,Reilly Opelka,4.0,17.0,1,0.7674,1,0.8388,1,0.8479,1
Indian Wells Masters,20220307,Hard,R16,2022,Cameron Norrie,Jenson Brooksby,12.0,43.0,1,0.6229,1,0.5572,1,0.5271,1
Indian Wells Masters,20220307,Hard,R16,2022,Gael Monfils,Carlos Alcaraz,28.0,19.0,0,0.3932,0,0.3667,0,0.2976,0
Indian Wells Masters,20220307,Hard,QF,2022,Grigor Dimitrov,Andrey Rublev,35.0,7.0,0,0.2175,0,0.2512,0,0.2764,0
Indian Wells Masters,20220307,Hard,QF,2022,Taylor Fritz,Miomir Kecmanovic,20.0,61.0,1,0.6701,1,0.6981,1,0.7086,1
Indian Wells Masters,20220307,Hard,QF,2022,Rafael Nadal,Nick Kyrgios,4.0,132.0,1,0.9211,1,0.9054,1,0.9409,1
Indian Wells Masters,20220307,Hard,QF,2022,Cameron Norrie,Carlos Alcaraz,12.0,19.0,0,0.5153,1,0.4732,0,0.4452,0
Indian Wells Masters,20220307,Hard,SF,2022,Andrey Rublev,Taylor Fritz,7.0,20.0,0,0.6831,1,0.6843,1,0.659,1
Indian Wells Masters,20220307,Hard,SF,2022,Rafael Nadal,Carlos Alcaraz,4.0,19.0,1,0.7644,1,0.7814,1,0.7995,1
Indian Wells Masters,20220307,Hard,F,2022,Rafael Nadal,Taylor Fritz,4.0,20.0,0,0.7905,1,0.8286,1,0.824,1
Miami Masters,20220321,Hard,R128,2022,Fernando Verdasco,Borna Coric,123.0,166.0,0,0.5428,1,0.591,1,0.5062,1
Miami Masters,20220321,Hard,R128,2022,Mackenzie Mcdonald,Dominik Koepfer,54.0,64.0,1,0.5179,1,0.4961,0,0.5011,1
Miami Masters,20220321,Hard,R128,2022,Denis Kudla,Juncheng Shang,84.0,441.0,1,0.7493,1,0.7276,1,0.7295,1
Miami Masters,20220321,Hard,R128,2022,Richard Gasquet,Thanasi Kokkinakis,81.0,97.0,0,0.3873,0,0.4018,0,0.3924,0
Miami Masters,20220321,Hard,R128,2022,Gilles Simon,Jack Draper,139.0,146.0,0,0.5544,1,0.5041,1,0.4466,0
Miami Masters,20220321,Hard,R128,2022,Hugo Gaston,Emilio Nava,68.0,312.0,1,0.7324,1,0.733,1,0.6452,1
Miami Masters,20220321,Hard,R128,2022,John Millman,Daniel Elahi Galan,73.0,118.0,0,0.5113,1,0.5422,1,0.477,0
Miami Masters,20220321,Hard,R128,2022,Benoit Paire,Henri Laaksonen,49.0,86.0,0,0.5488,1,0.5037,1,0.4774,0
Miami Masters,20220321,Hard,R128,2022,Dusan Lajovic,Juan Manuel Cerundolo,46.0,122.0,0,0.6297,1,0.6679,1,0.6101,1
Miami Masters,20220321,Hard,R128,2022,Soon Woo Kwon,Brandon Nakashima,63.0,80.0,0,0.4835,0,0.4911,0,0.4845,0
Miami Masters,20220321,Hard,R128,2022,Oscar Otte,Mitchell Krueger,74.0,160.0,1,0.6432,1,0.6606,1,0.6169,1
Miami Masters,20220321,Hard,R128,2022,Tallon Griekspoor,Francisco Cerundolo,57.0,103.0,0,0.5962,1,0.6436,1,0.7023,1
Miami Masters,20220321,Hard,R128,2022,Emil Ruusuvuori,Maxime Cressy,71.0,72.0,1,0.4967,0,0.5056,1,0.4857,0
Miami Masters,20220321,Hard,R128,2022,David Goffin,Roberto Carballes Baena,70.0,79.0,1,0.5355,1,0.5476,1,0.5487,1
Miami Masters,20220321,Hard,R128,2022,Taro Daniel,Jaume Munar,106.0,89.0,1,0.4826,0,0.4738,0,0.4869,0
Miami Masters,20220321,Hard,R128,2022,Adrian Mannarino,Nick Kyrgios,61.0,102.0,0,0.4621,0,0.4648,0,0.4179,0
Miami Masters,20220321,Hard,R128,2022,Jack Sock,Miomir Kecmanovic,144.0,48.0,0,0.3938,0,0.3802,0,0.4175,0
Miami Masters,20220321,Hard,R128,2022,Alejandro Davidovich Fokina,Sebastian Korda,43.0,38.0,0,0.3767,0,0.3015,0,0.3272,0
Miami Masters,20220321,Hard,R128,2022,Benjamin Bonzi,Tommy Paul,59.0,37.0,0,0.4283,0,0.3653,0,0.3549,0
Miami Masters,20220321,Hard,R128,2022,Mikhail Kukushkin,Botic Van De Zandschulp,159.0,42.0,1,0.2221,0,0.2098,0,0.1735,0
Miami Masters,20220321,Hard,R128,2022,Marton Fucsovics,Marcos Giron,55.0,52.0,1,0.4619,0,0.4018,0,0.3995,0
Miami Masters,20220321,Hard,R128,2022,Alexei Popyrin,Lorenzo Musetti,92.0,76.0,1,0.4361,0,0.4017,0,0.4494,0
Miami Masters,20220321,Hard,R128,2022,Jo-Wilfried Tsonga,Jordan Thompson,225.0,78.0,0,0.343,0,0.3427,0,0.3935,0
Miami Masters,20220321,Hard,R128,2022,Daniel Altmaier,J J Wolf,69.0,167.0,0,0.5477,1,0.5628,1,0.4733,0
Miami Masters,20220321,Hard,R128,2022,Laslo Djere,Arthur Rinderknech,53.0,58.0,0,0.3872,0,0.4256,0,0.4182,0
Miami Masters,20220321,Hard,R128,2022,Aljaz Bedene,Ugo Humbert,141.0,45.0,0,0.3637,0,0.3679,0,0.3646,0
Miami Masters,20220321,Hard,R128,2022,Emilio Gomez,Yoshihito Nishioka,145.0,96.0,0,0.4202,0,0.3657,0,0.3935,0
Miami Masters,20220321,Hard,R128,2022,Facundo Bagnis,Lloyd Harris,104.0,44.0,0,0.371,0,0.346,0,0.3467,0
Miami Masters,20220321,Hard,R128,2022,Kamil Majchrzak,Sebastian Baez,75.0,66.0,1,0.5234,1,0.5011,1,0.4643,0
Miami Masters,20220321,Hard,R128,2022,Federico Coria,Jenson Brooksby,60.0,39.0,0,0.3109,0,0.3146,0,0.2755,0
Miami Masters,20220321,Hard,R128,2022,Jan Lennard Struff,Pedro Martinez,56.0,47.0,0,0.3759,0,0.3951,0,0.4363,0
Miami Masters,20220321,Hard,R128,2022,Andy Murray,Federico Delbonis,85.0,36.0,1,0.545,1,0.5193,1,0.521,1
Miami Masters,20220321,Hard,R64,2022,Alexander Zverev,Borna Coric,4.0,166.0,1,0.962,1,0.9426,1,0.9636,1
Miami Masters,20220321,Hard,R64,2022,Grigor Dimitrov,Mackenzie Mcdonald,29.0,54.0,0,0.5906,1,0.6056,1,0.6428,1
Miami Masters,20220321,Hard,R64,2022,Denis Kudla,Lorenzo Sonego,84.0,21.0,1,0.2965,0,0.282,0,0.2785,0
Miami Masters,20220321,Hard,R64,2022,Diego Schwartzman,Thanasi Kokkinakis,15.0,97.0,0,0.6186,1,0.6204,1,0.6109,1
Miami Masters,20220321,Hard,R64,2022,Cameron Norrie,Jack Draper,12.0,146.0,1,0.8735,1,0.8536,1,0.8349,1
Miami Masters,20220321,Hard,R64,2022,John Isner,Hugo Gaston,22.0,68.0,0,0.6931,1,0.6476,1,0.5859,1
Miami Masters,20220321,Hard,R64,2022,Alexander Bublik,Daniel Elahi Galan,33.0,118.0,1,0.6569,1,0.6519,1,0.6268,1
Miami Masters,20220321,Hard,R64,2022,Henri Laaksonen,Casper Ruud,86.0,8.0,0,0.1579,0,0.1345,0,0.1619,0
Miami Masters,20220321,Hard,R64,2022,Kevin Anderson,Juan Manuel Cerundolo,91.0,122.0,0,0.5696,1,0.5859,1,0.4624,0
Miami Masters,20220321,Hard,R64,2022,Frances Tiafoe,Brandon Nakashima,31.0,80.0,1,0.5473,1,0.5418,1,0.5898,1
Miami Masters,20220321,Hard,R64,2022,Gael Monfils,Oscar Otte,24.0,74.0,1,0.6187,1,0.6237,1,0.6147,1
Miami Masters,20220321,Hard,R64,2022,Reilly Opelka,Francisco Cerundolo,18.0,103.0,0,0.8017,1,0.7944,1,0.8587,1
Miami Masters,20220321,Hard,R64,2022,Emil Ruusuvuori,Jannik Sinner,71.0,11.0,0,0.2502,0,0.2247,0,0.2066,0
Miami Masters,20220321,Hard,R64,2022,David Goffin,Pablo Carreno Busta,70.0,19.0,0,0.2938,0,0.1819,0,0.1573,0
Miami Masters,20220321,Hard,R64,2022,Fabio Fognini,Taro Daniel,34.0,106.0,1,0.535,1,0.5811,1,0.6465,1
Miami Masters,20220321,Hard,R64,2022,Nick Kyrgios,Andrey Rublev,102.0,7.0,1,0.1818,0,0.2004,0,0.2023,0
Miami Masters,20220321,Hard,R64,2022,Felix Auger Aliassime,Miomir Kecmanovic,9.0,48.0,0,0.7558,1,0.7703,1,0.7586,1
Miami Masters,20220321,Hard,R64,2022,Albert Ramos,Sebastian Korda,35.0,38.0,0,0.3771,0,0.4005,0,0.3499,0
Miami Masters,20220321,Hard,R64,2022,Karen Khachanov,Tommy Paul,25.0,37.0,0,0.5438,1,0.5399,1,0.5826,1
Miami Masters,20220321,Hard,R64,2022,Mikhail Kukushkin,Taylor Fritz,159.0,13.0,0,0.118,0,0.1068,0,0.1095,0
Miami Masters,20220321,Hard,R64,2022,Marton Fucsovics,Carlos Alcaraz,55.0,16.0,0,0.2443,0,0.1939,0,0.2087,0
Miami Masters,20220321,Hard,R64,2022,Marin Cilic,Alexei Popyrin,23.0,92.0,1,0.6646,1,0.7197,1,0.6478,1
Miami Masters,20220321,Hard,R64,2022,Jordan Thompson,Alex De Minaur,78.0,28.0,0,0.3729,0,0.338,0,0.3003,0
Miami Masters,20220321,Hard,R64,2022,Stefanos Tsitsipas,J J Wolf,5.0,167.0,1,0.9128,1,0.8822,1,0.9574,1
Miami Masters,20220321,Hard,R64,2022,Arthur Rinderknech,Hubert Hurkacz,58.0,10.0,0,0.289,0,0.3025,0,0.2746,0
Miami Masters,20220321,Hard,R64,2022,Aslan Karatsev,Ugo Humbert,32.0,45.0,1,0.6191,1,0.6456,1,0.6267,1
Miami Masters,20220321,Hard,R64,2022,Daniel Evans,Yoshihito Nishioka,27.0,96.0,0,0.6637,1,0.7087,1,0.7059,1
Miami Masters,20220321,Hard,R64,2022,Denis Shapovalov,Lloyd Harris,14.0,44.0,0,0.6916,1,0.7036,1,0.6678,1
Miami Masters,20220321,Hard,R64,2022,Roberto Bautista Agut,Kamil Majchrzak,17.0,75.0,1,0.637,1,0.6421,1,0.69,1
Miami Masters,20220321,Hard,R64,2022,Nikoloz Basilashvili,Jenson Brooksby,20.0,39.0,0,0.4234,0,0.4391,0,0.3671,0
Miami Masters,20220321,Hard,R64,2022,Cristian Garin,Pedro Martinez,30.0,47.0,0,0.4741,0,0.4815,0,0.4077,0
Miami Masters,20220321,Hard,R64,2022,Andy Murray,Daniil Medvedev,85.0,2.0,0,0.066,0,0.1544,0,0.1462,0
Miami Masters,20220321,Hard,R32,2022,Alexander Zverev,Mackenzie Mcdonald,4.0,54.0,1,0.9057,1,0.8779,1,0.9258,1
Miami Masters,20220321,Hard,R32,2022,Denis Kudla,Thanasi Kokkinakis,84.0,97.0,0,0.3555,0,0.3946,0,0.3933,0
Miami Masters,20220321,Hard,R32,2022,Cameron Norrie,Hugo Gaston,12.0,68.0,1,0.809,1,0.8313,1,0.8215,1
Miami Masters,20220321,Hard,R32,2022,Alexander Bublik,Casper Ruud,33.0,8.0,0,0.3084,0,0.2511,0,0.288,0
Miami Masters,20220321,Hard,R32,2022,Frances Tiafoe,Juan Manuel Cerundolo,31.0,122.0,1,0.7406,1,0.7607,1,0.7231,1
Miami Masters,20220321,Hard,R32,2022,Gael Monfils,Francisco Cerundolo,24.0,103.0,0,0.7049,1,0.6788,1,0.5297,1
Miami Masters,20220321,Hard,R32,2022,Pablo Carreno Busta,Jannik Sinner,19.0,11.0,0,0.3115,0,0.3544,0,0.3987,0
Miami Masters,20220321,Hard,R32,2022,Fabio Fognini,Nick Kyrgios,34.0,102.0,0,0.4639,0,0.5087,1,0.553,1
Miami Masters,20220321,Hard,R32,2022,Miomir Kecmanovic,Sebastian Korda,48.0,38.0,1,0.4224,0,0.3589,0,0.3976,0
Miami Masters,20220321,Hard,R32,2022,Taylor Fritz,Tommy Paul,13.0,37.0,1,0.6733,1,0.6634,1,0.6587,1
Miami Masters,20220321,Hard,R32,2022,Marin Cilic,Carlos Alcaraz,23.0,16.0,0,0.3568,0,0.3424,0,0.2724,0
Miami Masters,20220321,Hard,R32,2022,Stefanos Tsitsipas,Alex De Minaur,5.0,28.0,1,0.814,1,0.8097,1,0.7985,1
Miami Masters,20220321,Hard,R32,2022,Aslan Karatsev,Hubert Hurkacz,32.0,10.0,0,0.2911,0,0.2972,0,0.2154,0
Miami Masters,20220321,Hard,R32,2022,Yoshihito Nishioka,Lloyd Harris,96.0,44.0,0,0.3585,0,0.3338,0,0.413,0
Miami Masters,20220321,Hard,R32,2022,Roberto Bautista Agut,Jenson Brooksby,17.0,39.0,0,0.517,1,0.4888,0,0.3856,0
Miami Masters,20220321,Hard,R32,2022,Daniil Medvedev,Pedro Martinez,2.0,47.0,1,0.9209,1,0.8854,1,0.9126,1
Miami Masters,20220321,Hard,R16,2022,Alexander Zverev,Thanasi Kokkinakis,4.0,97.0,1,0.8889,1,0.8142,1,0.8691,1
Miami Masters,20220321,Hard,R16,2022,Cameron Norrie,Casper Ruud,12.0,8.0,0,0.4548,0,0.443,0,0.4935,0
Miami Masters,20220321,Hard,R16,2022,Frances Tiafoe,Francisco Cerundolo,31.0,103.0,0,0.685,1,0.7232,1,0.8089,1
Miami Masters,20220321,Hard,R16,2022,Nick Kyrgios,Jannik Sinner,102.0,11.0,0,0.2162,0,0.2116,0,0.2078,0
Miami Masters,20220321,Hard,R16,2022,Taylor Fritz,Miomir Kecmanovic,13.0,48.0,0,0.7135,1,0.7619,1,0.7513,1
Miami Masters,20220321,Hard,R16,2022,Stefanos Tsitsipas,Carlos Alcaraz,5.0,16.0,0,0.6999,1,0.5926,1,0.6877,1
Miami Masters,20220321,Hard,R16,2022,Hubert Hurkacz,Lloyd Harris,10.0,44.0,1,0.7526,1,0.754,1,0.7978,1
Miami Masters,20220321,Hard,R16,2022,Daniil Medvedev,Jenson Brooksby,2.0,39.0,1,0.8886,1,0.7309,1,0.825,1
Miami Masters,20220321,Hard,QF,2022,Alexander Zverev,Casper Ruud,4.0,8.0,0,0.7223,1,0.6659,1,0.7727,1
Miami Masters,20220321,Hard,QF,2022,Francisco Cerundolo,Jannik Sinner,103.0,11.0,1,0.1458,0,0.1126,0,0.0825,0
Miami Masters,20220321,Hard,QF,2022,Miomir Kecmanovic,Carlos Alcaraz,48.0,16.0,0,0.3049,0,0.2034,0,0.2128,0
Miami Masters,20220321,Hard,QF,2022,Daniil Medvedev,Hubert Hurkacz,2.0,10.0,0,0.8125,1,0.7559,1,0.8036,1
Miami Masters,20220321,Hard,SF,2022,Casper Ruud,Francisco Cerundolo,8.0,103.0,1,0.845,1,0.8475,1,0.8322,1
Miami Masters,20220321,Hard,SF,2022,Hubert Hurkacz,Carlos Alcaraz,10.0,16.0,0,0.5309,1,0.4955,0,0.46,0
Miami Masters,20220321,Hard,F,2022,Casper Ruud,Carlos Alcaraz,8.0,16.0,0,0.5594,1,0.5217,1,0.4174,0
Marrakech,20220404,Clay,R32,2022,Pablo Andujar,Daniel Evans,73.0,26.0,1,0.4464,0,0.4278,0,0.4152,0
Marrakech,20220404,Clay,R32,2022,David Goffin,Damir Dzumhur,74.0,145.0,1,0.5507,1,0.5538,1,0.6003,1
Marrakech,20220404,Clay,R32,2022,Marco Cecchinato,Roberto Carballes Baena,97.0,79.0,0,0.4812,0,0.4531,0,0.3257,0
Marrakech,20220404,Clay,R32,2022,Joao Sousa,Federico Delbonis,90.0,35.0,1,0.3273,0,0.3308,0,0.3015,0
Marrakech,20220404,Clay,R32,2022,Tallon Griekspoor,Pavel Kotov,56.0,172.0,0,0.7646,1,0.7527,1,0.7553,1
Marrakech,20220404,Clay,R32,2022,Richard Gasquet,Henri Laaksonen,86.0,87.0,1,0.5081,1,0.4957,0,0.5037,1
Marrakech,20220404,Clay,R32,2022,Mirza Basic,Kamil Majchrzak,215.0,76.0,1,0.2406,0,0.2658,0,0.2225,0
Marrakech,20220404,Clay,R32,2022,Federico Coria,Alejandro Davidovich Fokina,60.0,45.0,1,0.4471,0,0.4709,0,0.435,0
Marrakech,20220404,Clay,R32,2022,Laslo Djere,Jiri Lehecka,55.0,98.0,1,0.5795,1,0.6334,1,0.756,1
Marrakech,20220404,Clay,R32,2022,Malek Jaziri,Jiri Vesely,329.0,69.0,1,0.3216,0,0.3109,0,0.3025,0
Marrakech,20220404,Clay,R32,2022,Yannick Hanfmann,Carlos Taberner,113.0,96.0,0,0.5185,1,0.5334,1,0.4979,0
Marrakech,20220404,Clay,R32,2022,Albert Ramos,Lorenzo Musetti,33.0,82.0,0,0.535,1,0.5331,1,0.5251,1
Marrakech,20220404,Clay,R32,2022,Hugo Dellien,Botic Van De Zandschulp,93.0,43.0,0,0.2985,0,0.2775,0,0.2261,0
Marrakech,20220404,Clay,R32,2022,Bernabe Zapata Miralles,Vit Kopriva,123.0,165.0,0,0.4746,0,0.4676,0,0.4387,0
Marrakech,20220404,Clay,R32,2022,Stefano Travaglia,Alex Molcan,112.0,65.0,0,0.371,0,0.3112,0,0.2956,0
Marrakech,20220404,Clay,R32,2022,Felix Auger Aliassime,Elliot Benchetrit,9.0,436.0,1,0.9383,1,0.8852,1,0.9116,1
Marrakech,20220404,Clay,R16,2022,Pablo Andujar,David Goffin,73.0,74.0,0,0.4961,0,0.5234,1,0.4769,0
Marrakech,20220404,Clay,R16,2022,Joao Sousa,Roberto Carballes Baena,90.0,79.0,0,0.4489,0,0.4582,0,0.5131,1
Marrakech,20220404,Clay,R16,2022,Richard Gasquet,Pavel Kotov,86.0,172.0,1,0.7048,1,0.6576,1,0.6309,1
Marrakech,20220404,Clay,R16,2022,Mirza Basic,Federico Coria,215.0,60.0,0,0.2213,0,0.2438,0,0.3053,0
Marrakech,20220404,Clay,R16,2022,Malek Jaziri,Laslo Djere,329.0,55.0,0,0.3309,0,0.3343,0,0.4547,0
Marrakech,20220404,Clay,R16,2022,Carlos Taberner,Lorenzo Musetti,96.0,82.0,0,0.4291,0,0.4311,0,0.4033,0
Marrakech,20220404,Clay,R16,2022,Botic Van De Zandschulp,Vit Kopriva,43.0,165.0,1,0.6845,1,0.6837,1,0.717,1
Marrakech,20220404,Clay,R16,2022,Alex Molcan,Felix Auger Aliassime,65.0,9.0,1,0.2933,0,0.3248,0,0.3814,0
Marrakech,20220404,Clay,QF,2022,David Goffin,Roberto Carballes Baena,74.0,79.0,1,0.5259,1,0.5745,1,0.613,1
Marrakech,20220404,Clay,QF,2022,Richard Gasquet,Federico Coria,86.0,60.0,0,0.4391,0,0.4143,0,0.4043,0
Marrakech,20220404,Clay,QF,2022,Laslo Djere,Lorenzo Musetti,55.0,82.0,1,0.4535,0,0.4546,0,0.4245,0
Marrakech,20220404,Clay,QF,2022,Botic Van De Zandschulp,Alex Molcan,43.0,65.0,0,0.5749,1,0.5755,1,0.5973,1
Marrakech,20220404,Clay,SF,2022,David Goffin,Federico Coria,74.0,60.0,1,0.4506,0,0.3775,0,0.3529,0
Marrakech,20220404,Clay,SF,2022,Laslo Djere,Alex Molcan,55.0,65.0,0,0.4533,0,0.4273,0,0.4889,0
Marrakech,20220404,Clay,F,2022,David Goffin,Alex Molcan,74.0,65.0,1,0.4164,0,0.3999,0,0.3877,0
Houston,20220404,Clay,R32,2022,Christian Harrison,Alejandro Tabilo,312.0,100.0,0,0.1334,0,0.1869,0,0.1123,0
Houston,20220404,Clay,R32,2022,Steven Diez,Jordan Thompson,292.0,83.0,0,0.221,0,0.2772,0,0.3663,0
Houston,20220404,Clay,R32,2022,Jack Sock,Cristian Garin,138.0,29.0,0,0.3149,0,0.3429,0,0.3214,0
Houston,20220404,Clay,R32,2022,Steve Johnson,Denis Kudla,108.0,81.0,1,0.6293,1,0.6598,1,0.7739,1
Houston,20220404,Clay,R32,2022,Pablo Cuevas,Max Purcell,105.0,164.0,1,0.5991,1,0.6051,1,0.4866,0
Houston,20220404,Clay,R32,2022,Marcos Giron,Frances Tiafoe,53.0,30.0,0,0.4536,0,0.4655,0,0.471,0
Houston,20220404,Clay,R32,2022,J J Wolf,Jenson Brooksby,157.0,36.0,1,0.3179,0,0.2244,0,0.1771,0
Houston,20220404,Clay,R32,2022,Feliciano Lopez,Gijs Brouwer,118.0,361.0,0,0.6899,1,0.7163,1,0.5979,1
Houston,20220404,Clay,R32,2022,Mitchell Krueger,Juan Pablo Varillas,161.0,111.0,1,0.3047,0,0.2786,0,0.2777,0
Houston,20220404,Clay,R32,2022,Peter Gojowczyk,Tommy Paul,101.0,34.0,0,0.2626,0,0.2778,0,0.2009,0
Houston,20220404,Clay,R32,2022,Nick Kyrgios,Mackenzie Mcdonald,94.0,52.0,1,0.4022,0,0.3919,0,0.4146,0
Houston,20220404,Clay,R32,2022,Sam Querrey,Daniel Elahi Galan,114.0,121.0,1,0.3818,0,0.3801,0,0.315,0
Houston,20220404,Clay,R16,2022,Taylor Fritz,Alejandro Tabilo,13.0,100.0,1,0.6468,1,0.6442,1,0.6595,1
Houston,20220404,Clay,R16,2022,Cristian Garin,Jordan Thompson,29.0,83.0,1,0.5652,1,0.5757,1,0.6173,1
Houston,20220404,Clay,R16,2022,John Isner,Steve Johnson,27.0,108.0,1,0.6696,1,0.6545,1,0.7423,1
Houston,20220404,Clay,R16,2022,Pablo Cuevas,Frances Tiafoe,105.0,30.0,0,0.3011,0,0.3094,0,0.3658,0
Houston,20220404,Clay,R16,2022,Gijs Brouwer,J J Wolf,361.0,157.0,1,0.3085,0,0.3494,0,0.4386,0
Houston,20220404,Clay,R16,2022,Mitchell Krueger,Reilly Opelka,161.0,18.0,0,0.127,0,0.1512,0,0.1246,0
Houston,20220404,Clay,R16,2022,Nick Kyrgios,Tommy Paul,94.0,34.0,1,0.331,0,0.3444,0,0.2851,0
Houston,20220404,Clay,R16,2022,Sam Querrey,Michael Mmoh,114.0,226.0,0,0.636,1,0.6531,1,0.5843,1
Houston,20220404,Clay,QF,2022,Cristian Garin,Taylor Fritz,29.0,13.0,1,0.2909,0,0.3316,0,0.2969,0
Houston,20220404,Clay,QF,2022,John Isner,Frances Tiafoe,27.0,30.0,1,0.5902,1,0.5716,1,0.5016,1
Houston,20220404,Clay,QF,2022,Reilly Opelka,Gijs Brouwer,18.0,361.0,1,0.9275,1,0.8667,1,0.8939,1
Houston,20220404,Clay,QF,2022,Nick Kyrgios,Michael Mmoh,94.0,226.0,1,0.7168,1,0.6961,1,0.7046,1
Houston,20220404,Clay,SF,2022,John Isner,Cristian Garin,27.0,29.0,1,0.626,1,0.6182,1,0.6123,1
Houston,20220404,Clay,SF,2022,Nick Kyrgios,Reilly Opelka,94.0,18.0,0,0.2115,0,0.213,0,0.1608,0
Houston,20220404,Clay,F,2022,John Isner,Reilly Opelka,27.0,18.0,0,0.3936,0,0.3735,0,0.2607,0
Monte Carlo Masters,20220411,Clay,R64,2022,Federico Delbonis,Jaume Munar,34.0,105.0,1,0.6015,1,0.6231,1,0.7047,1
Monte Carlo Masters,20220411,Clay,R64,2022,Stan Wawrinka,Alexander Bublik,236.0,36.0,0,0.1359,0,0.1823,0,0.0954,0
Monte Carlo Masters,20220411,Clay,R64,2022,Pablo Carreno Busta,Sebastian Baez,19.0,66.0,1,0.5716,1,0.5838,1,0.6451,1
Monte Carlo Masters,20220411,Clay,R64,2022,Borna Coric,Jannik Sinner,198.0,12.0,0,0.1135,0,0.0975,0,0.0452,0
Monte Carlo Masters,20220411,Clay,R64,2022,Oscar Otte,Emil Ruusuvuori,72.0,81.0,0,0.4176,0,0.4113,0,0.4197,0
Monte Carlo Masters,20220411,Clay,R64,2022,Bernabe Zapata Miralles,Alex De Minaur,123.0,25.0,0,0.309,0,0.2705,0,0.3197,0
Monte Carlo Masters,20220411,Clay,R64,2022,Fabio Fognini,Arthur Rinderknech,32.0,59.0,1,0.4613,0,0.4838,0,0.4782,0
Monte Carlo Masters,20220411,Clay,R64,2022,Laslo Djere,Maxime Cressy,62.0,69.0,1,0.6485,1,0.5859,1,0.705,1
Monte Carlo Masters,20220411,Clay,R64,2022,Ilya Ivashka,Lorenzo Sonego,44.0,26.0,0,0.4883,0,0.5127,1,0.5159,1
Monte Carlo Masters,20220411,Clay,R64,2022,Diego Schwartzman,Karen Khachanov,16.0,24.0,1,0.5462,1,0.5782,1,0.4902,0
Monte Carlo Masters,20220411,Clay,R64,2022,Marton Fucsovics,Lloyd Harris,57.0,40.0,1,0.4602,0,0.4654,0,0.5161,1
Monte Carlo Masters,20220411,Clay,R64,2022,Benoit Paire,Lorenzo Musetti,61.0,83.0,0,0.3543,0,0.4089,0,0.3267,0
Monte Carlo Masters,20220411,Clay,R64,2022,Albert Ramos,Tallon Griekspoor,37.0,58.0,1,0.5627,1,0.6154,1,0.5783,1
Monte Carlo Masters,20220411,Clay,R64,2022,Pedro Martinez,Ugo Humbert,45.0,48.0,1,0.6472,1,0.6701,1,0.6532,1
Monte Carlo Masters,20220411,Clay,R64,2022,Hugo Dellien,Hubert Hurkacz,92.0,14.0,0,0.2517,0,0.2318,0,0.2522,0
Monte Carlo Masters,20220411,Clay,R64,2022,Grigor Dimitrov,Nikoloz Basilashvili,29.0,20.0,1,0.4723,0,0.4785,0,0.4973,0
Monte Carlo Masters,20220411,Clay,R64,2022,Dusan Lajovic,Filip Krajinovic,49.0,39.0,1,0.3917,0,0.3158,0,0.273,0
Monte Carlo Masters,20220411,Clay,R64,2022,Aslan Karatsev,Holger Rune,30.0,79.0,0,0.6026,1,0.6748,1,0.6516,1
Monte Carlo Masters,20220411,Clay,R64,2022,Botic Van De Zandschulp,Sebastian Korda,41.0,42.0,0,0.4935,0,0.5085,1,0.4574,0
Monte Carlo Masters,20220411,Clay,R64,2022,Jo-Wilfried Tsonga,Marin Cilic,254.0,22.0,0,0.1882,0,0.1854,0,0.2151,0
Monte Carlo Masters,20220411,Clay,R64,2022,Taylor Fritz,Lucas Catarina,13.0,430.0,1,0.9249,1,0.9051,1,0.9188,1
Monte Carlo Masters,20220411,Clay,R64,2022,Daniel Evans,Benjamin Bonzi,27.0,63.0,1,0.5825,1,0.639,1,0.7316,1
Monte Carlo Masters,20220411,Clay,R64,2022,David Goffin,Jiri Lehecka,47.0,99.0,1,0.6482,1,0.6591,1,0.5581,1
Monte Carlo Masters,20220411,Clay,R64,2022,Marcos Giron,Alejandro Davidovich Fokina,54.0,46.0,0,0.427,0,0.4236,0,0.4232,0
Monte Carlo Masters,20220411,Clay,R32,2022,Alexander Zverev,Federico Delbonis,3.0,34.0,1,0.8883,1,0.8607,1,0.8863,1
Monte Carlo Masters,20220411,Clay,R32,2022,Pablo Carreno Busta,Alexander Bublik,19.0,36.0,1,0.5338,1,0.5731,1,0.5265,1
Monte Carlo Masters,20220411,Clay,R32,2022,Emil Ruusuvuori,Jannik Sinner,81.0,12.0,0,0.2275,0,0.1861,0,0.1526,0
Monte Carlo Masters,20220411,Clay,R32,2022,Andrey Rublev,Alex De Minaur,8.0,25.0,1,0.7418,1,0.7537,1,0.7512,1
Monte Carlo Masters,20220411,Clay,R32,2022,Fabio Fognini,Stefanos Tsitsipas,32.0,5.0,0,0.1376,0,0.2113,0,0.2813,0
Monte Carlo Masters,20220411,Clay,R32,2022,Laslo Djere,Lorenzo Sonego,62.0,26.0,1,0.4345,0,0.4203,0,0.4044,0
Monte Carlo Masters,20220411,Clay,R32,2022,Marton Fucsovics,Diego Schwartzman,57.0,16.0,0,0.3423,0,0.285,0,0.3077,0
Monte Carlo Masters,20220411,Clay,R32,2022,Felix Auger Aliassime,Lorenzo Musetti,9.0,83.0,0,0.7033,1,0.7099,1,0.772,1
Monte Carlo Masters,20220411,Clay,R32,2022,Albert Ramos,Cameron Norrie,37.0,10.0,1,0.2745,0,0.246,0,0.2707,0
Monte Carlo Masters,20220411,Clay,R32,2022,Pedro Martinez,Hubert Hurkacz,45.0,14.0,0,0.4252,0,0.4109,0,0.3842,0
Monte Carlo Masters,20220411,Clay,R32,2022,Dusan Lajovic,Grigor Dimitrov,49.0,29.0,0,0.4066,0,0.3361,0,0.3541,0
Monte Carlo Masters,20220411,Clay,R32,2022,Casper Ruud,Holger Rune,7.0,79.0,1,0.8622,1,0.8757,1,0.8823,1
Monte Carlo Masters,20220411,Clay,R32,2022,Sebastian Korda,Carlos Alcaraz,42.0,11.0,1,0.2981,0,0.2867,0,0.275,0
Monte Carlo Masters,20220411,Clay,R32,2022,Marin Cilic,Taylor Fritz,22.0,13.0,0,0.3633,0,0.3972,0,0.484,0
Monte Carlo Masters,20220411,Clay,R32,2022,Daniel Evans,David Goffin,27.0,47.0,0,0.4495,0,0.471,0,0.4624,0
Monte Carlo Masters,20220411,Clay,R32,2022,Novak Djokovic,Alejandro Davidovich Fokina,1.0,46.0,0,0.8974,1,0.8678,1,0.9062,1
Monte Carlo Masters,20220411,Clay,R16,2022,Alexander Zverev,Pablo Carreno Busta,3.0,19.0,1,0.861,1,0.76,1,0.7657,1
Monte Carlo Masters,20220411,Clay,R16,2022,Andrey Rublev,Jannik Sinner,8.0,12.0,0,0.5765,1,0.5374,1,0.5376,1
Monte Carlo Masters,20220411,Clay,R16,2022,Laslo Djere,Stefanos Tsitsipas,62.0,5.0,0,0.1301,0,0.12,0,0.0998,0
Monte Carlo Masters,20220411,Clay,R16,2022,Diego Schwartzman,Lorenzo Musetti,16.0,83.0,1,0.5996,1,0.665,1,0.7195,1
Monte Carlo Masters,20220411,Clay,R16,2022,Albert Ramos,Hubert Hurkacz,37.0,14.0,0,0.3993,0,0.4079,0,0.5371,1
Monte Carlo Masters,20220411,Clay,R16,2022,Grigor Dimitrov,Casper Ruud,29.0,7.0,1,0.1893,0,0.1594,0,0.0712,0
Monte Carlo Masters,20220411,Clay,R16,2022,Taylor Fritz,Sebastian Korda,13.0,42.0,1,0.5836,1,0.5503,1,0.4815,0
Monte Carlo Masters,20220411,Clay,R16,2022,David Goffin,Alejandro Davidovich Fokina,47.0,46.0,0,0.5005,1,0.5109,1,0.5407,1
Monte Carlo Masters,20220411,Clay,QF,2022,Alexander Zverev,Jannik Sinner,3.0,12.0,1,0.7625,1,0.7099,1,0.7497,1
Monte Carlo Masters,20220411,Clay,QF,2022,Diego Schwartzman,Stefanos Tsitsipas,16.0,5.0,0,0.2023,0,0.2602,0,0.2153,0
Monte Carlo Masters,20220411,Clay,QF,2022,Grigor Dimitrov,Hubert Hurkacz,29.0,14.0,1,0.3781,0,0.4056,0,0.4605,0
Monte Carlo Masters,20220411,Clay,QF,2022,Taylor Fritz,Alejandro Davidovich Fokina,13.0,46.0,0,0.6507,1,0.6599,1,0.6319,1
Monte Carlo Masters,20220411,Clay,SF,2022,Alexander Zverev,Stefanos Tsitsipas,3.0,5.0,0,0.5801,1,0.5712,1,0.5225,1
Monte Carlo Masters,20220411,Clay,SF,2022,Grigor Dimitrov,Alejandro Davidovich Fokina,29.0,46.0,0,0.4833,0,0.4827,0,0.4036,0
Monte Carlo Masters,20220411,Clay,F,2022,Stefanos Tsitsipas,Alejandro Davidovich Fokina,5.0,46.0,1,0.8529,1,0.8483,1,0.8865,1
Barcelona,20220418,Clay,R64,2022,Nicolas Alvarez Varona,Brandon Nakashima,285.0,81.0,0,0.2862,0,0.2697,0,0.2833,0
Barcelona,20220418,Clay,R64,2022,Feliciano Lopez,Emil Ruusuvuori,120.0,73.0,0,0.3112,0,0.3215,0,0.2719,0
Barcelona,20220418,Clay,R64,2022,Elias Ymer,Maxime Cressy,135.0,65.0,1,0.6093,1,0.4844,0,0.589,1
Barcelona,20220418,Clay,R64,2022,Tommy Robredo,Bernabe Zapata Miralles,362.0,119.0,0,0.213,0,0.3038,0,0.2962,0
Barcelona,20220418,Clay,R64,2022,Carlos Taberner,Sebastian Korda,94.0,37.0,1,0.3445,0,0.3197,0,0.3233,0
Barcelona,20220418,Clay,R64,2022,Hugo Dellien,Manuel Guinard,89.0,152.0,1,0.6375,1,0.6014,1,0.5553,1
Barcelona,20220418,Clay,R64,2022,Sebastian Baez,Lorenzo Musetti,60.0,68.0,0,0.457,0,0.4668,0,0.4325,0
Barcelona,20220418,Clay,R64,2022,Mackenzie Mcdonald,Hugo Grenier,51.0,156.0,1,0.7288,1,0.705,1,0.7276,1
Barcelona,20220418,Clay,R64,2022,Roberto Carballes Baena,Lloyd Harris,96.0,40.0,0,0.4385,0,0.4383,0,0.505,1
Barcelona,20220418,Clay,R64,2022,Pablo Andujar,Ugo Humbert,79.0,46.0,0,0.5204,1,0.4829,0,0.4926,0
Barcelona,20220418,Clay,R64,2022,Marton Fucsovics,Jordan Thompson,53.0,86.0,1,0.564,1,0.5755,1,0.6136,1
Barcelona,20220418,Clay,R64,2022,Adrian Mannarino,Egor Gerasimov,70.0,155.0,0,0.5443,1,0.5847,1,0.4983,0
Barcelona,20220418,Clay,R64,2022,Benoit Paire,Soon Woo Kwon,61.0,71.0,0,0.3894,0,0.4278,0,0.4812,0
Barcelona,20220418,Clay,R64,2022,Gian Marco Moroni,Jaume Munar,181.0,101.0,0,0.2867,0,0.3231,0,0.4019,0
Barcelona,20220418,Clay,R64,2022,Federico Coria,Marcos Giron,52.0,55.0,1,0.5781,1,0.5843,1,0.5929,1
Barcelona,20220418,Clay,R64,2022,Pedro Martinez,Ilya Ivashka,43.0,44.0,0,0.5361,1,0.5319,1,0.523,1
Barcelona,20220418,Clay,R32,2022,Casper Ruud,Brandon Nakashima,7.0,81.0,1,0.8693,1,0.8539,1,0.9082,1
Barcelona,20220418,Clay,R32,2022,Alexander Bublik,Emil Ruusuvuori,33.0,73.0,0,0.5905,1,0.6139,1,0.6463,1
Barcelona,20220418,Clay,R32,2022,Elias Ymer,Lorenzo Sonego,135.0,28.0,0,0.4161,0,0.427,0,0.4068,0
Barcelona,20220418,Clay,R32,2022,Pablo Carreno Busta,Bernabe Zapata Miralles,19.0,119.0,1,0.7485,1,0.8181,1,0.8125,1
Barcelona,20220418,Clay,R32,2022,Carlos Taberner,Felix Auger Aliassime,94.0,9.0,0,0.2461,0,0.2521,0,0.1491,0
Barcelona,20220418,Clay,R32,2022,Hugo Dellien,Frances Tiafoe,89.0,29.0,0,0.3046,0,0.2406,0,0.2002,0
Barcelona,20220418,Clay,R32,2022,Daniel Evans,Lorenzo Musetti,36.0,68.0,0,0.3764,0,0.4362,0,0.4109,0
Barcelona,20220418,Clay,R32,2022,Diego Schwartzman,Mackenzie Mcdonald,15.0,51.0,1,0.6745,1,0.6977,1,0.6661,1
Barcelona,20220418,Clay,R32,2022,Albert Ramos,Lloyd Harris,32.0,40.0,0,0.5419,1,0.565,1,0.5665,1
Barcelona,20220418,Clay,R32,2022,Ugo Humbert,Alex De Minaur,46.0,25.0,0,0.3356,0,0.294,0,0.2462,0
Barcelona,20220418,Clay,R32,2022,Federico Delbonis,Marton Fucsovics,34.0,53.0,0,0.5573,1,0.5411,1,0.5939,1
Barcelona,20220418,Clay,R32,2022,Egor Gerasimov,Cameron Norrie,155.0,10.0,0,0.1309,0,0.0831,0,0.0467,0
Barcelona,20220418,Clay,R32,2022,Soon Woo Kwon,Carlos Alcaraz,71.0,11.0,0,0.222,0,0.2132,0,0.202,0
Barcelona,20220418,Clay,R32,2022,Nikoloz Basilashvili,Jaume Munar,20.0,101.0,0,0.6196,1,0.6342,1,0.6181,1
Barcelona,20220418,Clay,R32,2022,Grigor Dimitrov,Federico Coria,23.0,52.0,1,0.5573,1,0.5314,1,0.4664,0
Barcelona,20220418,Clay,R32,2022,Ilya Ivashka,Stefanos Tsitsipas,44.0,5.0,0,0.1438,0,0.2193,0,0.1461,0
Barcelona,20220418,Clay,R16,2022,Casper Ruud,Emil Ruusuvuori,7.0,73.0,1,0.8272,1,0.8092,1,0.7628,1
Barcelona,20220418,Clay,R16,2022,Pablo Carreno Busta,Lorenzo Sonego,19.0,28.0,1,0.5541,1,0.6001,1,0.6371,1
Barcelona,20220418,Clay,R16,2022,Frances Tiafoe,Felix Auger Aliassime,29.0,9.0,0,0.3397,0,0.3555,0,0.2903,0
Barcelona,20220418,Clay,R16,2022,Diego Schwartzman,Lorenzo Musetti,15.0,68.0,1,0.5945,1,0.6544,1,0.686,1
Barcelona,20220418,Clay,R16,2022,Lloyd Harris,Alex De Minaur,40.0,25.0,0,0.4046,0,0.3533,0,0.3774,0
Barcelona,20220418,Clay,R16,2022,Marton Fucsovics,Cameron Norrie,53.0,10.0,0,0.2425,0,0.1874,0,0.2322,0
Barcelona,20220418,Clay,R16,2022,Jaume Munar,Carlos Alcaraz,101.0,11.0,0,0.179,0,0.121,0,0.1174,0
Barcelona,20220418,Clay,R16,2022,Grigor Dimitrov,Stefanos Tsitsipas,23.0,5.0,0,0.1665,0,0.2088,0,0.2548,0
Barcelona,20220418,Clay,QF,2022,Pablo Carreno Busta,Casper Ruud,19.0,7.0,1,0.2739,0,0.2464,0,0.2087,0
Barcelona,20220418,Clay,QF,2022,Diego Schwartzman,Felix Auger Aliassime,15.0,9.0,1,0.4141,0,0.4952,0,0.5383,1
Barcelona,20220418,Clay,QF,2022,Cameron Norrie,Alex De Minaur,10.0,25.0,0,0.6753,1,0.6669,1,0.6571,1
Barcelona,20220418,Clay,QF,2022,Stefanos Tsitsipas,Carlos Alcaraz,5.0,11.0,0,0.671,1,0.5942,1,0.6104,1
Barcelona,20220418,Clay,SF,2022,Pablo Carreno Busta,Diego Schwartzman,19.0,15.0,1,0.4636,0,0.4141,0,0.4709,0
Barcelona,20220418,Clay,SF,2022,Alex De Minaur,Carlos Alcaraz,25.0,11.0,0,0.295,0,0.2227,0,0.2005,0
Barcelona,20220418,Clay,F,2022,Pablo Carreno Busta,Carlos Alcaraz,19.0,11.0,0,0.317,0,0.3368,0,0.3596,0
Belgrade ,20220418,Clay,R32,2022,Henri Laaksonen,Jiri Lehecka,92.0,93.0,0,0.5359,1,0.5666,1,0.5709,1
Belgrade ,20220418,Clay,R32,2022,Dusan Lajovic,Taro Daniel,78.0,104.0,0,0.4786,0,0.475,0,0.5045,1
Belgrade ,20220418,Clay,R32,2022,Cristian Garin,Holger Rune,31.0,72.0,0,0.5844,1,0.6166,1,0.5973,1
Belgrade ,20220418,Clay,R32,2022,Oscar Otte,Alejandro Tabilo,67.0,91.0,1,0.3302,0,0.39,0,0.283,0
Belgrade ,20220418,Clay,R32,2022,Mikhail Kukushkin,Aljaz Bedene,167.0,164.0,0,0.422,0,0.3911,0,0.3951,0
Belgrade ,20220418,Clay,R32,2022,Fabio Fognini,Marco Cecchinato,62.0,108.0,1,0.5755,1,0.5436,1,0.5195,1
Belgrade ,20220418,Clay,R32,2022,David Goffin,Filip Krajinovic,49.0,45.0,0,0.5415,1,0.5257,1,0.5524,1
Belgrade ,20220418,Clay,R32,2022,Joao Sousa,Thiago Monteiro,85.0,110.0,0,0.4151,0,0.4216,0,0.3567,0
Belgrade ,20220418,Clay,R32,2022,Roman Safiullin,Mikael Ymer,151.0,98.0,1,0.5581,1,0.4942,0,0.5815,1
Belgrade ,20220418,Clay,R32,2022,Richard Gasquet,Miomir Kecmanovic,82.0,38.0,0,0.3686,0,0.3627,0,0.2843,0
Belgrade ,20220418,Clay,R32,2022,John Millman,Dominic Thiem,80.0,54.0,1,0.5336,1,0.5247,1,0.5909,1
Belgrade ,20220418,Clay,R32,2022,Laslo Djere,Hamad Medjedovic,50.0,473.0,1,0.8576,1,0.839,1,0.8927,1
Belgrade ,20220418,Clay,R16,2022,Andrey Rublev,Jiri Lehecka,8.0,93.0,1,0.8353,1,0.8479,1,0.8276,1
Belgrade ,20220418,Clay,R16,2022,Taro Daniel,Holger Rune,104.0,72.0,1,0.4697,0,0.493,0,0.5077,1
Belgrade ,20220418,Clay,R16,2022,Oscar Otte,Aslan Karatsev,67.0,30.0,1,0.3563,0,0.325,0,0.2192,0
Belgrade ,20220418,Clay,R16,2022,Fabio Fognini,Aljaz Bedene,62.0,164.0,1,0.6532,1,0.6515,1,0.7099,1
Belgrade ,20220418,Clay,R16,2022,Filip Krajinovic,Thiago Monteiro,45.0,110.0,0,0.5583,1,0.5838,1,0.5957,1
Belgrade ,20220418,Clay,R16,2022,Karen Khachanov,Roman Safiullin,26.0,151.0,1,0.5963,1,0.6109,1,0.5704,1
Belgrade ,20220418,Clay,R16,2022,John Millman,Miomir Kecmanovic,80.0,38.0,0,0.3747,0,0.3588,0,0.3168,0
Belgrade ,20220418,Clay,R16,2022,Novak Djokovic,Laslo Djere,1.0,50.0,1,0.8898,1,0.8779,1,0.9059,1
Belgrade ,20220418,Clay,QF,2022,Taro Daniel,Andrey Rublev,104.0,8.0,0,0.1962,0,0.2036,0,0.2138,0
Belgrade ,20220418,Clay,QF,2022,Fabio Fognini,Oscar Otte,62.0,67.0,1,0.5867,1,0.5973,1,0.576,1
Belgrade ,20220418,Clay,QF,2022,Thiago Monteiro,Karen Khachanov,110.0,26.0,0,0.3676,0,0.3698,0,0.3454,0
Belgrade ,20220418,Clay,QF,2022,Novak Djokovic,Miomir Kecmanovic,1.0,38.0,1,0.8703,1,0.8579,1,0.917,1
Belgrade ,20220418,Clay,SF,2022,Fabio Fognini,Andrey Rublev,62.0,8.0,0,0.2147,0,0.2278,0,0.1931,0
Belgrade ,20220418,Clay,SF,2022,Novak Djokovic,Karen Khachanov,1.0,26.0,1,0.874,1,0.8857,1,0.8941,1
Belgrade ,20220418,Clay,F,2022,Novak Djokovic,Andrey Rublev,1.0,8.0,0,0.7433,1,0.7174,1,0.6465,1
Munich,20220425,Clay,R32,2022,Norbert Gombos,Alex Molcan,106.0,46.0,0,0.3172,0,0.2885,0,0.3188,0
Munich,20220425,Clay,R32,2022,John Millman,Egor Gerasimov,79.0,150.0,0,0.6061,1,0.639,1,0.6472,1
Munich,20220425,Clay,R32,2022,Botic Van De Zandschulp,Brandon Nakashima,40.0,76.0,1,0.5628,1,0.5744,1,0.571,1
Munich,20220425,Clay,R32,2022,Mackenzie Mcdonald,Ilya Ivashka,51.0,44.0,0,0.4398,0,0.4285,0,0.4071,0
Munich,20220425,Clay,R32,2022,Philipp Kohlschreiber,Daniel Altmaier,132.0,67.0,0,0.3544,0,0.3858,0,0.3575,0
Munich,20220425,Clay,R32,2022,Miomir Kecmanovic,Max Hans Rehberg,38.0,1067.0,1,0.9642,1,0.8927,1,0.9348,1
Munich,20220425,Clay,R32,2022,Cristian Garin,Alejandro Tabilo,30.0,91.0,0,0.5008,1,0.5209,1,0.4974,0
Munich,20220425,Clay,R32,2022,Marcos Giron,Hugo Gaston,53.0,72.0,0,0.399,0,0.3983,0,0.3485,0
Munich,20220425,Clay,R32,2022,Oscar Otte,Marko Topo,62.0,756.0,1,0.8945,1,0.8337,1,0.8665,1
Munich,20220425,Clay,R32,2022,Daniel Evans,Maxime Cressy,35.0,65.0,0,0.5615,1,0.5689,1,0.6063,1
Munich,20220425,Clay,R32,2022,Yoshihito Nishioka,Emil Ruusuvuori,86.0,63.0,0,0.4567,0,0.4294,0,0.443,0
Munich,20220425,Clay,R32,2022,Holger Rune,Jiri Lehecka,70.0,88.0,1,0.5899,1,0.5751,1,0.5387,1
Munich,20220425,Clay,R16,2022,Casper Ruud,Alex Molcan,7.0,46.0,1,0.7352,1,0.7034,1,0.7302,1
Munich,20220425,Clay,R16,2022,Egor Gerasimov,Botic Van De Zandschulp,150.0,40.0,0,0.2849,0,0.2377,0,0.2373,0
Munich,20220425,Clay,R16,2022,Nikoloz Basilashvili,Ilya Ivashka,20.0,44.0,1,0.5096,1,0.4858,0,0.4931,0
Munich,20220425,Clay,R16,2022,Daniel Altmaier,Miomir Kecmanovic,67.0,38.0,0,0.3809,0,0.383,0,0.3775,0
Munich,20220425,Clay,R16,2022,Alejandro Tabilo,Hugo Gaston,91.0,72.0,1,0.5165,1,0.531,1,0.59,1
Munich,20220425,Clay,R16,2022,Oscar Otte,Reilly Opelka,62.0,17.0,1,0.2289,0,0.2038,0,0.1897,0
Munich,20220425,Clay,R16,2022,Emil Ruusuvuori,Maxime Cressy,63.0,65.0,1,0.6374,1,0.6339,1,0.645,1
Munich,20220425,Clay,R16,2022,Alexander Zverev,Holger Rune,3.0,70.0,0,0.914,1,0.8983,1,0.9335,1
Munich,20220425,Clay,QF,2022,Botic Van De Zandschulp,Casper Ruud,40.0,7.0,1,0.2554,0,0.21,0,0.2009,0
Munich,20220425,Clay,QF,2022,Nikoloz Basilashvili,Miomir Kecmanovic,20.0,38.0,0,0.4721,0,0.4744,0,0.4662,0
Munich,20220425,Clay,QF,2022,Oscar Otte,Alejandro Tabilo,62.0,91.0,1,0.4279,0,0.4305,0,0.4492,0
Munich,20220425,Clay,QF,2022,Emil Ruusuvuori,Holger Rune,63.0,70.0,0,0.5208,1,0.5789,1,0.5943,1
Munich,20220425,Clay,SF,2022,Botic Van De Zandschulp,Miomir Kecmanovic,40.0,38.0,1,0.5016,1,0.4967,0,0.5264,1
Munich,20220425,Clay,SF,2022,Oscar Otte,Holger Rune,62.0,70.0,0,0.4796,0,0.5223,1,0.4968,0
Munich,20220425,Clay,F,2022,Botic Van De Zandschulp,Holger Rune,40.0,70.0,0,0.5905,1,0.6512,1,0.6743,1
Estoril,20220425,Clay,R32,2022,Pablo Cuevas,Roberto Carballes Baena,107.0,100.0,1,0.4369,0,0.404,0,0.3927,0
Estoril,20220425,Clay,R32,2022,Benoit Paire,Soon Woo Kwon,60.0,71.0,0,0.3891,0,0.4285,0,0.4795,0
Estoril,20220425,Clay,R32,2022,Albert Ramos,Jordan Thompson,31.0,87.0,1,0.6437,1,0.6356,1,0.6082,1
Estoril,20220425,Clay,R32,2022,Joao Sousa,Sebastian Baez,83.0,59.0,0,0.3434,0,0.2883,0,0.2181,0
Estoril,20220425,Clay,R32,2022,Hugo Dellien,Jiri Vesely,85.0,74.0,1,0.4165,0,0.3869,0,0.4032,0
Estoril,20220425,Clay,R32,2022,Richard Gasquet,Tommy Paul,80.0,34.0,1,0.3607,0,0.3402,0,0.2521,0
Estoril,20220425,Clay,R32,2022,Dusan Lajovic,Frances Tiafoe,78.0,29.0,0,0.3331,0,0.2996,0,0.2692,0
Estoril,20220425,Clay,R32,2022,Pablo Andujar,Nuno Borges,82.0,131.0,0,0.5603,1,0.5071,1,0.4789,0
Estoril,20220425,Clay,R32,2022,Federico Coria,Bernabe Zapata Miralles,52.0,123.0,0,0.6706,1,0.7043,1,0.6633,1
Estoril,20220425,Clay,R32,2022,Pierre Hugues Herbert,Sebastian Korda,157.0,37.0,0,0.2487,0,0.2273,0,0.1815,0
Estoril,20220425,Clay,R32,2022,Dominic Thiem,Benjamin Bonzi,93.0,58.0,0,0.478,0,0.494,0,0.5642,1
Estoril,20220425,Clay,R32,2022,Carlos Taberner,Lloyd Harris,92.0,39.0,1,0.4307,0,0.4365,0,0.4449,0
Estoril,20220425,Clay,R16,2022,Fernando Verdasco,Pablo Cuevas,118.0,107.0,1,0.4921,0,0.4734,0,0.4972,0
Estoril,20220425,Clay,R16,2022,Albert Ramos,Soon Woo Kwon,31.0,71.0,1,0.5327,1,0.5262,1,0.5384,1
Estoril,20220425,Clay,R16,2022,Marin Cilic,Sebastian Baez,23.0,59.0,0,0.5666,1,0.5323,1,0.5843,1
Estoril,20220425,Clay,R16,2022,Richard Gasquet,Hugo Dellien,80.0,85.0,1,0.5377,1,0.5817,1,0.5776,1
Estoril,20220425,Clay,R16,2022,Frances Tiafoe,Nuno Borges,29.0,131.0,1,0.6993,1,0.6984,1,0.7966,1
Estoril,20220425,Clay,R16,2022,Bernabe Zapata Miralles,Alejandro Davidovich Fokina,123.0,28.0,0,0.2499,0,0.1868,0,0.225,0
Estoril,20220425,Clay,R16,2022,Benjamin Bonzi,Sebastian Korda,58.0,37.0,0,0.3029,0,0.3061,0,0.3209,0
Estoril,20220425,Clay,R16,2022,Carlos Taberner,Felix Auger Aliassime,92.0,10.0,0,0.2642,0,0.2762,0,0.1792,0
Estoril,20220425,Clay,QF,2022,Fernando Verdasco,Albert Ramos,118.0,31.0,0,0.3241,0,0.2931,0,0.3162,0
Estoril,20220425,Clay,QF,2022,Richard Gasquet,Sebastian Baez,80.0,59.0,0,0.4338,0,0.4341,0,0.4028,0
Estoril,20220425,Clay,QF,2022,Frances Tiafoe,Alejandro Davidovich Fokina,29.0,28.0,1,0.4492,0,0.4049,0,0.4257,0
Estoril,20220425,Clay,QF,2022,Felix Auger Aliassime,Sebastian Korda,10.0,37.0,0,0.6043,1,0.5607,1,0.5875,1
Estoril,20220425,Clay,SF,2022,Albert Ramos,Sebastian Baez,31.0,59.0,0,0.5269,1,0.5365,1,0.4224,0
Estoril,20220425,Clay,SF,2022,Frances Tiafoe,Sebastian Korda,29.0,37.0,1,0.4576,0,0.4649,0,0.4483,0
Estoril,20220425,Clay,F,2022,Frances Tiafoe,Sebastian Baez,29.0,59.0,0,0.572,1,0.548,1,0.5569,1
Madrid Masters,20220502,Clay,R64,2022,Albert Ramos,Marin Cilic,43.0,24.0,0,0.4972,0,0.4619,0,0.4963,0
Madrid Masters,20220502,Clay,R64,2022,Ilya Ivashka,Lorenzo Musetti,48.0,63.0,0,0.4261,0,0.4283,0,0.334,0
Madrid Masters,20220502,Clay,R64,2022,Reilly Opelka,Sebastian Korda,17.0,30.0,0,0.6023,1,0.5552,1,0.5135,1
Madrid Masters,20220502,Clay,R64,2022,Tommy Paul,Jannik Sinner,35.0,12.0,0,0.3057,0,0.276,0,0.243,0
Madrid Masters,20220502,Clay,R64,2022,Pedro Martinez,Alex De Minaur,44.0,22.0,0,0.4488,0,0.4313,0,0.3851,0
Madrid Masters,20220502,Clay,R64,2022,Cristian Garin,Frances Tiafoe,39.0,25.0,1,0.3853,0,0.3463,0,0.2797,0
Madrid Masters,20220502,Clay,R64,2022,Lucas Pouille,Karen Khachanov,174.0,26.0,1,0.1881,0,0.1759,0,0.1577,0
Madrid Masters,20220502,Clay,R64,2022,Grigor Dimitrov,Maxime Cressy,20.0,64.0,1,0.6391,1,0.6112,1,0.6197,1
Madrid Masters,20220502,Clay,R64,2022,Benoit Paire,Diego Schwartzman,62.0,15.0,0,0.2451,0,0.1953,0,0.2463,0
Madrid Masters,20220502,Clay,R64,2022,Roberto Bautista Agut,Jenson Brooksby,19.0,42.0,1,0.6176,1,0.597,1,0.5141,1
Madrid Masters,20220502,Clay,R64,2022,Daniel Evans,Federico Delbonis,36.0,37.0,1,0.4124,0,0.4395,0,0.3552,0
Madrid Masters,20220502,Clay,R64,2022,Lorenzo Sonego,Jack Draper,28.0,121.0,0,0.6705,1,0.6979,1,0.7429,1
Madrid Masters,20220502,Clay,R64,2022,Fabio Fognini,Nikoloz Basilashvili,51.0,27.0,0,0.5281,1,0.4984,0,0.4615,0
Madrid Masters,20220502,Clay,R64,2022,John Isner,Filip Krajinovic,23.0,56.0,1,0.6546,1,0.619,1,0.6302,1
Madrid Masters,20220502,Clay,R64,2022,Cameron Norrie,Soon Woo Kwon,11.0,73.0,1,0.7342,1,0.7118,1,0.7354,1
Madrid Masters,20220502,Clay,R64,2022,Pablo Carreno Busta,Botic Van De Zandschulp,18.0,31.0,0,0.5326,1,0.5135,1,0.4506,0
Madrid Masters,20220502,Clay,R64,2022,David Goffin,Aslan Karatsev,60.0,34.0,1,0.5435,1,0.5039,1,0.5527,1
Madrid Masters,20220502,Clay,R64,2022,Alexander Bublik,Miomir Kecmanovic,33.0,32.0,0,0.4616,0,0.4508,0,0.5508,1
Madrid Masters,20220502,Clay,R64,2022,Dusan Lajovic,Borna Coric,77.0,264.0,1,0.6712,1,0.6711,1,0.7438,1
Madrid Masters,20220502,Clay,R64,2022,Lloyd Harris,Alejandro Davidovich Fokina,38.0,29.0,0,0.4267,0,0.3796,0,0.3365,0
Madrid Masters,20220502,Clay,R64,2022,Hugo Dellien,Hubert Hurkacz,81.0,14.0,0,0.2341,0,0.2061,0,0.1239,0
Madrid Masters,20220502,Clay,R64,2022,Denis Shapovalov,Ugo Humbert,16.0,46.0,1,0.7303,1,0.7774,1,0.7448,1
Madrid Masters,20220502,Clay,R64,2022,Andy Murray,Dominic Thiem,78.0,91.0,1,0.4608,0,0.5007,1,0.4638,0
Madrid Masters,20220502,Clay,R64,2022,Gael Monfils,Carlos Gimeno Valero,21.0,369.0,1,0.844,1,0.8072,1,0.7781,1
Madrid Masters,20220502,Clay,R32,2022,Alexander Zverev,Marin Cilic,3.0,24.0,1,0.9009,1,0.866,1,0.8599,1
Madrid Masters,20220502,Clay,R32,2022,Sebastian Korda,Lorenzo Musetti,30.0,63.0,0,0.5778,1,0.5862,1,0.5724,1
Madrid Masters,20220502,Clay,R32,2022,Alex De Minaur,Jannik Sinner,22.0,12.0,0,0.3597,0,0.3432,0,0.3797,0
Madrid Masters,20220502,Clay,R32,2022,Cristian Garin,Felix Auger Aliassime,39.0,10.0,0,0.3189,0,0.3427,0,0.3668,0
Madrid Masters,20220502,Clay,R32,2022,Lucas Pouille,Stefanos Tsitsipas,174.0,5.0,0,0.0476,0,0.056,0,0.0301,0
Madrid Masters,20220502,Clay,R32,2022,Grigor Dimitrov,Diego Schwartzman,20.0,15.0,1,0.4286,0,0.3999,0,0.4798,0
Madrid Masters,20220502,Clay,R32,2022,Roberto Bautista Agut,Daniel Evans,19.0,36.0,0,0.6673,1,0.6772,1,0.7485,1
Madrid Masters,20220502,Clay,R32,2022,Andrey Rublev,Jack Draper,8.0,121.0,1,0.8592,1,0.8301,1,0.8629,1
Madrid Masters,20220502,Clay,R32,2022,Nikoloz Basilashvili,Carlos Alcaraz,27.0,9.0,0,0.1643,0,0.1798,0,0.1908,0
Madrid Masters,20220502,Clay,R32,2022,John Isner,Cameron Norrie,23.0,11.0,0,0.3976,0,0.3872,0,0.4777,0
Madrid Masters,20220502,Clay,R32,2022,David Goffin,Botic Van De Zandschulp,60.0,31.0,1,0.4001,0,0.3684,0,0.3412,0
Madrid Masters,20220502,Clay,R32,2022,Rafael Nadal,Miomir Kecmanovic,4.0,32.0,1,0.8203,1,0.8641,1,0.8357,1
Madrid Masters,20220502,Clay,R32,2022,Dusan Lajovic,Casper Ruud,77.0,7.0,1,0.1454,0,0.0867,0,0.0265,0
Madrid Masters,20220502,Clay,R32,2022,Hubert Hurkacz,Alejandro Davidovich Fokina,14.0,29.0,1,0.5983,1,0.5673,1,0.515,1
Madrid Masters,20220502,Clay,R32,2022,Andy Murray,Denis Shapovalov,78.0,16.0,1,0.1985,0,0.252,0,0.2144,0
Madrid Masters,20220502,Clay,R32,2022,Gael Monfils,Novak Djokovic,21.0,1.0,0,0.1037,0,0.151,0,0.0969,0
Madrid Masters,20220502,Clay,R16,2022,Alexander Zverev,Lorenzo Musetti,3.0,63.0,1,0.8807,1,0.8631,1,0.9432,1
Madrid Masters,20220502,Clay,R16,2022,Felix Auger Aliassime,Jannik Sinner,10.0,12.0,1,0.4439,0,0.4187,0,0.3802,0
Madrid Masters,20220502,Clay,R16,2022,Grigor Dimitrov,Stefanos Tsitsipas,20.0,5.0,0,0.1803,0,0.2018,0,0.2568,0
Madrid Masters,20220502,Clay,R16,2022,Daniel Evans,Andrey Rublev,36.0,8.0,0,0.1609,0,0.1774,0,0.2446,0
Madrid Masters,20220502,Clay,R16,2022,Cameron Norrie,Carlos Alcaraz,11.0,9.0,0,0.3792,0,0.314,0,0.2878,0
Madrid Masters,20220502,Clay,R16,2022,Rafael Nadal,David Goffin,4.0,60.0,1,0.8633,1,0.8815,1,0.932,1
Madrid Masters,20220502,Clay,R16,2022,Dusan Lajovic,Hubert Hurkacz,77.0,14.0,0,0.2255,0,0.2131,0,0.2295,0
Madrid Masters,20220502,Clay,R16,2022,Andy Murray,Novak Djokovic,78.0,1.0,0,0.0498,0,0.1164,0,0.0365,0
Madrid Masters,20220502,Clay,QF,2022,Alexander Zverev,Felix Auger Aliassime,3.0,10.0,1,0.8063,1,0.8069,1,0.8028,1
Madrid Masters,20220502,Clay,QF,2022,Andrey Rublev,Stefanos Tsitsipas,8.0,5.0,0,0.3618,0,0.4058,0,0.4036,0
Madrid Masters,20220502,Clay,QF,2022,Rafael Nadal,Carlos Alcaraz,4.0,9.0,0,0.607,1,0.6211,1,0.6384,1
Madrid Masters,20220502,Clay,QF,2022,Novak Djokovic,Hubert Hurkacz,1.0,14.0,1,0.8115,1,0.8192,1,0.8418,1
Madrid Masters,20220502,Clay,SF,2022,Alexander Zverev,Stefanos Tsitsipas,3.0,5.0,1,0.5997,1,0.5934,1,0.4964,0
Madrid Masters,20220502,Clay,SF,2022,Novak Djokovic,Carlos Alcaraz,1.0,9.0,0,0.6934,1,0.5818,1,0.5953,1
Madrid Masters,20220502,Clay,F,2022,Alexander Zverev,Carlos Alcaraz,3.0,9.0,0,0.688,1,0.5835,1,0.672,1
Rome Masters,20220509,Clay,R64,2022,Tallon Griekspoor,Sebastian Baez,67.0,37.0,0,0.3954,0,0.3415,0,0.3618,0
Rome Masters,20220509,Clay,R64,2022,Albert Ramos,Tommy Paul,43.0,34.0,0,0.4525,0,0.4033,0,0.4336,0
Rome Masters,20220509,Clay,R64,2022,Dusan Lajovic,Alex De Minaur,64.0,22.0,0,0.3304,0,0.3087,0,0.3228,0
Rome Masters,20220509,Clay,R64,2022,Cameron Norrie,Luca Nardi,11.0,201.0,1,0.8975,1,0.8827,1,0.9117,1
Rome Masters,20220509,Clay,R64,2022,Marin Cilic,Matteo Arnaldi,23.0,275.0,1,0.8225,1,0.8289,1,0.8591,1
Rome Masters,20220509,Clay,R64,2022,Cristian Garin,Francesco Passaro,45.0,368.0,1,0.8442,1,0.8682,1,0.8838,1
Rome Masters,20220509,Clay,R64,2022,Grigor Dimitrov,Brandon Nakashima,20.0,76.0,1,0.6343,1,0.626,1,0.6584,1
Rome Masters,20220509,Clay,R64,2022,Karen Khachanov,Giulio Zeppieri,24.0,227.0,1,0.8311,1,0.8355,1,0.8686,1
Rome Masters,20220509,Clay,R64,2022,Federico Delbonis,Pablo Carreno Busta,39.0,18.0,0,0.3444,0,0.2857,0,0.28,0
Rome Masters,20220509,Clay,R64,2022,Pedro Martinez,Jannik Sinner,40.0,13.0,0,0.2831,0,0.2757,0,0.2127,0
Rome Masters,20220509,Clay,R64,2022,Fabio Fognini,Dominic Thiem,56.0,162.0,1,0.7047,1,0.7041,1,0.638,1
Rome Masters,20220509,Clay,R64,2022,Filip Krajinovic,Frances Tiafoe,54.0,26.0,1,0.3571,0,0.3296,0,0.2545,0
Rome Masters,20220509,Clay,R64,2022,Botic Van De Zandschulp,Sebastian Korda,32.0,30.0,1,0.4669,0,0.4547,0,0.4233,0
Rome Masters,20220509,Clay,R64,2022,Jenson Brooksby,Flavio Cobolli,38.0,150.0,1,0.5989,1,0.6471,1,0.7966,1
Rome Masters,20220509,Clay,R64,2022,David Goffin,Hubert Hurkacz,48.0,12.0,1,0.2967,0,0.3068,0,0.3122,0
Rome Masters,20220509,Clay,R64,2022,Lorenzo Sonego,Denis Shapovalov,28.0,16.0,0,0.3836,0,0.3552,0,0.3776,0
Rome Masters,20220509,Clay,R64,2022,Daniel Evans,Nikoloz Basilashvili,33.0,25.0,0,0.4419,0,0.469,0,0.5016,1
Rome Masters,20220509,Clay,R64,2022,John Isner,Francisco Cerundolo,27.0,49.0,1,0.5432,1,0.5468,1,0.4997,0
Rome Masters,20220509,Clay,R64,2022,Ilya Ivashka,Alejandro Davidovich Fokina,50.0,29.0,0,0.3682,0,0.3502,0,0.3114,0
Rome Masters,20220509,Clay,R64,2022,Marcos Giron,Alexander Bublik,59.0,41.0,1,0.3814,0,0.3999,0,0.4253,0
Rome Masters,20220509,Clay,R64,2022,Diego Schwartzman,Miomir Kecmanovic,15.0,31.0,1,0.5519,1,0.5858,1,0.5454,1
Rome Masters,20220509,Clay,R64,2022,Stan Wawrinka,Reilly Opelka,361.0,17.0,1,0.064,0,0.1531,0,0.069,0
Rome Masters,20220509,Clay,R64,2022,Borna Coric,Laslo Djere,262.0,58.0,0,0.2137,0,0.2372,0,0.2442,0
Rome Masters,20220509,Clay,R64,2022,Aslan Karatsev,Lloyd Harris,35.0,36.0,1,0.4247,0,0.44,0,0.444,0
Rome Masters,20220509,Clay,R32,2022,Alexander Zverev,Sebastian Baez,3.0,37.0,1,0.8669,1,0.8255,1,0.9395,1
Rome Masters,20220509,Clay,R32,2022,Tommy Paul,Alex De Minaur,34.0,22.0,0,0.4286,0,0.395,0,0.3883,0
Rome Masters,20220509,Clay,R32,2022,Marin Cilic,Cameron Norrie,23.0,11.0,1,0.2994,0,0.2954,0,0.3106,0
Rome Masters,20220509,Clay,R32,2022,Cristian Garin,Emil Ruusuvuori,45.0,61.0,1,0.4722,0,0.4637,0,0.462,0
Rome Masters,20220509,Clay,R32,2022,Grigor Dimitrov,Stefanos Tsitsipas,20.0,5.0,0,0.193,0,0.2293,0,0.2578,0
Rome Masters,20220509,Clay,R32,2022,Pablo Carreno Busta,Karen Khachanov,18.0,24.0,0,0.5764,1,0.6044,1,0.6856,1
Rome Masters,20220509,Clay,R32,2022,Fabio Fognini,Jannik Sinner,56.0,13.0,0,0.2303,0,0.2421,0,0.2812,0
Rome Masters,20220509,Clay,R32,2022,Filip Krajinovic,Andrey Rublev,54.0,7.0,1,0.1963,0,0.1606,0,0.1545,0
Rome Masters,20220509,Clay,R32,2022,Botic Van De Zandschulp,Casper Ruud,32.0,10.0,0,0.3121,0,0.2658,0,0.2771,0
Rome Masters,20220509,Clay,R32,2022,David Goffin,Jenson Brooksby,48.0,38.0,0,0.5719,1,0.5031,1,0.4624,0
Rome Masters,20220509,Clay,R32,2022,Nikoloz Basilashvili,Denis Shapovalov,25.0,16.0,0,0.335,0,0.2878,0,0.2855,0
Rome Masters,20220509,Clay,R32,2022,John Isner,Rafael Nadal,27.0,4.0,0,0.2029,0,0.2206,0,0.1829,0
Rome Masters,20220509,Clay,R32,2022,Felix Auger Aliassime,Alejandro Davidovich Fokina,9.0,29.0,1,0.6272,1,0.6216,1,0.5836,1
Rome Masters,20220509,Clay,R32,2022,Diego Schwartzman,Marcos Giron,15.0,59.0,0,0.7639,1,0.7553,1,0.7797,1
Rome Masters,20220509,Clay,R32,2022,Stan Wawrinka,Laslo Djere,361.0,58.0,1,0.1306,0,0.1866,0,0.2447,0
Rome Masters,20220509,Clay,R32,2022,Novak Djokovic,Aslan Karatsev,1.0,35.0,1,0.9239,1,0.9107,1,0.9306,1
Rome Masters,20220509,Clay,R16,2022,Alexander Zverev,Alex De Minaur,3.0,22.0,1,0.8457,1,0.8458,1,0.8761,1
Rome Masters,20220509,Clay,R16,2022,Marin Cilic,Cristian Garin,23.0,45.0,0,0.5226,1,0.532,1,0.4952,0
Rome Masters,20220509,Clay,R16,2022,Karen Khachanov,Stefanos Tsitsipas,24.0,5.0,0,0.167,0,0.1822,0,0.1846,0
Rome Masters,20220509,Clay,R16,2022,Filip Krajinovic,Jannik Sinner,54.0,13.0,0,0.2283,0,0.2113,0,0.2471,0
Rome Masters,20220509,Clay,R16,2022,Casper Ruud,Jenson Brooksby,10.0,38.0,1,0.7989,1,0.7588,1,0.7717,1
Rome Masters,20220509,Clay,R16,2022,Rafael Nadal,Denis Shapovalov,4.0,16.0,0,0.7677,1,0.809,1,0.8061,1
Rome Masters,20220509,Clay,R16,2022,Marcos Giron,Felix Auger Aliassime,59.0,9.0,0,0.1795,0,0.2225,0,0.2613,0
Rome Masters,20220509,Clay,R16,2022,Stan Wawrinka,Novak Djokovic,361.0,1.0,0,0.0181,0,0.0673,0,0.0363,0
Rome Masters,20220509,Clay,QF,2022,Alexander Zverev,Cristian Garin,3.0,45.0,1,0.8938,1,0.882,1,0.9222,1
Rome Masters,20220509,Clay,QF,2022,Stefanos Tsitsipas,Jannik Sinner,5.0,13.0,1,0.6886,1,0.6741,1,0.738,1
Rome Masters,20220509,Clay,QF,2022,Denis Shapovalov,Casper Ruud,16.0,10.0,0,0.3559,0,0.2918,0,0.2827,0
Rome Masters,20220509,Clay,QF,2022,Novak Djokovic,Felix Auger Aliassime,1.0,9.0,1,0.7845,1,0.8151,1,0.8188,1
Rome Masters,20220509,Clay,SF,2022,Alexander Zverev,Stefanos Tsitsipas,3.0,5.0,0,0.5668,1,0.5282,1,0.4716,0
Rome Masters,20220509,Clay,SF,2022,Novak Djokovic,Casper Ruud,1.0,10.0,1,0.7357,1,0.64,1,0.688,1
Rome Masters,20220509,Clay,F,2022,Novak Djokovic,Stefanos Tsitsipas,1.0,5.0,1,0.5925,1,0.6003,1,0.5387,1
Geneva,20220516,Clay,R32,2022,Benoit Paire,Emil Ruusuvuori,67.0,61.0,1,0.3496,0,0.3845,0,0.5119,1
Geneva,20220516,Clay,R32,2022,Fabio Fognini,Thanasi Kokkinakis,52.0,85.0,0,0.5874,1,0.6135,1,0.6554,1
Geneva,20220516,Clay,R32,2022,Ricardas Berankis,Federico Delbonis,101.0,62.0,0,0.3802,0,0.3517,0,0.3567,0
Geneva,20220516,Clay,R32,2022,Albert Ramos,Christopher Oconnell,42.0,124.0,0,0.7301,1,0.7288,1,0.6977,1
Geneva,20220516,Clay,R32,2022,Johan Nikles,Leandro Riedi,317.0,301.0,1,0.4442,0,0.4285,0,0.332,0
Geneva,20220516,Clay,R32,2022,Tommy Paul,Tallon Griekspoor,33.0,64.0,0,0.6187,1,0.636,1,0.6417,1
Geneva,20220516,Clay,R32,2022,Facundo Bagnis,Nikoloz Basilashvili,98.0,25.0,0,0.3728,0,0.3296,0,0.3243,0
Geneva,20220516,Clay,R32,2022,Pablo Andujar,Joao Sousa,83.0,79.0,0,0.5545,1,0.5955,1,0.6703,1
Geneva,20220516,Clay,R32,2022,Marcos Giron,Ilya Ivashka,49.0,50.0,0,0.4667,0,0.4567,0,0.4607,0
Geneva,20220516,Clay,R32,2022,Kamil Majchrzak,Alexander Bublik,81.0,41.0,1,0.4795,0,0.5176,1,0.5343,1
Geneva,20220516,Clay,R32,2022,Marco Cecchinato,Dominic Thiem,134.0,194.0,1,0.6577,1,0.6918,1,0.7254,1
Geneva,20220516,Clay,R32,2022,Richard Gasquet,John Millman,75.0,93.0,1,0.5932,1,0.6098,1,0.6182,1
Geneva,20220516,Clay,R16,2022,Benoit Paire,Casper Ruud,67.0,8.0,0,0.1383,0,0.1034,0,0.0649,0
Geneva,20220516,Clay,R16,2022,Federico Delbonis,Thanasi Kokkinakis,62.0,85.0,0,0.5554,1,0.6364,1,0.6285,1
Geneva,20220516,Clay,R16,2022,Christopher Oconnell,Reilly Opelka,124.0,18.0,0,0.1515,0,0.1802,0,0.1244,0
Geneva,20220516,Clay,R16,2022,Johan Nikles,Tallon Griekspoor,317.0,64.0,0,0.2241,0,0.2563,0,0.2137,0
Geneva,20220516,Clay,R16,2022,Joao Sousa,Nikoloz Basilashvili,79.0,25.0,1,0.3397,0,0.2701,0,0.2683,0
Geneva,20220516,Clay,R16,2022,Ilya Ivashka,Denis Shapovalov,50.0,15.0,1,0.2863,0,0.282,0,0.29,0
Geneva,20220516,Clay,R16,2022,Marco Cecchinato,Kamil Majchrzak,134.0,81.0,0,0.4248,0,0.4152,0,0.4233,0
Geneva,20220516,Clay,R16,2022,Richard Gasquet,Daniil Medvedev,75.0,2.0,1,0.0719,0,0.1364,0,0.0943,0
Geneva,20220516,Clay,QF,2022,Thanasi Kokkinakis,Casper Ruud,85.0,8.0,0,0.1478,0,0.2003,0,0.1067,0
Geneva,20220516,Clay,QF,2022,Reilly Opelka,Tallon Griekspoor,18.0,64.0,1,0.7358,1,0.7299,1,0.7668,1
Geneva,20220516,Clay,QF,2022,Joao Sousa,Ilya Ivashka,79.0,50.0,1,0.3813,0,0.3332,0,0.3311,0
Geneva,20220516,Clay,QF,2022,Richard Gasquet,Kamil Majchrzak,75.0,81.0,1,0.5191,1,0.5433,1,0.5276,1
Geneva,20220516,Clay,SF,2022,Reilly Opelka,Casper Ruud,18.0,8.0,0,0.3596,0,0.2602,0,0.2522,0
Geneva,20220516,Clay,SF,2022,Richard Gasquet,Joao Sousa,75.0,79.0,0,0.6165,1,0.6602,1,0.6536,1
Geneva,20220516,Clay,F,2022,Joao Sousa,Casper Ruud,79.0,8.0,0,0.1258,0,0.0957,0,0.04,0
Lyon,20220516,Clay,R32,2022,Federico Coria,Daniel Altmaier,59.0,54.0,1,0.5077,1,0.5251,1,0.5481,1
Lyon,20220516,Clay,R32,2022,Jo-Wilfried Tsonga,Alex Molcan,267.0,47.0,0,0.1395,0,0.1641,0,0.0923,0
Lyon,20220516,Clay,R32,2022,Gilles Simon,Karen Khachanov,159.0,24.0,0,0.1591,0,0.171,0,0.1825,0
Lyon,20220516,Clay,R32,2022,Gregoire Barrere,Ugo Humbert,209.0,45.0,0,0.268,0,0.2424,0,0.1899,0
Lyon,20220516,Clay,R32,2022,Aljaz Bedene,Soon Woo Kwon,175.0,71.0,0,0.3884,0,0.3853,0,0.4212,0
Lyon,20220516,Clay,R32,2022,Pedro Martinez,Yosuke Watanuki,43.0,263.0,0,0.82,1,0.8119,1,0.8421,1
Lyon,20220516,Clay,R32,2022,Adrian Mannarino,Aslan Karatsev,73.0,39.0,1,0.3484,0,0.3285,0,0.2932,0
Lyon,20220516,Clay,R32,2022,Arthur Rinderknech,Holger Rune,65.0,40.0,0,0.4067,0,0.4284,0,0.4668,0
Lyon,20220516,Clay,R32,2022,Manuel Guinard,Hugo Gaston,158.0,68.0,1,0.2659,0,0.2972,0,0.4359,0
Lyon,20220516,Clay,R32,2022,Tomas Martin Etcheverry,Sebastian Baez,90.0,38.0,0,0.3289,0,0.3187,0,0.3927,0
Lyon,20220516,Clay,R32,2022,Oscar Otte,Lucas Pouille,60.0,163.0,1,0.6874,1,0.6895,1,0.6868,1
Lyon,20220516,Clay,R32,2022,James Duckworth,Francisco Cerundolo,70.0,44.0,0,0.3532,0,0.3905,0,0.4099,0
Lyon,20220516,Clay,R16,2022,Pablo Carreno Busta,Federico Coria,17.0,59.0,0,0.6355,1,0.636,1,0.6206,1
Lyon,20220516,Clay,R16,2022,Karen Khachanov,Alex Molcan,24.0,47.0,0,0.5157,1,0.4979,0,0.5166,1
Lyon,20220516,Clay,R16,2022,Ugo Humbert,Alex De Minaur,45.0,21.0,0,0.3144,0,0.2527,0,0.2384,0
Lyon,20220516,Clay,R16,2022,Soon Woo Kwon,Yosuke Watanuki,71.0,263.0,0,0.7714,1,0.7585,1,0.7816,1
Lyon,20220516,Clay,R16,2022,Adrian Mannarino,Holger Rune,73.0,40.0,0,0.2138,0,0.2814,0,0.1857,0
Lyon,20220516,Clay,R16,2022,Michael Mmoh,Manuel Guinard,179.0,158.0,0,0.6575,1,0.5414,1,0.4408,0
Lyon,20220516,Clay,R16,2022,Oscar Otte,Sebastian Baez,60.0,38.0,0,0.4651,0,0.4363,0,0.4791,0
Lyon,20220516,Clay,R16,2022,Cameron Norrie,Francisco Cerundolo,11.0,44.0,1,0.6793,1,0.6673,1,0.6482,1
Lyon,20220516,Clay,QF,2022,Federico Coria,Alex Molcan,59.0,47.0,0,0.4194,0,0.3744,0,0.367,0
Lyon,20220516,Clay,QF,2022,Yosuke Watanuki,Alex De Minaur,263.0,21.0,0,0.1309,0,0.1587,0,0.1166,0
Lyon,20220516,Clay,QF,2022,Manuel Guinard,Holger Rune,158.0,40.0,0,0.2068,0,0.1831,0,0.1452,0
Lyon,20220516,Clay,QF,2022,Cameron Norrie,Sebastian Baez,11.0,38.0,1,0.6725,1,0.6126,1,0.5127,1
Lyon,20220516,Clay,SF,2022,Alex Molcan,Alex De Minaur,47.0,21.0,1,0.46,0,0.4731,0,0.5001,1
Lyon,20220516,Clay,SF,2022,Cameron Norrie,Holger Rune,11.0,40.0,1,0.6365,1,0.6966,1,0.7232,1
Lyon,20220516,Clay,F,2022,Cameron Norrie,Alex Molcan,11.0,47.0,1,0.6457,1,0.5921,1,0.5644,1
Roland Garros,20220523,Clay,R128,2022,Novak Djokovic,Yoshihito Nishioka,1.0,99.0,1,0.9396,1,0.8957,1,0.9393,1
Roland Garros,20220523,Clay,R128,2022,Federico Coria,Alex Molcan,54.0,38.0,0,0.4076,0,0.3499,0,0.3544,0
Roland Garros,20220523,Clay,R128,2022,Aljaz Bedene,Christopher Oconnell,195.0,117.0,1,0.4161,0,0.3913,0,0.4198,0
Roland Garros,20220523,Clay,R128,2022,Pablo Cuevas,Jenson Brooksby,149.0,34.0,1,0.2999,0,0.27,0,0.1682,0
Roland Garros,20220523,Clay,R128,2022,Grigor Dimitrov,Marcos Giron,21.0,49.0,1,0.6817,1,0.6722,1,0.7157,1
Roland Garros,20220523,Clay,R128,2022,Borna Coric,Carlos Taberner,279.0,85.0,1,0.2529,0,0.2824,0,0.3098,0
Roland Garros,20220523,Clay,R128,2022,Daniel Altmaier,Jaume Munar,53.0,87.0,0,0.5485,1,0.531,1,0.523,1
Roland Garros,20220523,Clay,R128,2022,Andrey Kuznetsov,Diego Schwartzman,228.0,16.0,0,0.1163,0,0.1545,0,0.1816,0
Roland Garros,20220523,Clay,R128,2022,Juan Pablo Varillas,Felix Auger Aliassime,122.0,9.0,0,0.1766,0,0.2188,0,0.2098,0
Roland Garros,20220523,Clay,R128,2022,Aslan Karatsev,Camilo Ugo Carabelli,41.0,155.0,0,0.7042,1,0.7326,1,0.697,1
Roland Garros,20220523,Clay,R128,2022,Alessandro Giannessi,Borna Gojo,173.0,223.0,0,0.5648,1,0.5415,1,0.3849,0
Roland Garros,20220523,Clay,R128,2022,Filip Krajinovic,Reilly Opelka,55.0,17.0,1,0.3042,0,0.3163,0,0.3124,0
Roland Garros,20220523,Clay,R128,2022,Botic Van De Zandschulp,Pavel Kotov,29.0,141.0,1,0.6436,1,0.6751,1,0.646,1
Roland Garros,20220523,Clay,R128,2022,Fabio Fognini,Alexei Popyrin,51.0,102.0,1,0.5785,1,0.617,1,0.5465,1
Roland Garros,20220523,Clay,R128,2022,Stan Wawrinka,Corentin Moutet,264.0,139.0,0,0.566,1,0.5036,1,0.6018,1
Roland Garros,20220523,Clay,R128,2022,Rafael Nadal,Jordan Thompson,5.0,82.0,1,0.8656,1,0.8574,1,0.8833,1
Roland Garros,20220523,Clay,R128,2022,Alexander Zverev,Sebastian Ofner,3.0,219.0,1,0.969,1,0.9319,1,0.968,1
Roland Garros,20220523,Clay,R128,2022,Dusan Lajovic,Sebastian Baez,64.0,36.0,0,0.3682,0,0.3283,0,0.2809,0
Roland Garros,20220523,Clay,R128,2022,Kamil Majchrzak,Brandon Nakashima,79.0,75.0,0,0.5303,1,0.587,1,0.5535,1
Roland Garros,20220523,Clay,R128,2022,Tallon Griekspoor,Alejandro Davidovich Fokina,58.0,28.0,1,0.3823,0,0.3401,0,0.3028,0
Roland Garros,20220523,Clay,R128,2022,John Isner,Quentin Halys,26.0,84.0,1,0.7863,1,0.737,1,0.7124,1
Roland Garros,20220523,Clay,R128,2022,Taro Daniel,Gregoire Barrere,115.0,210.0,0,0.7351,1,0.7098,1,0.6984,1
Roland Garros,20220523,Clay,R128,2022,Michael Mmoh,Bernabe Zapata Miralles,176.0,131.0,0,0.4937,0,0.4833,0,0.4751,0
Roland Garros,20220523,Clay,R128,2022,Taylor Fritz,Santiago Fa Rodriguez Taverna,14.0,201.0,1,0.8978,1,0.8761,1,0.9023,1
Roland Garros,20220523,Clay,R128,2022,Cameron Norrie,Manuel Guinard,11.0,146.0,1,0.7705,1,0.783,1,0.7583,1
Roland Garros,20220523,Clay,R128,2022,Denis Kudla,Jason Kubler,81.0,160.0,0,0.6761,1,0.6782,1,0.6801,1
Roland Garros,20220523,Clay,R128,2022,Hugo Dellien,Dominic Thiem,90.0,190.0,1,0.6694,1,0.6691,1,0.6357,1
Roland Garros,20220523,Clay,R128,2022,Karen Khachanov,Nuno Borges,25.0,135.0,1,0.6438,1,0.6409,1,0.6681,1
Roland Garros,20220523,Clay,R128,2022,John Millman,Sebastian Korda,91.0,30.0,0,0.2337,0,0.2519,0,0.2396,0
Roland Garros,20220523,Clay,R128,2022,Richard Gasquet,Lloyd Harris,70.0,39.0,1,0.4765,0,0.4852,0,0.4947,0
Roland Garros,20220523,Clay,R128,2022,Albert Ramos,Thanasi Kokkinakis,44.0,86.0,1,0.4095,0,0.4346,0,0.4942,0
Roland Garros,20220523,Clay,R128,2022,Juan Ignacio Londero,Carlos Alcaraz,142.0,6.0,0,0.0752,0,0.0757,0,0.0479,0
Roland Garros,20220523,Clay,R128,2022,Jo-Wilfried Tsonga,Casper Ruud,297.0,8.0,0,0.0537,0,0.0902,0,0.0373,0
Roland Garros,20220523,Clay,R128,2022,Ugo Humbert,Emil Ruusuvuori,46.0,61.0,0,0.4621,0,0.458,0,0.458,0
Roland Garros,20220523,Clay,R128,2022,Joao Sousa,Chun Hsin Tseng,63.0,109.0,1,0.726,1,0.6787,1,0.6167,1
Roland Garros,20220523,Clay,R128,2022,Peter Gojowczyk,Lorenzo Sonego,94.0,35.0,0,0.2947,0,0.3033,0,0.264,0
Roland Garros,20220523,Clay,R128,2022,Benjamin Bonzi,Frances Tiafoe,52.0,27.0,0,0.3256,0,0.2938,0,0.2717,0
Roland Garros,20220523,Clay,R128,2022,David Goffin,Jiri Lehecka,48.0,77.0,1,0.6437,1,0.6388,1,0.5864,1
Roland Garros,20220523,Clay,R128,2022,Pablo Andujar,Marco Cecchinato,98.0,132.0,0,0.4574,0,0.4654,0,0.4592,0
Roland Garros,20220523,Clay,R128,2022,Hubert Hurkacz,Giulio Zeppieri,13.0,216.0,1,0.8922,1,0.891,1,0.9042,1
Roland Garros,20220523,Clay,R128,2022,Denis Shapovalov,Holger Rune,15.0,40.0,0,0.5256,1,0.5958,1,0.5225,1
Roland Garros,20220523,Clay,R128,2022,Henri Laaksonen,Pedro Martinez,96.0,43.0,1,0.408,0,0.3608,0,0.3398,0
Roland Garros,20220523,Clay,R128,2022,Norbert Gombos,Pedro Cachin,112.0,153.0,0,0.6762,1,0.6274,1,0.6209,1
Roland Garros,20220523,Clay,R128,2022,Alex De Minaur,Hugo Gaston,20.0,74.0,0,0.6376,1,0.6266,1,0.6273,1
Roland Garros,20220523,Clay,R128,2022,Daniel Evans,Francisco Cerundolo,32.0,45.0,1,0.3776,0,0.4044,0,0.4235,0
Roland Garros,20220523,Clay,R128,2022,James Duckworth,Mikael Ymer,72.0,95.0,0,0.4583,0,0.4557,0,0.437,0
Roland Garros,20220523,Clay,R128,2022,Lucas Pouille,Zdenek Kolar,162.0,134.0,0,0.5906,1,0.5847,1,0.7183,1
Roland Garros,20220523,Clay,R128,2022,Stefanos Tsitsipas,Lorenzo Musetti,4.0,66.0,1,0.8433,1,0.8265,1,0.8352,1
Roland Garros,20220523,Clay,R128,2022,Andrey Rublev,Soon Woo Kwon,7.0,71.0,1,0.7826,1,0.7872,1,0.8016,1
Roland Garros,20220523,Clay,R128,2022,Adrian Mannarino,Federico Delbonis,69.0,65.0,0,0.3974,0,0.3632,0,0.3237,0
Roland Garros,20220523,Clay,R128,2022,Benoit Paire,Ilya Ivashka,78.0,50.0,0,0.3944,0,0.3328,0,0.3375,0
Roland Garros,20220523,Clay,R128,2022,Cristian Garin,Tommy Paul,37.0,33.0,1,0.5205,1,0.4776,0,0.4905,0
Roland Garros,20220523,Clay,R128,2022,Nikoloz Basilashvili,Maxime Cressy,24.0,62.0,1,0.574,1,0.557,1,0.5172,1
Roland Garros,20220523,Clay,R128,2022,Franco Agamenone,Mackenzie Mcdonald,156.0,60.0,0,0.2832,0,0.3282,0,0.3493,0
Roland Garros,20220523,Clay,R128,2022,Roberto Carballes Baena,Oscar Otte,89.0,59.0,1,0.4108,0,0.3712,0,0.3926,0
Roland Garros,20220523,Clay,R128,2022,Bjorn Fratangelo,Jannik Sinner,186.0,12.0,0,0.0858,0,0.0701,0,0.0276,0
Roland Garros,20220523,Clay,R128,2022,Gilles Simon,Pablo Carreno Busta,158.0,18.0,1,0.1424,0,0.1574,0,0.169,0
Roland Garros,20220523,Clay,R128,2022,Steve Johnson,Jiri Vesely,92.0,73.0,1,0.5581,1,0.5711,1,0.5718,1
Roland Garros,20220523,Clay,R128,2022,Marton Fucsovics,Geoffrey Blancaneaux,57.0,191.0,1,0.8016,1,0.7757,1,0.7725,1
Roland Garros,20220523,Clay,R128,2022,Attila Balazs,Marin Cilic,262.0,23.0,0,0.132,0,0.1397,0,0.131,0
Roland Garros,20220523,Clay,R128,2022,Tomas Martin Etcheverry,Miomir Kecmanovic,88.0,31.0,0,0.2957,0,0.2894,0,0.4003,0
Roland Garros,20220523,Clay,R128,2022,Alexander Bublik,Arthur Rinderknech,42.0,68.0,1,0.4585,0,0.4705,0,0.5138,1
Roland Garros,20220523,Clay,R128,2022,Ricardas Berankis,Laslo Djere,101.0,56.0,0,0.287,0,0.2987,0,0.3047,0
Roland Garros,20220523,Clay,R128,2022,Facundo Bagnis,Daniil Medvedev,103.0,2.0,0,0.0489,0,0.0808,0,0.0462,0
Roland Garros,20220523,Clay,R64,2022,Novak Djokovic,Alex Molcan,1.0,38.0,1,0.8822,1,0.8412,1,0.9118,1
Roland Garros,20220523,Clay,R64,2022,Pablo Cuevas,Aljaz Bedene,149.0,195.0,0,0.5303,1,0.5022,1,0.4846,0
Roland Garros,20220523,Clay,R64,2022,Grigor Dimitrov,Borna Coric,21.0,279.0,1,0.8361,1,0.8439,1,0.8406,1
Roland Garros,20220523,Clay,R64,2022,Diego Schwartzman,Jaume Munar,16.0,87.0,1,0.6821,1,0.7638,1,0.7769,1
Roland Garros,20220523,Clay,R64,2022,Felix Auger Aliassime,Camilo Ugo Carabelli,9.0,155.0,1,0.901,1,0.8697,1,0.8949,1
Roland Garros,20220523,Clay,R64,2022,Filip Krajinovic,Borna Gojo,55.0,223.0,1,0.7582,1,0.7696,1,0.8076,1
Roland Garros,20220523,Clay,R64,2022,Fabio Fognini,Botic Van De Zandschulp,51.0,29.0,0,0.371,0,0.3554,0,0.3505,0
Roland Garros,20220523,Clay,R64,2022,Rafael Nadal,Corentin Moutet,5.0,139.0,1,0.9189,1,0.8863,1,0.9338,1
Roland Garros,20220523,Clay,R64,2022,Alexander Zverev,Sebastian Baez,3.0,36.0,1,0.8702,1,0.8277,1,0.9352,1
Roland Garros,20220523,Clay,R64,2022,Tallon Griekspoor,Brandon Nakashima,58.0,75.0,0,0.5385,1,0.5187,1,0.4667,0
Roland Garros,20220523,Clay,R64,2022,John Isner,Gregoire Barrere,26.0,210.0,1,0.8428,1,0.8487,1,0.8723,1
Roland Garros,20220523,Clay,R64,2022,Taylor Fritz,Bernabe Zapata Miralles,14.0,131.0,0,0.8139,1,0.8398,1,0.8421,1
Roland Garros,20220523,Clay,R64,2022,Jason Kubler,Cameron Norrie,160.0,11.0,0,0.0875,0,0.0495,0,0.0285,0
Roland Garros,20220523,Clay,R64,2022,Hugo Dellien,Karen Khachanov,90.0,25.0,0,0.2985,0,0.2011,0,0.1629,0
Roland Garros,20220523,Clay,R64,2022,Richard Gasquet,Sebastian Korda,70.0,30.0,0,0.3577,0,0.3778,0,0.3376,0
Roland Garros,20220523,Clay,R64,2022,Albert Ramos,Carlos Alcaraz,44.0,6.0,0,0.1339,0,0.123,0,0.1269,0
Roland Garros,20220523,Clay,R64,2022,Casper Ruud,Emil Ruusuvuori,8.0,61.0,1,0.7861,1,0.8068,1,0.8091,1
Roland Garros,20220523,Clay,R64,2022,Joao Sousa,Lorenzo Sonego,63.0,35.0,0,0.4869,0,0.4849,0,0.5021,1
Roland Garros,20220523,Clay,R64,2022,David Goffin,Frances Tiafoe,48.0,27.0,1,0.4428,0,0.4533,0,0.5097,1
Roland Garros,20220523,Clay,R64,2022,Marco Cecchinato,Hubert Hurkacz,132.0,13.0,0,0.1989,0,0.2341,0,0.1338,0
Roland Garros,20220523,Clay,R64,2022,Henri Laaksonen,Holger Rune,96.0,40.0,0,0.3119,0,0.3257,0,0.229,0
Roland Garros,20220523,Clay,R64,2022,Pedro Cachin,Hugo Gaston,153.0,74.0,0,0.2385,0,0.3039,0,0.3369,0
Roland Garros,20220523,Clay,R64,2022,Daniel Evans,Mikael Ymer,32.0,95.0,0,0.5105,1,0.5549,1,0.5444,1
Roland Garros,20220523,Clay,R64,2022,Stefanos Tsitsipas,Zdenek Kolar,4.0,134.0,1,0.9575,1,0.9351,1,0.9646,1
Roland Garros,20220523,Clay,R64,2022,Federico Delbonis,Andrey Rublev,65.0,7.0,0,0.212,0,0.2035,0,0.1549,0
Roland Garros,20220523,Clay,R64,2022,Cristian Garin,Ilya Ivashka,37.0,50.0,1,0.5509,1,0.5573,1,0.5527,1
Roland Garros,20220523,Clay,R64,2022,Nikoloz Basilashvili,Mackenzie Mcdonald,24.0,60.0,0,0.5686,1,0.5552,1,0.5657,1
Roland Garros,20220523,Clay,R64,2022,Roberto Carballes Baena,Jannik Sinner,89.0,12.0,0,0.1911,0,0.1597,0,0.1622,0
Roland Garros,20220523,Clay,R64,2022,Gilles Simon,Steve Johnson,158.0,92.0,1,0.2564,0,0.2671,0,0.2125,0
Roland Garros,20220523,Clay,R64,2022,Marin Cilic,Marton Fucsovics,23.0,57.0,1,0.5499,1,0.5547,1,0.4993,0
Roland Garros,20220523,Clay,R64,2022,Alexander Bublik,Miomir Kecmanovic,42.0,31.0,0,0.355,0,0.342,0,0.3018,0
Roland Garros,20220523,Clay,R64,2022,Daniil Medvedev,Laslo Djere,2.0,56.0,1,0.8873,1,0.8243,1,0.8663,1
Roland Garros,20220523,Clay,R32,2022,Novak Djokovic,Aljaz Bedene,1.0,195.0,1,0.9636,1,0.9241,1,0.9758,1
Roland Garros,20220523,Clay,R32,2022,Grigor Dimitrov,Diego Schwartzman,21.0,16.0,0,0.4686,0,0.4273,0,0.4802,0
Roland Garros,20220523,Clay,R32,2022,Filip Krajinovic,Felix Auger Aliassime,55.0,9.0,0,0.2545,0,0.283,0,0.234,0
Roland Garros,20220523,Clay,R32,2022,Rafael Nadal,Botic Van De Zandschulp,5.0,29.0,1,0.7288,1,0.7829,1,0.8231,1
Roland Garros,20220523,Clay,R32,2022,Alexander Zverev,Brandon Nakashima,3.0,75.0,1,0.917,1,0.8788,1,0.9537,1
Roland Garros,20220523,Clay,R32,2022,John Isner,Bernabe Zapata Miralles,26.0,131.0,0,0.7214,1,0.6745,1,0.6226,1
Roland Garros,20220523,Clay,R32,2022,Karen Khachanov,Cameron Norrie,25.0,11.0,1,0.3367,0,0.3051,0,0.2752,0
Roland Garros,20220523,Clay,R32,2022,Sebastian Korda,Carlos Alcaraz,30.0,6.0,0,0.2258,0,0.2135,0,0.1803,0
Roland Garros,20220523,Clay,R32,2022,Lorenzo Sonego,Casper Ruud,35.0,8.0,0,0.2031,0,0.1361,0,0.0749,0
Roland Garros,20220523,Clay,R32,2022,David Goffin,Hubert Hurkacz,48.0,13.0,0,0.3088,0,0.3366,0,0.3257,0
Roland Garros,20220523,Clay,R32,2022,Hugo Gaston,Holger Rune,74.0,40.0,0,0.3799,0,0.3629,0,0.339,0
Roland Garros,20220523,Clay,R32,2022,Stefanos Tsitsipas,Mikael Ymer,4.0,95.0,1,0.9097,1,0.8739,1,0.9122,1
Roland Garros,20220523,Clay,R32,2022,Cristian Garin,Andrey Rublev,37.0,7.0,0,0.2742,0,0.2417,0,0.2713,0
Roland Garros,20220523,Clay,R32,2022,Mackenzie Mcdonald,Jannik Sinner,60.0,12.0,0,0.1951,0,0.1711,0,0.1593,0
Roland Garros,20220523,Clay,R32,2022,Gilles Simon,Marin Cilic,158.0,23.0,0,0.1781,0,0.1608,0,0.2025,0
Roland Garros,20220523,Clay,R32,2022,Daniil Medvedev,Miomir Kecmanovic,2.0,31.0,1,0.8664,1,0.823,1,0.9169,1
Roland Garros,20220523,Clay,R16,2022,Novak Djokovic,Diego Schwartzman,1.0,16.0,1,0.869,1,0.8135,1,0.893,1
Roland Garros,20220523,Clay,R16,2022,Rafael Nadal,Felix Auger Aliassime,5.0,9.0,1,0.5854,1,0.6871,1,0.6575,1
Roland Garros,20220523,Clay,R16,2022,Alexander Zverev,Bernabe Zapata Miralles,3.0,131.0,1,0.9376,1,0.9047,1,0.9027,1
Roland Garros,20220523,Clay,R16,2022,Karen Khachanov,Carlos Alcaraz,25.0,6.0,0,0.1982,0,0.1916,0,0.1863,0
Roland Garros,20220523,Clay,R16,2022,Hubert Hurkacz,Casper Ruud,13.0,8.0,0,0.4128,0,0.3418,0,0.3481,0
Roland Garros,20220523,Clay,R16,2022,Stefanos Tsitsipas,Holger Rune,4.0,40.0,0,0.8143,1,0.8202,1,0.8709,1
Roland Garros,20220523,Clay,R16,2022,Andrey Rublev,Jannik Sinner,7.0,12.0,1,0.4919,0,0.4522,0,0.4208,0
Roland Garros,20220523,Clay,R16,2022,Marin Cilic,Daniil Medvedev,23.0,2.0,1,0.1241,0,0.1964,0,0.17,0
Roland Garros,20220523,Clay,QF,2022,Rafael Nadal,Novak Djokovic,5.0,1.0,1,0.2573,0,0.2899,0,0.3164,0
Roland Garros,20220523,Clay,QF,2022,Alexander Zverev,Carlos Alcaraz,3.0,6.0,1,0.6041,1,0.497,0,0.4607,0
Roland Garros,20220523,Clay,QF,2022,Casper Ruud,Holger Rune,8.0,40.0,1,0.7042,1,0.7876,1,0.8063,1
Roland Garros,20220523,Clay,QF,2022,Marin Cilic,Andrey Rublev,23.0,7.0,1,0.2971,0,0.3301,0,0.4069,0
Roland Garros,20220523,Clay,SF,2022,Alexander Zverev,Rafael Nadal,3.0,5.0,0,0.6885,1,0.6207,1,0.5894,1
Roland Garros,20220523,Clay,SF,2022,Marin Cilic,Casper Ruud,23.0,8.0,0,0.2583,0,0.2428,0,0.3143,0
Roland Garros,20220523,Clay,F,2022,Rafael Nadal,Casper Ruud,5.0,8.0,1,0.5147,1,0.5117,1,0.4122,0
Stuttgart,20220606,Grass,R32,2022,Joao Sousa,Radu Albot,63.0,121.0,0,0.6647,1,0.6327,1,0.6379,1
Stuttgart,20220606,Grass,R32,2022,Jan Lennard Struff,Marcos Giron,103.0,53.0,1,0.3532,0,0.3273,0,0.3253,0
Stuttgart,20220606,Grass,R32,2022,Benoit Paire,Lorenzo Sonego,80.0,32.0,0,0.2635,0,0.2662,0,0.2268,0
Stuttgart,20220606,Grass,R32,2022,Oscar Otte,Daniel Altmaier,61.0,59.0,1,0.6349,1,0.6462,1,0.7037,1
Stuttgart,20220606,Grass,R32,2022,Feliciano Lopez,Benjamin Bonzi,113.0,58.0,0,0.3595,0,0.349,0,0.3476,0
Stuttgart,20220606,Grass,R32,2022,Arthur Rinderknech,Ugo Humbert,60.0,48.0,1,0.3752,0,0.3436,0,0.2825,0
Stuttgart,20220606,Grass,R32,2022,Nikoloz Basilashvili,Lorenzo Musetti,26.0,57.0,1,0.6113,1,0.6366,1,0.6471,1
Stuttgart,20220606,Grass,R32,2022,Nick Kyrgios,Jiri Lehecka,78.0,79.0,1,0.7208,1,0.7098,1,0.7934,1
Stuttgart,20220606,Grass,R32,2022,Marton Fucsovics,Jurij Rodionov,55.0,129.0,1,0.6475,1,0.665,1,0.6068,1
Stuttgart,20220606,Grass,R32,2022,Denis Kudla,Alexander Bublik,77.0,42.0,0,0.3673,0,0.3587,0,0.366,0
Stuttgart,20220606,Grass,R32,2022,Andy Murray,Christopher Oconnell,68.0,116.0,1,0.7013,1,0.7014,1,0.6964,1
Stuttgart,20220606,Grass,R32,2022,Maxime Cressy,Dominic Stricker,67.0,200.0,0,0.6533,1,0.6502,1,0.6629,1
Stuttgart,20220606,Grass,R16,2022,Radu Albot,Matteo Berrettini,121.0,10.0,0,0.108,0,0.1651,0,0.0839,0
Stuttgart,20220606,Grass,R16,2022,Jan Lennard Struff,Lorenzo Sonego,103.0,32.0,0,0.2661,0,0.2584,0,0.1737,0
Stuttgart,20220606,Grass,R16,2022,Oscar Otte,Denis Shapovalov,61.0,16.0,1,0.3295,0,0.3016,0,0.3212,0
Stuttgart,20220606,Grass,R16,2022,Benjamin Bonzi,Arthur Rinderknech,58.0,60.0,1,0.5455,1,0.5539,1,0.5373,1
Stuttgart,20220606,Grass,R16,2022,Nikoloz Basilashvili,Nick Kyrgios,26.0,78.0,0,0.4802,0,0.4988,0,0.4618,0
Stuttgart,20220606,Grass,R16,2022,Marton Fucsovics,Hubert Hurkacz,55.0,13.0,1,0.2908,0,0.27,0,0.2356,0
Stuttgart,20220606,Grass,R16,2022,Andy Murray,Alexander Bublik,68.0,42.0,1,0.4692,0,0.4504,0,0.5419,1
Stuttgart,20220606,Grass,R16,2022,Stefanos Tsitsipas,Dominic Stricker,5.0,200.0,1,0.8577,1,0.7821,1,0.8777,1
Stuttgart,20220606,Grass,QF,2022,Matteo Berrettini,Lorenzo Sonego,10.0,32.0,1,0.6711,1,0.7509,1,0.7226,1
Stuttgart,20220606,Grass,QF,2022,Oscar Otte,Benjamin Bonzi,61.0,58.0,1,0.5485,1,0.5493,1,0.6264,1
Stuttgart,20220606,Grass,QF,2022,Marton Fucsovics,Nick Kyrgios,55.0,78.0,0,0.4616,0,0.4419,0,0.4593,0
Stuttgart,20220606,Grass,QF,2022,Andy Murray,Stefanos Tsitsipas,68.0,5.0,1,0.2299,0,0.3109,0,0.3543,0
Stuttgart,20220606,Grass,SF,2022,Oscar Otte,Matteo Berrettini,61.0,10.0,0,0.2899,0,0.2145,0,0.1498,0
Stuttgart,20220606,Grass,SF,2022,Andy Murray,Nick Kyrgios,68.0,78.0,1,0.4459,0,0.4415,0,0.4188,0
Stuttgart,20220606,Grass,F,2022,Andy Murray,Matteo Berrettini,68.0,10.0,0,0.2908,0,0.262,0,0.1998,0
s Hertogenbosch,20220606,Grass,R32,2022,Aljaz Bedene,Tallon Griekspoor,161.0,56.0,0,0.4658,0,0.4518,0,0.4968,0
s Hertogenbosch,20220606,Grass,R32,2022,Kamil Majchrzak,Dominik Koepfer,81.0,96.0,1,0.4897,0,0.5314,1,0.4985,0
s Hertogenbosch,20220606,Grass,R32,2022,Karen Khachanov,Alejandro Tabilo,23.0,82.0,1,0.7347,1,0.7062,1,0.726,1
s Hertogenbosch,20220606,Grass,R32,2022,Matthew Ebden,Tim Van Rijthoven,432.0,205.0,0,0.3505,0,0.3441,0,0.4225,0
s Hertogenbosch,20220606,Grass,R32,2022,Soon Woo Kwon,Hugo Gaston,75.0,66.0,0,0.6455,1,0.6194,1,0.757,1
s Hertogenbosch,20220606,Grass,R32,2022,Jenson Brooksby,Jesper De Jong,34.0,171.0,1,0.8412,1,0.8327,1,0.801,1
s Hertogenbosch,20220606,Grass,R32,2022,Tommy Paul,Brandon Nakashima,39.0,64.0,0,0.455,0,0.4645,0,0.4413,0
s Hertogenbosch,20220606,Grass,R32,2022,Robin Haase,Sam Querrey,256.0,107.0,0,0.2155,0,0.2402,0,0.1162,0
s Hertogenbosch,20220606,Grass,R32,2022,Andreas Seppi,Adrian Mannarino,141.0,70.0,0,0.4245,0,0.405,0,0.3579,0
s Hertogenbosch,20220606,Grass,R32,2022,Botic Van De Zandschulp,Emil Ruusuvuori,29.0,62.0,0,0.5907,1,0.6067,1,0.635,1
s Hertogenbosch,20220606,Grass,R32,2022,Mackenzie Mcdonald,Ilya Ivashka,51.0,49.0,0,0.3537,0,0.3809,0,0.3514,0
s Hertogenbosch,20220606,Grass,R32,2022,Gilles Simon,James Duckworth,134.0,71.0,1,0.374,0,0.3744,0,0.3812,0
s Hertogenbosch,20220606,Grass,R16,2022,Tallon Griekspoor,Felix Auger Aliassime,56.0,9.0,0,0.1467,0,0.1463,0,0.068,0
s Hertogenbosch,20220606,Grass,R16,2022,Karen Khachanov,Kamil Majchrzak,23.0,81.0,1,0.7735,1,0.7552,1,0.7928,1
s Hertogenbosch,20220606,Grass,R16,2022,Taylor Fritz,Tim Van Rijthoven,14.0,205.0,0,0.9052,1,0.8737,1,0.8833,1
s Hertogenbosch,20220606,Grass,R16,2022,Hugo Gaston,Jenson Brooksby,66.0,34.0,1,0.2733,0,0.3171,0,0.3008,0
s Hertogenbosch,20220606,Grass,R16,2022,Sam Querrey,Brandon Nakashima,107.0,64.0,0,0.5569,1,0.4749,0,0.4116,0
s Hertogenbosch,20220606,Grass,R16,2022,Adrian Mannarino,Alex De Minaur,70.0,22.0,1,0.2804,0,0.2701,0,0.1994,0
s Hertogenbosch,20220606,Grass,R16,2022,Ilya Ivashka,Emil Ruusuvuori,49.0,62.0,1,0.5388,1,0.5227,1,0.5148,1
s Hertogenbosch,20220606,Grass,R16,2022,Gilles Simon,Daniil Medvedev,134.0,2.0,0,0.0365,0,0.1276,0,0.0788,0
s Hertogenbosch,20220606,Grass,QF,2022,Karen Khachanov,Felix Auger Aliassime,23.0,9.0,0,0.32,0,0.3274,0,0.3009,0
s Hertogenbosch,20220606,Grass,QF,2022,Tim Van Rijthoven,Hugo Gaston,205.0,66.0,1,0.3254,0,0.3268,0,0.5404,1
s Hertogenbosch,20220606,Grass,QF,2022,Adrian Mannarino,Brandon Nakashima,70.0,64.0,1,0.4992,0,0.4558,0,0.3121,0
s Hertogenbosch,20220606,Grass,QF,2022,Daniil Medvedev,Ilya Ivashka,2.0,49.0,1,0.9056,1,0.8381,1,0.8832,1
s Hertogenbosch,20220606,Grass,SF,2022,Tim Van Rijthoven,Felix Auger Aliassime,205.0,9.0,1,0.0704,0,0.0768,0,0.0363,0
s Hertogenbosch,20220606,Grass,SF,2022,Adrian Mannarino,Daniil Medvedev,70.0,2.0,0,0.0625,0,0.1007,0,0.0543,0
s Hertogenbosch,20220606,Grass,F,2022,Daniil Medvedev,Tim Van Rijthoven,2.0,205.0,0,0.9751,1,0.931,1,0.9731,1
Queen's Club,20220613,Grass,R32,2022,Daniel Evans,Matteo Berrettini,31.0,10.0,0,0.1822,0,0.2031,0,0.2046,0
Queen's Club,20220613,Grass,R32,2022,Denis Kudla,Lorenzo Sonego,82.0,32.0,1,0.3123,0,0.3167,0,0.2558,0
Queen's Club,20220613,Grass,R32,2022,Stan Wawrinka,Frances Tiafoe,290.0,27.0,1,0.1402,0,0.1928,0,0.1604,0
Queen's Club,20220613,Grass,R32,2022,Tommy Paul,Denis Shapovalov,35.0,15.0,1,0.2392,0,0.2863,0,0.179,0
Queen's Club,20220613,Grass,R32,2022,Grigor Dimitrov,Cameron Norrie,22.0,11.0,1,0.3258,0,0.3123,0,0.3269,0
Queen's Club,20220613,Grass,R32,2022,Botic Van De Zandschulp,Paul Jubb,29.0,227.0,1,0.822,1,0.8034,1,0.8054,1
Queen's Club,20220613,Grass,R32,2022,Albert Ramos,Alejandro Davidovich Fokina,40.0,44.0,0,0.3772,0,0.3815,0,0.3766,0
Queen's Club,20220613,Grass,R32,2022,Reilly Opelka,Alex De Minaur,18.0,21.0,0,0.4264,0,0.4466,0,0.3631,0
Queen's Club,20220613,Grass,R32,2022,Marin Cilic,Liam Broady,17.0,137.0,1,0.7974,1,0.8179,1,0.8659,1
Queen's Club,20220613,Grass,R32,2022,Alexander Bublik,Lorenzo Musetti,37.0,74.0,1,0.6363,1,0.6667,1,0.8044,1
Queen's Club,20220613,Grass,R32,2022,Quentin Halys,Emil Ruusuvuori,86.0,56.0,0,0.2954,0,0.308,0,0.3637,0
Queen's Club,20220613,Grass,R32,2022,Taylor Fritz,Jack Draper,14.0,99.0,0,0.6801,1,0.6879,1,0.6746,1
Queen's Club,20220613,Grass,R32,2022,Sam Querrey,Diego Schwartzman,121.0,16.0,1,0.3243,0,0.2844,0,0.2837,0
Queen's Club,20220613,Grass,R32,2022,Filip Krajinovic,Jenson Brooksby,48.0,33.0,1,0.3071,0,0.3228,0,0.3417,0
Queen's Club,20220613,Grass,R32,2022,Pedro Martinez,Francisco Cerundolo,49.0,46.0,0,0.6337,1,0.5885,1,0.7245,1
Queen's Club,20220613,Grass,R32,2022,Ryan Peniston,Casper Ruud,180.0,5.0,1,0.0669,0,0.0519,0,0.0186,0
Queen's Club,20220613,Grass,R16,2022,Denis Kudla,Matteo Berrettini,82.0,10.0,0,0.1185,0,0.0848,0,0.0269,0
Queen's Club,20220613,Grass,R16,2022,Stan Wawrinka,Tommy Paul,290.0,35.0,0,0.2739,0,0.3238,0,0.3466,0
Queen's Club,20220613,Grass,R16,2022,Grigor Dimitrov,Botic Van De Zandschulp,22.0,29.0,0,0.5542,1,0.5561,1,0.5567,1
Queen's Club,20220613,Grass,R16,2022,Alejandro Davidovich Fokina,Alex De Minaur,44.0,21.0,1,0.3679,0,0.3424,0,0.394,0
Queen's Club,20220613,Grass,R16,2022,Marin Cilic,Alexander Bublik,17.0,37.0,1,0.5988,1,0.6388,1,0.5801,1
Queen's Club,20220613,Grass,R16,2022,Emil Ruusuvuori,Jack Draper,56.0,99.0,1,0.5016,1,0.5239,1,0.4855,0
Queen's Club,20220613,Grass,R16,2022,Sam Querrey,Filip Krajinovic,121.0,48.0,0,0.5563,1,0.4933,0,0.4906,0
Queen's Club,20220613,Grass,R16,2022,Ryan Peniston,Francisco Cerundolo,180.0,46.0,1,0.3146,0,0.2442,0,0.2726,0
Queen's Club,20220613,Grass,QF,2022,Tommy Paul,Matteo Berrettini,35.0,10.0,0,0.1211,0,0.1961,0,0.128,0
Queen's Club,20220613,Grass,QF,2022,Botic Van De Zandschulp,Alejandro Davidovich Fokina,29.0,44.0,1,0.5368,1,0.5705,1,0.5332,1
Queen's Club,20220613,Grass,QF,2022,Marin Cilic,Emil Ruusuvuori,17.0,56.0,1,0.6429,1,0.6074,1,0.6078,1
Queen's Club,20220613,Grass,QF,2022,Filip Krajinovic,Ryan Peniston,48.0,180.0,1,0.7101,1,0.7196,1,0.7199,1
Queen's Club,20220613,Grass,SF,2022,Botic Van De Zandschulp,Matteo Berrettini,29.0,10.0,0,0.199,0,0.2132,0,0.1058,0
Queen's Club,20220613,Grass,SF,2022,Marin Cilic,Filip Krajinovic,17.0,48.0,0,0.7424,1,0.7134,1,0.7614,1
Queen's Club,20220613,Grass,F,2022,Filip Krajinovic,Matteo Berrettini,48.0,10.0,0,0.121,0,0.155,0,0.0912,0
Halle,20220613,Grass,R32,2022,Benjamin Bonzi,Stefanos Tsitsipas,52.0,6.0,0,0.2333,0,0.2649,0,0.2266,0
Halle,20220613,Grass,R32,2022,Nick Kyrgios,Daniel Altmaier,65.0,66.0,1,0.7182,1,0.7025,1,0.7811,1
Halle,20220613,Grass,R32,2022,Cristian Garin,Sebastian Korda,43.0,41.0,0,0.4645,0,0.4273,0,0.3632,0
Halle,20220613,Grass,R32,2022,Pablo Carreno Busta,Holger Rune,19.0,28.0,1,0.5806,1,0.6188,1,0.6394,1
Halle,20220613,Grass,R32,2022,Marcos Giron,Felix Auger Aliassime,60.0,9.0,0,0.1776,0,0.1908,0,0.2518,0
Halle,20220613,Grass,R32,2022,Mackenzie Mcdonald,Marc Andrea Huesler,53.0,114.0,1,0.6102,1,0.618,1,0.5404,1
Halle,20220613,Grass,R32,2022,Radu Albot,Ugo Humbert,116.0,50.0,0,0.3389,0,0.4082,0,0.3993,0
Halle,20220613,Grass,R32,2022,Hubert Hurkacz,Maxime Cressy,12.0,63.0,1,0.7382,1,0.7664,1,0.7544,1
Halle,20220613,Grass,R32,2022,Aslan Karatsev,Karen Khachanov,38.0,23.0,0,0.2977,0,0.2935,0,0.3109,0
Halle,20220613,Grass,R32,2022,Laslo Djere,Henri Squire,62.0,291.0,1,0.7864,1,0.7704,1,0.7759,1
Halle,20220613,Grass,R32,2022,Oscar Otte,Miomir Kecmanovic,51.0,30.0,1,0.5322,1,0.5113,1,0.5364,1
Halle,20220613,Grass,R32,2022,Nikoloz Basilashvili,Andrey Rublev,25.0,8.0,1,0.2412,0,0.2048,0,0.1745,0
Halle,20220613,Grass,R32,2022,Roberto Bautista Agut,Marton Fucsovics,20.0,58.0,1,0.5117,1,0.5729,1,0.5826,1
Halle,20220613,Grass,R32,2022,Tallon Griekspoor,Alex Molcan,61.0,45.0,1,0.5408,1,0.5034,1,0.6741,1
Halle,20220613,Grass,R32,2022,Jan Lennard Struff,Ilya Ivashka,149.0,42.0,0,0.3288,0,0.2776,0,0.2926,0
Halle,20220613,Grass,R32,2022,David Goffin,Daniil Medvedev,39.0,1.0,0,0.0627,0,0.1353,0,0.0762,0
Halle,20220613,Grass,R16,2022,Nick Kyrgios,Stefanos Tsitsipas,65.0,6.0,1,0.2932,0,0.3503,0,0.4655,0
Halle,20220613,Grass,R16,2022,Pablo Carreno Busta,Sebastian Korda,19.0,41.0,1,0.4603,0,0.4734,0,0.4735,0
Halle,20220613,Grass,R16,2022,Mackenzie Mcdonald,Felix Auger Aliassime,53.0,9.0,0,0.1373,0,0.1575,0,0.0825,0
Halle,20220613,Grass,R16,2022,Hubert Hurkacz,Ugo Humbert,12.0,50.0,1,0.7083,1,0.751,1,0.7972,1
Halle,20220613,Grass,R16,2022,Laslo Djere,Karen Khachanov,62.0,23.0,0,0.3449,0,0.2921,0,0.2812,0
Halle,20220613,Grass,R16,2022,Nikoloz Basilashvili,Oscar Otte,25.0,51.0,0,0.4837,0,0.4904,0,0.4696,0
Halle,20220613,Grass,R16,2022,Roberto Bautista Agut,Tallon Griekspoor,20.0,61.0,1,0.6007,1,0.6096,1,0.5756,1
Halle,20220613,Grass,R16,2022,Daniil Medvedev,Ilya Ivashka,1.0,42.0,1,0.8929,1,0.8025,1,0.8059,1
Halle,20220613,Grass,QF,2022,Pablo Carreno Busta,Nick Kyrgios,19.0,65.0,0,0.4881,0,0.5293,1,0.55,1
Halle,20220613,Grass,QF,2022,Hubert Hurkacz,Felix Auger Aliassime,12.0,9.0,1,0.4277,0,0.4364,0,0.4512,0
Halle,20220613,Grass,QF,2022,Oscar Otte,Karen Khachanov,51.0,23.0,1,0.4256,0,0.4107,0,0.3531,0
Halle,20220613,Grass,QF,2022,Roberto Bautista Agut,Daniil Medvedev,20.0,1.0,0,0.1087,0,0.1858,0,0.2188,0
Halle,20220613,Grass,SF,2022,Nick Kyrgios,Hubert Hurkacz,65.0,12.0,0,0.3501,0,0.4143,0,0.3824,0
Halle,20220613,Grass,SF,2022,Oscar Otte,Daniil Medvedev,51.0,1.0,0,0.112,0,0.1946,0,0.143,0
Halle,20220613,Grass,F,2022,Daniil Medvedev,Hubert Hurkacz,1.0,12.0,0,0.7936,1,0.7264,1,0.7495,1
Eastbourne,20220620,Grass,F,2022,Taylor Fritz,Maxime Cressy,14.0,60.0,1,0.6864,1,0.7494,1,0.7501,1
Eastbourne,20220620,Grass,R32,2022,Tommy Paul,Francisco Cerundolo,35.0,42.0,1,0.5023,1,0.4805,0,0.4949,0
Eastbourne,20220620,Grass,R32,2022,James Duckworth,Lorenzo Sonego,77.0,32.0,0,0.3076,0,0.3119,0,0.3132,0
Eastbourne,20220620,Grass,R32,2022,Cristian Garin,Alex De Minaur,44.0,24.0,0,0.4327,0,0.3784,0,0.376,0
Eastbourne,20220620,Grass,R32,2022,Thiago Monteiro,Ugo Humbert,94.0,103.0,1,0.462,0,0.5016,1,0.5135,1
Eastbourne,20220620,Grass,R32,2022,John Millman,Sebastian Korda,86.0,46.0,1,0.274,0,0.2788,0,0.2763,0
Eastbourne,20220620,Grass,R32,2022,Alexander Bublik,Frances Tiafoe,39.0,28.0,1,0.5112,1,0.4621,0,0.4652,0
Eastbourne,20220620,Grass,R32,2022,Ryan Peniston,Holger Rune,147.0,29.0,1,0.467,0,0.3734,0,0.3816,0
Eastbourne,20220620,Grass,R32,2022,Pedro Martinez,Alejandro Davidovich Fokina,49.0,38.0,1,0.4183,0,0.4184,0,0.411,0
Eastbourne,20220620,Grass,R32,2022,Jenson Brooksby,Jack Draper,34.0,108.0,0,0.6111,1,0.6589,1,0.6547,1
Eastbourne,20220620,Grass,R32,2022,Reilly Opelka,Maxime Cressy,18.0,60.0,0,0.5526,1,0.5931,1,0.5771,1
Eastbourne,20220620,Grass,R32,2022,Adrian Mannarino,Daniel Evans,73.0,33.0,0,0.5118,1,0.5019,1,0.5158,1
Eastbourne,20220620,Grass,R32,2022,Jay Clarke,Brandon Nakashima,159.0,54.0,0,0.2246,0,0.2438,0,0.3056,0
Eastbourne,20220620,Grass,R16,2022,Tommy Paul,Jannik Sinner,35.0,13.0,1,0.3796,0,0.3379,0,0.4518,0
Eastbourne,20220620,Grass,R16,2022,Lorenzo Sonego,Alex De Minaur,32.0,24.0,0,0.467,0,0.4394,0,0.4878,0
Eastbourne,20220620,Grass,R16,2022,Thiago Monteiro,Taylor Fritz,94.0,14.0,0,0.2352,0,0.2098,0,0.2059,0
Eastbourne,20220620,Grass,R16,2022,John Millman,Alexander Bublik,86.0,39.0,0,0.3153,0,0.3228,0,0.3233,0
Eastbourne,20220620,Grass,R16,2022,Pedro Martinez,Ryan Peniston,49.0,147.0,0,0.4907,0,0.5584,1,0.6872,1
Eastbourne,20220620,Grass,R16,2022,Diego Schwartzman,Jack Draper,15.0,108.0,0,0.6254,1,0.6986,1,0.7065,1
Eastbourne,20220620,Grass,R16,2022,Daniel Evans,Maxime Cressy,33.0,60.0,0,0.499,0,0.5496,1,0.577,1
Eastbourne,20220620,Grass,R16,2022,Cameron Norrie,Brandon Nakashima,12.0,54.0,1,0.6525,1,0.6275,1,0.616,1
Eastbourne,20220620,Grass,QF,2022,Tommy Paul,Alex De Minaur,35.0,24.0,0,0.4045,0,0.3729,0,0.326,0
Eastbourne,20220620,Grass,QF,2022,Alexander Bublik,Taylor Fritz,39.0,14.0,0,0.3945,0,0.3817,0,0.4263,0
Eastbourne,20220620,Grass,QF,2022,Ryan Peniston,Jack Draper,147.0,108.0,0,0.5186,1,0.5538,1,0.5374,1
Eastbourne,20220620,Grass,QF,2022,Cameron Norrie,Maxime Cressy,12.0,60.0,0,0.7136,1,0.7769,1,0.776,1
Eastbourne,20220620,Grass,SF,2022,Taylor Fritz,Alex De Minaur,14.0,24.0,1,0.5558,1,0.5621,1,0.5622,1
Eastbourne,20220620,Grass,SF,2022,Maxime Cressy,Jack Draper,60.0,108.0,1,0.5092,1,0.5173,1,0.5165,1
Mallorca,20220620,Grass,F,2022,Roberto Bautista Agut,Stefanos Tsitsipas,20.0,6.0,0,0.2857,0,0.3462,0,0.4217,0
Mallorca,20220620,Grass,R32,2022,Ilya Ivashka,Emil Ruusuvuori,40.0,48.0,1,0.5269,1,0.5241,1,0.5086,1
Mallorca,20220620,Grass,R32,2022,Joao Sousa,Mackenzie Mcdonald,59.0,52.0,0,0.4375,0,0.433,0,0.4777,0
Mallorca,20220620,Grass,R32,2022,Marcos Giron,Botic Van De Zandschulp,67.0,26.0,1,0.2889,0,0.2828,0,0.2608,0
Mallorca,20220620,Grass,R32,2022,Benjamin Bonzi,Alejandro Tabilo,56.0,80.0,1,0.6094,1,0.5988,1,0.6032,1
Mallorca,20220620,Grass,R32,2022,Dusan Lajovic,Daniel Altmaier,63.0,64.0,0,0.5496,1,0.544,1,0.4837,0
Mallorca,20220620,Grass,R32,2022,Jordan Thompson,Sebastian Baez,68.0,36.0,0,0.5404,1,0.5346,1,0.7551,1
Mallorca,20220620,Grass,R32,2022,Alex Molcan,Miomir Kecmanovic,50.0,30.0,1,0.403,0,0.4146,0,0.4562,0
Mallorca,20220620,Grass,R32,2022,Feliciano Lopez,Tallon Griekspoor,214.0,53.0,0,0.2669,0,0.2839,0,0.2022,0
Mallorca,20220620,Grass,R32,2022,Federico Delbonis,Antoine Bellier,85.0,303.0,0,0.6903,1,0.7295,1,0.6965,1
Mallorca,20220620,Grass,R32,2022,Roberto Bautista Agut,Taro Daniel,20.0,123.0,1,0.7535,1,0.7717,1,0.8239,1
Mallorca,20220620,Grass,R32,2022,Nick Kyrgios,Laslo Djere,45.0,55.0,1,0.6022,1,0.6038,1,0.5818,1
Mallorca,20220620,Grass,R32,2022,Aslan Karatsev,Jaume Munar,43.0,72.0,1,0.4733,0,0.5219,1,0.528,1
Mallorca,20220620,Grass,R16,2022,Ilya Ivashka,Stefanos Tsitsipas,40.0,6.0,0,0.2611,0,0.3338,0,0.384,0
Mallorca,20220620,Grass,R16,2022,Marcos Giron,Mackenzie Mcdonald,67.0,52.0,1,0.449,0,0.4186,0,0.4032,0
Mallorca,20220620,Grass,R16,2022,Benjamin Bonzi,Denis Shapovalov,56.0,16.0,1,0.3512,0,0.3149,0,0.3228,0
Mallorca,20220620,Grass,R16,2022,Daniel Altmaier,Sebastian Baez,64.0,36.0,1,0.444,0,0.4099,0,0.4571,0
Mallorca,20220620,Grass,R16,2022,Tallon Griekspoor,Alex Molcan,53.0,50.0,1,0.5738,1,0.5189,1,0.6328,1
Mallorca,20220620,Grass,R16,2022,Pablo Carreno Busta,Antoine Bellier,19.0,303.0,0,0.8689,1,0.871,1,0.8713,1
Mallorca,20220620,Grass,R16,2022,Roberto Bautista Agut,Nick Kyrgios,20.0,45.0,1,0.4796,0,0.4711,0,0.4615,0
Mallorca,20220620,Grass,R16,2022,Aslan Karatsev,Daniil Medvedev,43.0,1.0,0,0.0443,0,0.0743,0,0.0446,0
Mallorca,20220620,Grass,QF,2022,Marcos Giron,Stefanos Tsitsipas,67.0,6.0,0,0.1416,0,0.1831,0,0.1525,0
Mallorca,20220620,Grass,QF,2022,Benjamin Bonzi,Daniel Altmaier,56.0,64.0,1,0.6239,1,0.6462,1,0.6629,1
Mallorca,20220620,Grass,QF,2022,Antoine Bellier,Tallon Griekspoor,303.0,53.0,1,0.2027,0,0.2004,0,0.1815,0
Mallorca,20220620,Grass,QF,2022,Roberto Bautista Agut,Daniil Medvedev,20.0,1.0,1,0.111,0,0.1897,0,0.1916,0
Mallorca,20220620,Grass,SF,2022,Benjamin Bonzi,Stefanos Tsitsipas,56.0,6.0,0,0.203,0,0.2375,0,0.1763,0
Mallorca,20220620,Grass,SF,2022,Roberto Bautista Agut,Antoine Bellier,20.0,303.0,1,0.8647,1,0.867,1,0.8545,1
Wimbledon,20220627,Grass,R128,2022,Novak Djokovic,Soon Woo Kwon,3.0,81.0,1,0.9007,1,0.8764,1,0.9348,1
Wimbledon,20220627,Grass,R128,2022,Thanasi Kokkinakis,Kamil Majchrzak,79.0,91.0,1,0.4154,0,0.4504,0,0.4309,0
Wimbledon,20220627,Grass,R128,2022,Laslo Djere,Alejandro Tabilo,57.0,78.0,0,0.6118,1,0.6208,1,0.6511,1
Wimbledon,20220627,Grass,R128,2022,John Millman,Miomir Kecmanovic,85.0,30.0,0,0.3746,0,0.3445,0,0.3502,0
Wimbledon,20220627,Grass,R128,2022,Lukas Rosol,Nikoloz Basilashvili,280.0,26.0,0,0.1638,0,0.2026,0,0.3314,0
Wimbledon,20220627,Grass,R128,2022,Benoit Paire,Quentin Halys,73.0,82.0,0,0.5114,1,0.5458,1,0.5373,1
Wimbledon,20220627,Grass,R128,2022,Federico Delbonis,Tim Van Rijthoven,84.0,104.0,0,0.2071,0,0.4299,0,0.3292,0
Wimbledon,20220627,Grass,R128,2022,Reilly Opelka,Carlos Taberner,18.0,98.0,1,0.6823,1,0.6827,1,0.7714,1
Wimbledon,20220627,Grass,R128,2022,Stan Wawrinka,Jannik Sinner,267.0,13.0,0,0.2152,0,0.2241,0,0.248,0
Wimbledon,20220627,Grass,R128,2022,Daniel Altmaier,Mikael Ymer,61.0,88.0,0,0.4932,0,0.4678,0,0.5,0
Wimbledon,20220627,Grass,R128,2022,Andy Murray,James Duckworth,52.0,74.0,1,0.6926,1,0.6835,1,0.7224,1
Wimbledon,20220627,Grass,R128,2022,John Isner,Enzo Couacaud,24.0,206.0,1,0.7788,1,0.7379,1,0.7015,1
Wimbledon,20220627,Grass,R128,2022,Peter Gojowczyk,Oscar Otte,92.0,36.0,0,0.3197,0,0.326,0,0.3132,0
Wimbledon,20220627,Grass,R128,2022,Christian Harrison,Jay Clarke,251.0,156.0,1,0.393,0,0.3653,0,0.3332,0
Wimbledon,20220627,Grass,R128,2022,Fabio Fognini,Tallon Griekspoor,63.0,53.0,0,0.46,0,0.4573,0,0.4438,0
Wimbledon,20220627,Grass,R128,2022,Jan Lennard Struff,Carlos Alcaraz,155.0,7.0,0,0.1042,0,0.1639,0,0.1151,0
Wimbledon,20220627,Grass,R128,2022,Albert Ramos,Casper Ruud,39.0,6.0,0,0.193,0,0.2162,0,0.1321,0
Wimbledon,20220627,Grass,R128,2022,Tomas Martin Etcheverry,Ugo Humbert,77.0,112.0,0,0.4442,0,0.4371,0,0.3936,0
Wimbledon,20220627,Grass,R128,2022,Radu Albot,David Goffin,113.0,58.0,0,0.4589,0,0.4319,0,0.4348,0
Wimbledon,20220627,Grass,R128,2022,Taro Daniel,Sebastian Baez,118.0,35.0,0,0.2944,0,0.3112,0,0.4298,0
Wimbledon,20220627,Grass,R128,2022,Frances Tiafoe,Andrea Vavassori,28.0,256.0,1,0.8178,1,0.7895,1,0.8417,1
Wimbledon,20220627,Grass,R128,2022,Aljaz Bedene,Maximilian Marterer,200.0,172.0,0,0.6506,1,0.6011,1,0.6488,1
Wimbledon,20220627,Grass,R128,2022,Marton Fucsovics,Alexander Bublik,59.0,38.0,0,0.4711,0,0.4791,0,0.4803,0
Wimbledon,20220627,Grass,R128,2022,Dusan Lajovic,Pablo Carreno Busta,64.0,20.0,1,0.3484,0,0.2723,0,0.2951,0
Wimbledon,20220627,Grass,R128,2022,Pablo Andujar,Cameron Norrie,100.0,12.0,0,0.1902,0,0.2213,0,0.2004,0
Wimbledon,20220627,Grass,R128,2022,Thiago Monteiro,Jaume Munar,89.0,71.0,0,0.5583,1,0.614,1,0.6391,1
Wimbledon,20220627,Grass,R128,2022,Henri Laaksonen,Ryan Peniston,96.0,135.0,0,0.3174,0,0.4137,0,0.313,0
Wimbledon,20220627,Grass,R128,2022,Steve Johnson,Grigor Dimitrov,93.0,21.0,1,0.3368,0,0.3394,0,0.3272,0
Wimbledon,20220627,Grass,R128,2022,Fernando Verdasco,Tommy Paul,115.0,32.0,0,0.2695,0,0.2742,0,0.2234,0
Wimbledon,20220627,Grass,R128,2022,Adrian Mannarino,Max Purcell,86.0,209.0,1,0.7229,1,0.711,1,0.6353,1
Wimbledon,20220627,Grass,R128,2022,Federico Coria,Jiri Vesely,67.0,68.0,0,0.4127,0,0.4827,0,0.2947,0
Wimbledon,20220627,Grass,R128,2022,Hubert Hurkacz,Alejandro Davidovich Fokina,10.0,37.0,0,0.7913,1,0.8222,1,0.8135,1
Wimbledon,20220627,Grass,R128,2022,Cristian Garin,Elias Ymer,43.0,137.0,1,0.6908,1,0.7082,1,0.6635,1
Wimbledon,20220627,Grass,R128,2022,Hugo Grenier,Marc Andrea Huesler,141.0,105.0,1,0.4522,0,0.442,0,0.3693,0
Wimbledon,20220627,Grass,R128,2022,Benjamin Bonzi,Zdenek Kolar,47.0,119.0,1,0.7052,1,0.7012,1,0.7405,1
Wimbledon,20220627,Grass,R128,2022,Mikhail Kukushkin,Jenson Brooksby,164.0,34.0,0,0.1927,0,0.1852,0,0.1535,0
Wimbledon,20220627,Grass,R128,2022,Hugo Dellien,Alex De Minaur,80.0,27.0,0,0.2581,0,0.2192,0,0.1804,0
Wimbledon,20220627,Grass,R128,2022,Zizou Bergs,Jack Draper,146.0,94.0,0,0.2238,0,0.2596,0,0.232,0
Wimbledon,20220627,Grass,R128,2022,Liam Broady,Lukas Klein,132.0,243.0,1,0.6427,1,0.5982,1,0.5759,1
Wimbledon,20220627,Grass,R128,2022,Diego Schwartzman,Stefan Kozlov,15.0,107.0,1,0.7715,1,0.7247,1,0.7578,1
Wimbledon,20220627,Grass,R128,2022,Arthur Rinderknech,Denis Shapovalov,62.0,16.0,0,0.3411,0,0.3213,0,0.3354,0
Wimbledon,20220627,Grass,R128,2022,Nicola Kuhn,Brandon Nakashima,261.0,56.0,0,0.1792,0,0.1858,0,0.2263,0
Wimbledon,20220627,Grass,R128,2022,Daniel Elahi Galan,Dominik Koepfer,109.0,117.0,1,0.5315,1,0.5449,1,0.5827,1
Wimbledon,20220627,Grass,R128,2022,Roberto Bautista Agut,Attila Balazs,19.0,331.0,1,0.9056,1,0.8979,1,0.9368,1
Wimbledon,20220627,Grass,R128,2022,Filip Krajinovic,Jiri Lehecka,31.0,72.0,1,0.7074,1,0.7331,1,0.6616,1
Wimbledon,20220627,Grass,R128,2022,Nick Kyrgios,Paul Jubb,40.0,219.0,1,0.8374,1,0.8212,1,0.8332,1
Wimbledon,20220627,Grass,R128,2022,Roberto Carballes Baena,Jordan Thompson,87.0,76.0,0,0.3838,0,0.4141,0,0.3618,0
Wimbledon,20220627,Grass,R128,2022,Alexander Ritschard,Stefanos Tsitsipas,188.0,5.0,0,0.0562,0,0.0454,0,0.0273,0
Wimbledon,20220627,Grass,R128,2022,Felix Auger Aliassime,Maxime Cressy,9.0,45.0,0,0.7304,1,0.7428,1,0.7496,1
Wimbledon,20220627,Grass,R128,2022,Jack Sock,Bernabe Zapata Miralles,103.0,90.0,1,0.5434,1,0.5259,1,0.6686,1
Wimbledon,20220627,Grass,R128,2022,Facundo Bagnis,Dennis Novak,102.0,153.0,0,0.5423,1,0.5701,1,0.5112,1
Wimbledon,20220627,Grass,R128,2022,Daniel Evans,Jason Kubler,33.0,99.0,0,0.6521,1,0.6802,1,0.7089,1
Wimbledon,20220627,Grass,R128,2022,Marcos Giron,Holger Rune,65.0,29.0,1,0.4276,0,0.4146,0,0.4278,0
Wimbledon,20220627,Grass,R128,2022,Pedro Martinez,Alex Molcan,50.0,51.0,0,0.4863,0,0.497,0,0.5859,1
Wimbledon,20220627,Grass,R128,2022,Chun Hsin Tseng,Alastair Gray,95.0,288.0,0,0.6127,1,0.6414,1,0.5542,1
Wimbledon,20220627,Grass,R128,2022,Taylor Fritz,Lorenzo Musetti,14.0,70.0,1,0.802,1,0.8253,1,0.8074,1
Wimbledon,20220627,Grass,R128,2022,Mackenzie Mcdonald,Nuno Borges,55.0,123.0,1,0.6444,1,0.6372,1,0.6305,1
Wimbledon,20220627,Grass,R128,2022,Richard Gasquet,Joao Sousa,69.0,60.0,1,0.6003,1,0.6162,1,0.6437,1
Wimbledon,20220627,Grass,R128,2022,Yoshihito Nishioka,Emil Ruusuvuori,101.0,49.0,0,0.3072,0,0.3143,0,0.2677,0
Wimbledon,20220627,Grass,R128,2022,Feliciano Lopez,Botic Van De Zandschulp,240.0,25.0,0,0.1389,0,0.1662,0,0.1929,0
Wimbledon,20220627,Grass,R128,2022,Denis Kudla,Lorenzo Sonego,75.0,54.0,0,0.3896,0,0.3552,0,0.3317,0
Wimbledon,20220627,Grass,R128,2022,Hugo Gaston,Alexei Popyrin,66.0,83.0,1,0.688,1,0.6796,1,0.5869,1
Wimbledon,20220627,Grass,R128,2022,Sam Querrey,Ricardas Berankis,157.0,106.0,0,0.5131,1,0.4031,0,0.3668,0
Wimbledon,20220627,Grass,R128,2022,Rafael Nadal,Francisco Cerundolo,4.0,41.0,1,0.7658,1,0.7985,1,0.8803,1
Wimbledon,20220627,Grass,R64,2022,Novak Djokovic,Thanasi Kokkinakis,3.0,79.0,1,0.9301,1,0.877,1,0.9213,1
Wimbledon,20220627,Grass,R64,2022,Alejandro Tabilo,Miomir Kecmanovic,78.0,30.0,0,0.3661,0,0.3544,0,0.3016,0
Wimbledon,20220627,Grass,R64,2022,Nikoloz Basilashvili,Quentin Halys,26.0,82.0,1,0.69,1,0.7175,1,0.6942,1
Wimbledon,20220627,Grass,R64,2022,Reilly Opelka,Tim Van Rijthoven,18.0,104.0,0,0.3623,0,0.6069,1,0.7311,1
Wimbledon,20220627,Grass,R64,2022,Mikael Ymer,Jannik Sinner,88.0,13.0,0,0.3581,0,0.2859,0,0.3274,0
Wimbledon,20220627,Grass,R64,2022,John Isner,Andy Murray,24.0,52.0,1,0.3974,0,0.4837,0,0.3799,0
Wimbledon,20220627,Grass,R64,2022,Oscar Otte,Christian Harrison,36.0,251.0,1,0.8729,1,0.8386,1,0.8561,1
Wimbledon,20220627,Grass,R64,2022,Tallon Griekspoor,Carlos Alcaraz,53.0,7.0,0,0.1994,0,0.1946,0,0.12,0
Wimbledon,20220627,Grass,R64,2022,Casper Ruud,Ugo Humbert,6.0,112.0,0,0.8046,1,0.794,1,0.7734,1
Wimbledon,20220627,Grass,R64,2022,David Goffin,Sebastian Baez,58.0,35.0,1,0.3285,0,0.3409,0,0.2998,0
Wimbledon,20220627,Grass,R64,2022,Maximilian Marterer,Frances Tiafoe,172.0,28.0,0,0.201,0,0.1693,0,0.1442,0
Wimbledon,20220627,Grass,R64,2022,Dusan Lajovic,Alexander Bublik,64.0,38.0,0,0.3387,0,0.3139,0,0.3287,0
Wimbledon,20220627,Grass,R64,2022,Cameron Norrie,Jaume Munar,12.0,71.0,1,0.7841,1,0.8098,1,0.7884,1
Wimbledon,20220627,Grass,R64,2022,Steve Johnson,Ryan Peniston,93.0,135.0,1,0.4262,0,0.4458,0,0.4308,0
Wimbledon,20220627,Grass,R64,2022,Adrian Mannarino,Tommy Paul,86.0,32.0,0,0.3827,0,0.4068,0,0.381,0
Wimbledon,20220627,Grass,R64,2022,Jiri Vesely,Alejandro Davidovich Fokina,68.0,37.0,1,0.4322,0,0.4151,0,0.4985,0
Wimbledon,20220627,Grass,R64,2022,Cristian Garin,Hugo Grenier,43.0,141.0,1,0.7421,1,0.7066,1,0.6694,1
Wimbledon,20220627,Grass,R64,2022,Benjamin Bonzi,Jenson Brooksby,47.0,34.0,0,0.4883,0,0.4641,0,0.4789,0
Wimbledon,20220627,Grass,R64,2022,Alex De Minaur,Jack Draper,27.0,94.0,1,0.5326,1,0.5404,1,0.601,1
Wimbledon,20220627,Grass,R64,2022,Diego Schwartzman,Liam Broady,15.0,132.0,0,0.723,1,0.7618,1,0.6912,1
Wimbledon,20220627,Grass,R64,2022,Denis Shapovalov,Brandon Nakashima,16.0,56.0,0,0.5785,1,0.5637,1,0.5626,1
Wimbledon,20220627,Grass,R64,2022,Roberto Bautista Agut,Daniel Elahi Galan,19.0,109.0,0,0.737,1,0.75,1,0.6904,1
Wimbledon,20220627,Grass,R64,2022,Filip Krajinovic,Nick Kyrgios,31.0,40.0,0,0.4714,0,0.4679,0,0.4815,0
Wimbledon,20220627,Grass,R64,2022,Jordan Thompson,Stefanos Tsitsipas,76.0,5.0,0,0.1343,0,0.1813,0,0.1316,0
Wimbledon,20220627,Grass,R64,2022,Jack Sock,Maxime Cressy,103.0,45.0,1,0.355,0,0.3484,0,0.3418,0
Wimbledon,20220627,Grass,R64,2022,Jason Kubler,Dennis Novak,99.0,153.0,1,0.5989,1,0.6067,1,0.4849,0
Wimbledon,20220627,Grass,R64,2022,Marcos Giron,Alex Molcan,65.0,51.0,0,0.4541,0,0.4053,0,0.4199,0
Wimbledon,20220627,Grass,R64,2022,Taylor Fritz,Alastair Gray,14.0,288.0,1,0.9182,1,0.8987,1,0.9221,1
Wimbledon,20220627,Grass,R64,2022,Richard Gasquet,Mackenzie Mcdonald,69.0,55.0,1,0.5126,1,0.5307,1,0.5438,1
Wimbledon,20220627,Grass,R64,2022,Botic Van De Zandschulp,Emil Ruusuvuori,25.0,49.0,1,0.5667,1,0.5588,1,0.5863,1
Wimbledon,20220627,Grass,R64,2022,Lorenzo Sonego,Hugo Gaston,54.0,66.0,1,0.5031,1,0.4835,0,0.4446,0
Wimbledon,20220627,Grass,R64,2022,Rafael Nadal,Ricardas Berankis,4.0,106.0,1,0.8246,1,0.8433,1,0.9253,1
Wimbledon,20220627,Grass,R32,2022,Novak Djokovic,Miomir Kecmanovic,3.0,30.0,1,0.8899,1,0.8868,1,0.8526,1
Wimbledon,20220627,Grass,R32,2022,Nikoloz Basilashvili,Tim Van Rijthoven,26.0,104.0,0,0.3548,0,0.591,1,0.609,1
Wimbledon,20220627,Grass,R32,2022,John Isner,Jannik Sinner,24.0,13.0,0,0.3507,0,0.3155,0,0.2088,0
Wimbledon,20220627,Grass,R32,2022,Oscar Otte,Carlos Alcaraz,36.0,7.0,0,0.2555,0,0.3075,0,0.3765,0
Wimbledon,20220627,Grass,R32,2022,David Goffin,Ugo Humbert,58.0,112.0,1,0.4927,0,0.5629,1,0.5842,1
Wimbledon,20220627,Grass,R32,2022,Alexander Bublik,Frances Tiafoe,38.0,28.0,0,0.5238,1,0.4804,0,0.5101,1
Wimbledon,20220627,Grass,R32,2022,Steve Johnson,Cameron Norrie,93.0,12.0,0,0.2411,0,0.2459,0,0.2318,0
Wimbledon,20220627,Grass,R32,2022,Jiri Vesely,Tommy Paul,68.0,32.0,0,0.3989,0,0.3663,0,0.4085,0
Wimbledon,20220627,Grass,R32,2022,Cristian Garin,Jenson Brooksby,43.0,34.0,1,0.4628,0,0.4231,0,0.463,0
Wimbledon,20220627,Grass,R32,2022,Liam Broady,Alex De Minaur,132.0,27.0,0,0.2622,0,0.2891,0,0.2987,0
Wimbledon,20220627,Grass,R32,2022,Daniel Elahi Galan,Brandon Nakashima,109.0,56.0,0,0.3568,0,0.3432,0,0.3334,0
Wimbledon,20220627,Grass,R32,2022,Nick Kyrgios,Stefanos Tsitsipas,40.0,5.0,1,0.2397,0,0.2944,0,0.2398,0
Wimbledon,20220627,Grass,R32,2022,Jack Sock,Jason Kubler,103.0,99.0,0,0.6066,1,0.6063,1,0.8176,1
Wimbledon,20220627,Grass,R32,2022,Taylor Fritz,Alex Molcan,14.0,51.0,1,0.7427,1,0.7113,1,0.717,1
Wimbledon,20220627,Grass,R32,2022,Richard Gasquet,Botic Van De Zandschulp,69.0,25.0,0,0.3749,0,0.3465,0,0.3623,0
Wimbledon,20220627,Grass,R32,2022,Rafael Nadal,Lorenzo Sonego,4.0,54.0,1,0.7139,1,0.7933,1,0.8461,1
Wimbledon,20220627,Grass,R16,2022,Novak Djokovic,Tim Van Rijthoven,3.0,104.0,1,0.8126,1,0.6395,1,0.8196,1
Wimbledon,20220627,Grass,R16,2022,Jannik Sinner,Carlos Alcaraz,13.0,7.0,1,0.2737,0,0.2605,0,0.1892,0
Wimbledon,20220627,Grass,R16,2022,David Goffin,Frances Tiafoe,58.0,28.0,1,0.3303,0,0.3671,0,0.3143,0
Wimbledon,20220627,Grass,R16,2022,Cameron Norrie,Tommy Paul,12.0,32.0,1,0.6537,1,0.6592,1,0.7089,1
Wimbledon,20220627,Grass,R16,2022,Cristian Garin,Alex De Minaur,43.0,27.0,1,0.4389,0,0.3804,0,0.3765,0
Wimbledon,20220627,Grass,R16,2022,Nick Kyrgios,Brandon Nakashima,40.0,56.0,1,0.5683,1,0.5931,1,0.5768,1
Wimbledon,20220627,Grass,R16,2022,Jason Kubler,Taylor Fritz,99.0,14.0,0,0.1461,0,0.1855,0,0.1267,0
Wimbledon,20220627,Grass,R16,2022,Rafael Nadal,Botic Van De Zandschulp,4.0,25.0,1,0.67,1,0.7328,1,0.7495,1
Wimbledon,20220627,Grass,QF,2022,Novak Djokovic,Jannik Sinner,3.0,13.0,1,0.8322,1,0.7591,1,0.7006,1
Wimbledon,20220627,Grass,QF,2022,David Goffin,Cameron Norrie,58.0,12.0,0,0.2074,0,0.213,0,0.1266,0
Wimbledon,20220627,Grass,QF,2022,Nick Kyrgios,Cristian Garin,40.0,43.0,1,0.5931,1,0.5997,1,0.5905,1
Wimbledon,20220627,Grass,QF,2022,Rafael Nadal,Taylor Fritz,4.0,14.0,1,0.5168,1,0.6688,1,0.7155,1
Wimbledon,20220627,Grass,SF,2022,Novak Djokovic,Cameron Norrie,3.0,12.0,1,0.787,1,0.7727,1,0.8121,1
Wimbledon,20220627,Grass,SF,2022,Rafael Nadal,Nick Kyrgios,4.0,40.0,0,0.6511,1,0.7602,1,0.8369,1
Wimbledon,20220627,Grass,F,2022,Novak Djokovic,Nick Kyrgios,3.0,40.0,1,0.8421,1,0.8611,1,0.8766,1
Newport,20220711,Grass,R32,2022,Peter Gojowczyk,Ugo Humbert,91.0,129.0,1,0.461,0,0.5084,1,0.4927,0
Newport,20220711,Grass,R32,2022,Christopher Eubanks,Dominik Koepfer,163.0,136.0,1,0.5052,1,0.4527,0,0.5403,1
Newport,20220711,Grass,R32,2022,Benjamin Bonzi,William Blumberg,48.0,773.0,1,0.9317,1,0.8869,1,0.9086,1
Newport,20220711,Grass,R32,2022,Mitchell Krueger,Tim Van Rijthoven,146.0,103.0,1,0.1793,0,0.2626,0,0.294,0
Newport,20220711,Grass,R32,2022,Steve Johnson,Stefan Kozlov,95.0,104.0,1,0.666,1,0.6475,1,0.6468,1
Newport,20220711,Grass,R32,2022,Feliciano Lopez,Jiri Vesely,252.0,69.0,0,0.1597,0,0.2316,0,0.3475,0
Newport,20220711,Grass,R32,2022,Andy Murray,Sam Querrey,52.0,281.0,1,0.7502,1,0.7528,1,0.7962,1
Newport,20220711,Grass,R32,2022,Adrian Mannarino,Max Purcell,82.0,202.0,0,0.7121,1,0.6962,1,0.6775,1
Newport,20220711,Grass,R32,2022,Radu Albot,Jack Sock,110.0,100.0,0,0.3061,0,0.3211,0,0.2296,0
Newport,20220711,Grass,R32,2022,James Duckworth,Liam Broady,74.0,140.0,1,0.3713,0,0.4925,0,0.4564,0
Newport,20220711,Grass,R32,2022,Quentin Halys,Alexei Popyrin,86.0,85.0,1,0.5807,1,0.5675,1,0.5364,1
Newport,20220711,Grass,R32,2022,Jason Kubler,Jordan Thompson,102.0,79.0,1,0.5675,1,0.5837,1,0.5737,1
Newport,20220711,Grass,R16,2022,John Isner,Peter Gojowczyk,22.0,91.0,1,0.7245,1,0.7222,1,0.7623,1
Newport,20220711,Grass,R16,2022,Christopher Eubanks,Benjamin Bonzi,163.0,48.0,0,0.2365,0,0.2945,0,0.3268,0
Newport,20220711,Grass,R16,2022,Mitchell Krueger,Maxime Cressy,146.0,41.0,0,0.2073,0,0.2273,0,0.2048,0
Newport,20220711,Grass,R16,2022,Steve Johnson,Jiri Vesely,95.0,69.0,1,0.4213,0,0.4322,0,0.4114,0
Newport,20220711,Grass,R16,2022,Andy Murray,Max Purcell,52.0,202.0,1,0.7941,1,0.7701,1,0.6705,1
Newport,20220711,Grass,R16,2022,Jack Sock,Alexander Bublik,100.0,42.0,0,0.4491,0,0.4772,0,0.4376,0
Newport,20220711,Grass,R16,2022,James Duckworth,Quentin Halys,74.0,86.0,1,0.3733,0,0.4142,0,0.4214,0
Newport,20220711,Grass,R16,2022,Jason Kubler,Felix Auger Aliassime,102.0,9.0,1,0.2711,0,0.4082,0,0.5564,1
Newport,20220711,Grass,QF,2022,John Isner,Benjamin Bonzi,22.0,48.0,1,0.5825,1,0.578,1,0.5197,1
Newport,20220711,Grass,QF,2022,Steve Johnson,Maxime Cressy,95.0,41.0,0,0.3884,0,0.4287,0,0.4163,0
Newport,20220711,Grass,QF,2022,Andy Murray,Alexander Bublik,52.0,42.0,0,0.4881,0,0.4706,0,0.5563,1
Newport,20220711,Grass,QF,2022,James Duckworth,Jason Kubler,74.0,102.0,0,0.2856,0,0.4372,0,0.3157,0
Newport,20220711,Grass,SF,2022,John Isner,Maxime Cressy,22.0,41.0,0,0.5464,1,0.562,1,0.4976,0
Newport,20220711,Grass,SF,2022,Jason Kubler,Alexander Bublik,102.0,42.0,0,0.4446,0,0.485,0,0.4395,0
Newport,20220711,Grass,F,2022,Alexander Bublik,Maxime Cressy,42.0,41.0,0,0.4973,0,0.5049,1,0.4872,0
Bastad,20220711,Clay,R32,2022,Federico Delbonis,Federico Coria,84.0,65.0,0,0.4417,0,0.3472,0,0.4069,0
Bastad,20220711,Clay,R32,2022,Laslo Djere,Lorenzo Musetti,53.0,67.0,1,0.5085,1,0.5224,1,0.5014,1
Bastad,20220711,Clay,R32,2022,Marc Andrea Huesler,Holger Rune,108.0,28.0,1,0.2097,0,0.1885,0,0.2556,0
Bastad,20220711,Clay,R32,2022,Dominic Thiem,Emil Ruusuvuori,339.0,43.0,1,0.162,0,0.179,0,0.2139,0
Bastad,20220711,Clay,R32,2022,Joao Sousa,Alejandro Davidovich Fokina,60.0,36.0,0,0.4325,0,0.4428,0,0.476,0
Bastad,20220711,Clay,R32,2022,Fabio Fognini,Sebastian Baez,64.0,34.0,0,0.3622,0,0.3612,0,0.3657,0
Bastad,20220711,Clay,R32,2022,Stan Wawrinka,Pablo Carreno Busta,290.0,18.0,0,0.2205,0,0.2266,0,0.3569,0
Bastad,20220711,Clay,R32,2022,Albert Ramos,Tomas Martin Etcheverry,38.0,78.0,1,0.583,1,0.6541,1,0.7064,1
Bastad,20220711,Clay,R32,2022,Elias Ymer,Daniel Altmaier,134.0,62.0,1,0.3883,0,0.3576,0,0.3761,0
Bastad,20220711,Clay,R32,2022,Nikoloz Basilashvili,Hugo Gaston,25.0,58.0,0,0.4959,0,0.5118,1,0.4806,0
Bastad,20220711,Clay,R32,2022,Aslan Karatsev,Lorenzo Sonego,40.0,63.0,1,0.3976,0,0.4233,0,0.424,0
Bastad,20220711,Clay,R32,2022,Pedro Sousa,Francisco Cerundolo,430.0,39.0,0,0.1366,0,0.1989,0,0.3766,0
Bastad,20220711,Clay,R16,2022,Federico Coria,Andrey Rublev,65.0,8.0,0,0.2257,0,0.238,0,0.2001,0
Bastad,20220711,Clay,R16,2022,Laslo Djere,Marc Andrea Huesler,53.0,108.0,1,0.7055,1,0.693,1,0.6907,1
Bastad,20220711,Clay,R16,2022,Roberto Bautista Agut,Dominic Thiem,20.0,339.0,0,0.8531,1,0.8511,1,0.8138,1
Bastad,20220711,Clay,R16,2022,Alejandro Davidovich Fokina,Sebastian Baez,36.0,34.0,0,0.4872,0,0.4149,0,0.4642,0
Bastad,20220711,Clay,R16,2022,Albert Ramos,Pablo Carreno Busta,38.0,18.0,0,0.3813,0,0.3223,0,0.3067,0
Bastad,20220711,Clay,R16,2022,Diego Schwartzman,Elias Ymer,14.0,134.0,1,0.7246,1,0.7167,1,0.773,1
Bastad,20220711,Clay,R16,2022,Aslan Karatsev,Hugo Gaston,40.0,58.0,1,0.3732,0,0.4118,0,0.2658,0
Bastad,20220711,Clay,R16,2022,Casper Ruud,Francisco Cerundolo,5.0,39.0,0,0.8425,1,0.8397,1,0.7559,1
Bastad,20220711,Clay,QF,2022,Laslo Djere,Andrey Rublev,53.0,8.0,0,0.2497,0,0.2041,0,0.2214,0
Bastad,20220711,Clay,QF,2022,Dominic Thiem,Sebastian Baez,339.0,34.0,0,0.1464,0,0.2001,0,0.2407,0
Bastad,20220711,Clay,QF,2022,Pablo Carreno Busta,Diego Schwartzman,18.0,14.0,1,0.4623,0,0.4025,0,0.3871,0
Bastad,20220711,Clay,QF,2022,Aslan Karatsev,Francisco Cerundolo,40.0,39.0,0,0.4107,0,0.3997,0,0.3826,0
Bastad,20220711,Clay,SF,2022,Andrey Rublev,Sebastian Baez,8.0,34.0,0,0.7127,1,0.6687,1,0.659,1
Bastad,20220711,Clay,SF,2022,Pablo Carreno Busta,Francisco Cerundolo,18.0,39.0,0,0.5826,1,0.6068,1,0.5629,1
Bastad,20220711,Clay,F,2022,Francisco Cerundolo,Sebastian Baez,39.0,34.0,1,0.4336,0,0.3792,0,0.3897,0
Gstaad,20220718,Clay,R32,2022,Richard Gasquet,Roberto Carballes Baena,64.0,88.0,1,0.5923,1,0.6246,1,0.6505,1
Gstaad,20220718,Clay,R32,2022,Benoit Paire,Elias Ymer,92.0,131.0,0,0.442,0,0.4579,0,0.4135,0
Gstaad,20220718,Clay,R32,2022,Pedro Martinez,Carlos Taberner,52.0,106.0,1,0.5875,1,0.5631,1,0.5518,1
Gstaad,20220718,Clay,R32,2022,Juan Pablo Varillas,Lorenzo Sonego,115.0,60.0,1,0.3651,0,0.3596,0,0.413,0
Gstaad,20220718,Clay,R32,2022,Federico Delbonis,Mikael Ymer,125.0,91.0,1,0.3591,0,0.3102,0,0.2926,0
Gstaad,20220718,Clay,R32,2022,Dominic Thiem,Hugo Gaston,274.0,59.0,1,0.254,0,0.2854,0,0.3325,0
Gstaad,20220718,Clay,R32,2022,Yannick Hanfmann,Cristian Garin,152.0,70.0,1,0.3252,0,0.3219,0,0.3553,0
Gstaad,20220718,Clay,R32,2022,Thiago Monteiro,Nicolas Jarry,72.0,118.0,0,0.6244,1,0.6001,1,0.584,1
Gstaad,20220718,Clay,R32,2022,Marc Andrea Huesler,Dominic Stricker,99.0,180.0,0,0.587,1,0.6418,1,0.7263,1
Gstaad,20220718,Clay,R32,2022,Joao Sousa,Alexander Ritschard,58.0,190.0,0,0.7368,1,0.6885,1,0.6925,1
Gstaad,20220718,Clay,R32,2022,Bernabe Zapata Miralles,Jaume Munar,81.0,63.0,0,0.5231,1,0.5258,1,0.525,1
Gstaad,20220718,Clay,R32,2022,Tomas Martin Etcheverry,Jiri Lehecka,76.0,65.0,0,0.4978,0,0.4392,0,0.4588,0
Gstaad,20220718,Clay,R16,2022,Richard Gasquet,Matteo Berrettini,64.0,15.0,0,0.3037,0,0.3499,0,0.4394,0
Gstaad,20220718,Clay,R16,2022,Elias Ymer,Pedro Martinez,131.0,52.0,0,0.448,0,0.424,0,0.4763,0
Gstaad,20220718,Clay,R16,2022,Roberto Bautista Agut,Juan Pablo Varillas,19.0,115.0,0,0.6681,1,0.731,1,0.7276,1
Gstaad,20220718,Clay,R16,2022,Federico Delbonis,Dominic Thiem,125.0,274.0,0,0.6131,1,0.6169,1,0.5727,1
Gstaad,20220718,Clay,R16,2022,Yannick Hanfmann,Nicolas Jarry,152.0,118.0,0,0.493,0,0.5016,1,0.5376,1
Gstaad,20220718,Clay,R16,2022,Albert Ramos,Dominic Stricker,40.0,180.0,1,0.6426,1,0.6609,1,0.6355,1
Gstaad,20220718,Clay,R16,2022,Alexander Ritschard,Jaume Munar,190.0,63.0,0,0.2627,0,0.3029,0,0.2978,0
Gstaad,20220718,Clay,R16,2022,Casper Ruud,Jiri Lehecka,5.0,65.0,1,0.891,1,0.8996,1,0.8798,1
Gstaad,20220718,Clay,QF,2022,Pedro Martinez,Matteo Berrettini,52.0,15.0,0,0.2785,0,0.2971,0,0.2926,0
Gstaad,20220718,Clay,QF,2022,Dominic Thiem,Juan Pablo Varillas,274.0,115.0,1,0.3928,0,0.4041,0,0.4697,0
Gstaad,20220718,Clay,QF,2022,Albert Ramos,Nicolas Jarry,40.0,118.0,1,0.6336,1,0.6642,1,0.6576,1
Gstaad,20220718,Clay,QF,2022,Casper Ruud,Jaume Munar,5.0,63.0,1,0.8509,1,0.8402,1,0.7847,1
Gstaad,20220718,Clay,SF,2022,Dominic Thiem,Matteo Berrettini,274.0,15.0,0,0.1385,0,0.1505,0,0.1412,0
Gstaad,20220718,Clay,SF,2022,Albert Ramos,Casper Ruud,40.0,5.0,0,0.156,0,0.1892,0,0.2385,0
Gstaad,20220718,Clay,F,2022,Matteo Berrettini,Casper Ruud,15.0,5.0,0,0.3265,0,0.3252,0,0.3721,0
Hamburg,20220718,Clay,R32,2022,Ricardas Berankis,Andrey Rublev,107.0,8.0,0,0.1173,0,0.1525,0,0.1232,0
Hamburg,20220718,Clay,R32,2022,Daniel Altmaier,Francisco Cerundolo,56.0,30.0,0,0.3945,0,0.3546,0,0.3624,0
Hamburg,20220718,Clay,R32,2022,Federico Coria,Daniel Elahi Galan,78.0,113.0,0,0.5049,1,0.5399,1,0.3868,0
Hamburg,20220718,Clay,R32,2022,Nikoloz Basilashvili,Aslan Karatsev,28.0,37.0,0,0.5471,1,0.5331,1,0.5449,1
Hamburg,20220718,Clay,R32,2022,Diego Schwartzman,Emil Ruusuvuori,14.0,42.0,0,0.5925,1,0.644,1,0.7169,1
Hamburg,20220718,Clay,R32,2022,Dusan Lajovic,Lorenzo Musetti,75.0,62.0,0,0.4142,0,0.4318,0,0.4849,0
Hamburg,20220718,Clay,R32,2022,Jozef Kovalik,Max Hans Rehberg,186.0,830.0,1,0.8414,1,0.7822,1,0.8271,1
Hamburg,20220718,Clay,R32,2022,Botic Van De Zandschulp,Alejandro Davidovich Fokina,25.0,35.0,0,0.5742,1,0.5995,1,0.5752,1
Hamburg,20220718,Clay,R32,2022,Tallon Griekspoor,Holger Rune,47.0,27.0,1,0.4122,0,0.4058,0,0.4052,0
Hamburg,20220718,Clay,R32,2022,Borna Coric,Laslo Djere,183.0,69.0,1,0.3295,0,0.3338,0,0.3993,0
Hamburg,20220718,Clay,R32,2022,Alex Molcan,Marko Topo,48.0,585.0,1,0.9014,1,0.8601,1,0.8745,1
Hamburg,20220718,Clay,R32,2022,Pablo Carreno Busta,Luca Nardi,23.0,169.0,1,0.7689,1,0.8162,1,0.8272,1
Hamburg,20220718,Clay,R32,2022,Jan Lennard Struff,Karen Khachanov,122.0,26.0,0,0.2086,0,0.1828,0,0.1933,0
Hamburg,20220718,Clay,R32,2022,Fabio Fognini,Aljaz Bedene,61.0,285.0,1,0.6482,1,0.6373,1,0.6787,1
Hamburg,20220718,Clay,R32,2022,Filip Krajinovic,Sebastian Baez,43.0,32.0,1,0.4424,0,0.4289,0,0.4868,0
Hamburg,20220718,Clay,R32,2022,Nicola Kuhn,Carlos Alcaraz,259.0,6.0,0,0.0446,0,0.0702,0,0.0348,0
Hamburg,20220718,Clay,R16,2022,Andrey Rublev,Francisco Cerundolo,8.0,30.0,0,0.6736,1,0.6508,1,0.6695,1
Hamburg,20220718,Clay,R16,2022,Aslan Karatsev,Daniel Elahi Galan,37.0,113.0,1,0.51,1,0.5496,1,0.5401,1
Hamburg,20220718,Clay,R16,2022,Emil Ruusuvuori,Lorenzo Musetti,42.0,62.0,0,0.5514,1,0.5317,1,0.4696,0
Hamburg,20220718,Clay,R16,2022,Jozef Kovalik,Alejandro Davidovich Fokina,186.0,35.0,0,0.2783,0,0.2908,0,0.3079,0
Hamburg,20220718,Clay,R16,2022,Borna Coric,Tallon Griekspoor,183.0,47.0,1,0.3057,0,0.285,0,0.2777,0
Hamburg,20220718,Clay,R16,2022,Pablo Carreno Busta,Alex Molcan,23.0,48.0,0,0.4867,0,0.4791,0,0.4741,0
Hamburg,20220718,Clay,R16,2022,Fabio Fognini,Karen Khachanov,61.0,26.0,0,0.3051,0,0.3315,0,0.3328,0
Hamburg,20220718,Clay,R16,2022,Filip Krajinovic,Carlos Alcaraz,43.0,6.0,0,0.1647,0,0.1488,0,0.2176,0
Hamburg,20220718,Clay,QF,2022,Aslan Karatsev,Francisco Cerundolo,37.0,30.0,0,0.3701,0,0.3253,0,0.3174,0
Hamburg,20220718,Clay,QF,2022,Alejandro Davidovich Fokina,Lorenzo Musetti,35.0,62.0,0,0.5791,1,0.5581,1,0.5411,1
Hamburg,20220718,Clay,QF,2022,Borna Coric,Alex Molcan,183.0,48.0,0,0.2701,0,0.2459,0,0.2659,0
Hamburg,20220718,Clay,QF,2022,Karen Khachanov,Carlos Alcaraz,26.0,6.0,0,0.2254,0,0.2224,0,0.2613,0
Hamburg,20220718,Clay,SF,2022,Francisco Cerundolo,Lorenzo Musetti,30.0,62.0,0,0.6247,1,0.6605,1,0.6832,1
Hamburg,20220718,Clay,SF,2022,Alex Molcan,Carlos Alcaraz,48.0,6.0,0,0.1893,0,0.1842,0,0.1533,0
Hamburg,20220718,Clay,F,2022,Lorenzo Musetti,Carlos Alcaraz,62.0,6.0,1,0.134,0,0.072,0,0.0544,0
Kitzbuhel,20220725,Clay,R32,2022,Gerald Melzer,Yannick Hanfmann,188.0,140.0,0,0.2713,0,0.3097,0,0.2557,0
Kitzbuhel,20220725,Clay,R32,2022,Dominic Thiem,Alexander Shevchenko,199.0,157.0,1,0.6473,1,0.602,1,0.7258,1
Kitzbuhel,20220725,Clay,R32,2022,Richard Gasquet,Sebastian Ofner,79.0,235.0,0,0.7482,1,0.7203,1,0.7572,1
Kitzbuhel,20220725,Clay,R32,2022,Dusan Lajovic,Vitaliy Sachko,80.0,265.0,1,0.7044,1,0.7078,1,0.6868,1
Kitzbuhel,20220725,Clay,R32,2022,Daniel Dutra Da Silva,Filip Misolic,215.0,205.0,0,0.4326,0,0.3733,0,0.3373,0
Kitzbuhel,20220725,Clay,R32,2022,Pablo Andujar,Lorenzo Sonego,98.0,58.0,1,0.3215,0,0.3358,0,0.3591,0
Kitzbuhel,20220725,Clay,R32,2022,Joao Sousa,Vit Kopriva,61.0,159.0,1,0.6536,1,0.6684,1,0.639,1
Kitzbuhel,20220725,Clay,R32,2022,Thiago Monteiro,Jiri Lehecka,67.0,68.0,0,0.5363,1,0.5764,1,0.5596,1
Kitzbuhel,20220725,Clay,R32,2022,Hernan Casanova,Jurij Rodionov,321.0,145.0,0,0.3302,0,0.3904,0,0.4257,0
Kitzbuhel,20220725,Clay,R32,2022,Nicolas Jarry,Pedro Martinez,112.0,49.0,0,0.4827,0,0.3772,0,0.3582,0
Kitzbuhel,20220725,Clay,R32,2022,Federico Coria,Cristian Garin,73.0,71.0,1,0.4601,0,0.434,0,0.4609,0
Kitzbuhel,20220725,Clay,R32,2022,Juan Pablo Varillas,Carlos Taberner,109.0,111.0,1,0.5825,1,0.5991,1,0.6423,1
Kitzbuhel,20220725,Clay,R16,2022,Yannick Hanfmann,Ivan Gakhov,140.0,315.0,1,0.7649,1,0.7351,1,0.7584,1
Kitzbuhel,20220725,Clay,R16,2022,Dominic Thiem,Sebastian Ofner,199.0,235.0,1,0.6599,1,0.674,1,0.6114,1
Kitzbuhel,20220725,Clay,R16,2022,Dusan Lajovic,Aslan Karatsev,80.0,37.0,1,0.3749,0,0.3273,0,0.2941,0
Kitzbuhel,20220725,Clay,R16,2022,Pablo Andujar,Filip Misolic,98.0,205.0,0,0.6295,1,0.6412,1,0.5883,1
Kitzbuhel,20220725,Clay,R16,2022,Joao Sousa,Jiri Lehecka,61.0,68.0,0,0.5377,1,0.5709,1,0.4762,0
Kitzbuhel,20220725,Clay,R16,2022,Roberto Bautista Agut,Jurij Rodionov,20.0,145.0,1,0.7427,1,0.7526,1,0.6907,1
Kitzbuhel,20220725,Clay,R16,2022,Federico Coria,Pedro Martinez,73.0,49.0,0,0.4371,0,0.4474,0,0.4707,0
Kitzbuhel,20220725,Clay,R16,2022,Albert Ramos,Juan Pablo Varillas,52.0,109.0,1,0.5216,1,0.5043,1,0.4723,0
Kitzbuhel,20220725,Clay,QF,2022,Yannick Hanfmann,Dominic Thiem,140.0,199.0,1,0.5494,1,0.5447,1,0.5687,1
Kitzbuhel,20220725,Clay,QF,2022,Dusan Lajovic,Filip Misolic,80.0,205.0,0,0.6784,1,0.6824,1,0.6868,1
Kitzbuhel,20220725,Clay,QF,2022,Roberto Bautista Agut,Jiri Lehecka,20.0,68.0,1,0.6191,1,0.6816,1,0.631,1
Kitzbuhel,20220725,Clay,QF,2022,Albert Ramos,Pedro Martinez,52.0,49.0,1,0.4668,0,0.4541,0,0.4703,0
Kitzbuhel,20220725,Clay,SF,2022,Yannick Hanfmann,Filip Misolic,140.0,205.0,0,0.7214,1,0.6696,1,0.5762,1
Kitzbuhel,20220725,Clay,SF,2022,Albert Ramos,Roberto Bautista Agut,52.0,20.0,0,0.4487,0,0.3648,0,0.389,0
Kitzbuhel,20220725,Clay,F,2022,Roberto Bautista Agut,Filip Misolic,20.0,205.0,1,0.8031,1,0.8047,1,0.8282,1
Umag,20220725,Clay,R32,2022,Mikael Ymer,Jaume Munar,108.0,59.0,0,0.4734,0,0.4711,0,0.5024,1
Umag,20220725,Clay,R32,2022,Henri Laaksonen,Roberto Carballes Baena,110.0,86.0,0,0.4683,0,0.4896,0,0.496,0
Umag,20220725,Clay,R32,2022,Alex Molcan,Duje Ajdukovic,38.0,276.0,1,0.8532,1,0.8381,1,0.8413,1
Umag,20220725,Clay,R32,2022,Franco Agamenone,Laslo Djere,136.0,77.0,1,0.2931,0,0.2874,0,0.3525,0
Umag,20220725,Clay,R32,2022,Marco Cecchinato,Mili Poljicak,151.0,537.0,1,0.7987,1,0.8155,1,0.8238,1
Umag,20220725,Clay,R32,2022,Aljaz Bedene,Lorenzo Musetti,283.0,31.0,0,0.2004,0,0.2228,0,0.1992,0
Umag,20220725,Clay,R32,2022,Fabio Fognini,Daniel Elahi Galan,54.0,99.0,0,0.463,0,0.5216,1,0.5072,1
Umag,20220725,Clay,R32,2022,Pedro Cachin,Giulio Zeppieri,90.0,168.0,0,0.7087,1,0.7065,1,0.5733,1
Umag,20220725,Clay,R32,2022,Bernabe Zapata Miralles,Dino Prizmic,82.0,815.0,1,0.9028,1,0.8918,1,0.9004,1
Umag,20220725,Clay,R32,2022,Daniel Altmaier,Corentin Moutet,65.0,116.0,0,0.4891,0,0.4789,0,0.4149,0
Umag,20220725,Clay,R32,2022,Facundo Bagnis,Tomas Martin Etcheverry,120.0,72.0,1,0.4268,0,0.4614,0,0.5252,1
Umag,20220725,Clay,R32,2022,Norbert Gombos,Federico Delbonis,117.0,123.0,1,0.3856,0,0.3738,0,0.287,0
Umag,20220725,Clay,R16,2022,Jaume Munar,Jannik Sinner,59.0,10.0,0,0.2308,0,0.1696,0,0.1495,0
Umag,20220725,Clay,R16,2022,Roberto Carballes Baena,Alex Molcan,86.0,38.0,1,0.3107,0,0.281,0,0.2697,0
Umag,20220725,Clay,R16,2022,Franco Agamenone,Sebastian Baez,136.0,32.0,1,0.2104,0,0.1966,0,0.339,0
Umag,20220725,Clay,R16,2022,Marco Cecchinato,Lorenzo Musetti,151.0,31.0,1,0.2787,0,0.2841,0,0.2681,0
Umag,20220725,Clay,R16,2022,Daniel Elahi Galan,Giulio Zeppieri,99.0,168.0,0,0.7038,1,0.7084,1,0.6986,1
Umag,20220725,Clay,R16,2022,Bernabe Zapata Miralles,Holger Rune,82.0,27.0,1,0.3487,0,0.3415,0,0.3467,0
Umag,20220725,Clay,R16,2022,Facundo Bagnis,Corentin Moutet,120.0,116.0,1,0.3417,0,0.3478,0,0.4617,0
Umag,20220725,Clay,R16,2022,Norbert Gombos,Carlos Alcaraz,117.0,5.0,0,0.0646,0,0.0898,0,0.0323,0
Umag,20220725,Clay,QF,2022,Roberto Carballes Baena,Jannik Sinner,86.0,10.0,0,0.1681,0,0.1414,0,0.1859,0
Umag,20220725,Clay,QF,2022,Marco Cecchinato,Franco Agamenone,151.0,136.0,0,0.6203,1,0.5954,1,0.5968,1
Umag,20220725,Clay,QF,2022,Bernabe Zapata Miralles,Giulio Zeppieri,82.0,168.0,0,0.6974,1,0.7077,1,0.6648,1
Umag,20220725,Clay,QF,2022,Facundo Bagnis,Carlos Alcaraz,120.0,5.0,0,0.0712,0,0.0675,0,0.0194,0
Umag,20220725,Clay,SF,2022,Franco Agamenone,Jannik Sinner,136.0,10.0,0,0.1016,0,0.0745,0,0.0505,0
Umag,20220725,Clay,SF,2022,Giulio Zeppieri,Carlos Alcaraz,168.0,5.0,0,0.0608,0,0.0638,0,0.0314,0
Umag,20220725,Clay,F,2022,Jannik Sinner,Carlos Alcaraz,10.0,5.0,1,0.3654,0,0.3373,0,0.3277,0
Atlanta,20220725,Hard,R32,2022,Ramkumar Ramanathan,Ben Shelton,229.0,281.0,0,0.5285,1,0.5526,1,0.4936,0
Atlanta,20220725,Hard,R32,2022,Denis Kudla,Mackenzie Mcdonald,83.0,51.0,0,0.3861,0,0.3416,0,0.3058,0
Atlanta,20220725,Hard,R32,2022,Benoit Paire,Jenson Brooksby,94.0,43.0,0,0.311,0,0.2809,0,0.2929,0
Atlanta,20220725,Hard,R32,2022,Taro Daniel,Sebastian Korda,101.0,57.0,1,0.3235,0,0.3279,0,0.3452,0
Atlanta,20220725,Hard,R32,2022,John Millman,Alexei Popyrin,81.0,84.0,1,0.4934,0,0.5696,1,0.524,1
Atlanta,20220725,Hard,R32,2022,Jordan Thompson,Brandon Nakashima,95.0,56.0,0,0.3367,0,0.3335,0,0.326,0
Atlanta,20220725,Hard,R32,2022,Adrian Mannarino,Peter Gojowczyk,78.0,88.0,1,0.5198,1,0.5446,1,0.5409,1
Atlanta,20220725,Hard,R32,2022,Thanasi Kokkinakis,Andres Martin,69.0,736.0,0,0.9278,1,0.8883,1,0.9214,1
Atlanta,20220725,Hard,R32,2022,James Duckworth,Dominik Koepfer,62.0,141.0,1,0.6143,1,0.6345,1,0.6447,1
Atlanta,20220725,Hard,R32,2022,Jack Sock,Tommy Paul,106.0,36.0,0,0.3897,0,0.3927,0,0.3391,0
Atlanta,20220725,Hard,R32,2022,Marcos Giron,Soon Woo Kwon,55.0,76.0,0,0.5165,1,0.5189,1,0.5113,1
Atlanta,20220725,Hard,R32,2022,Quentin Halys,Ilya Ivashka,74.0,53.0,0,0.3759,0,0.3329,0,0.4166,0
Atlanta,20220725,Hard,R16,2022,John Isner,Ben Shelton,25.0,281.0,1,0.8467,1,0.7965,1,0.785,1
Atlanta,20220725,Hard,R16,2022,Mackenzie Mcdonald,Jenson Brooksby,51.0,43.0,0,0.4185,0,0.4088,0,0.426,0
Atlanta,20220725,Hard,R16,2022,Taro Daniel,Frances Tiafoe,101.0,29.0,0,0.3047,0,0.2928,0,0.2669,0
Atlanta,20220725,Hard,R16,2022,John Millman,Brandon Nakashima,81.0,56.0,0,0.3398,0,0.3419,0,0.267,0
Atlanta,20220725,Hard,R16,2022,Adrian Mannarino,Andres Martin,78.0,736.0,1,0.8867,1,0.8847,1,0.8846,1
Atlanta,20220725,Hard,R16,2022,James Duckworth,Alex De Minaur,62.0,30.0,0,0.3653,0,0.3352,0,0.3375,0
Atlanta,20220725,Hard,R16,2022,Tommy Paul,Soon Woo Kwon,36.0,76.0,1,0.6231,1,0.6213,1,0.6717,1
Atlanta,20220725,Hard,R16,2022,Steve Johnson,Ilya Ivashka,91.0,53.0,0,0.4061,0,0.4214,0,0.454,0
Atlanta,20220725,Hard,QF,2022,John Isner,Jenson Brooksby,25.0,43.0,0,0.5205,1,0.5036,1,0.5065,1
Atlanta,20220725,Hard,QF,2022,Frances Tiafoe,Brandon Nakashima,29.0,56.0,1,0.5204,1,0.4979,0,0.4905,0
Atlanta,20220725,Hard,QF,2022,Adrian Mannarino,Alex De Minaur,78.0,30.0,0,0.3564,0,0.3355,0,0.3017,0
Atlanta,20220725,Hard,QF,2022,Ilya Ivashka,Tommy Paul,53.0,36.0,1,0.4882,0,0.5109,1,0.5415,1
Atlanta,20220725,Hard,SF,2022,Frances Tiafoe,Jenson Brooksby,29.0,43.0,0,0.5106,1,0.4858,0,0.4726,0
Atlanta,20220725,Hard,SF,2022,Ilya Ivashka,Alex De Minaur,53.0,30.0,0,0.4931,0,0.4831,0,0.5034,1
Atlanta,20220725,Hard,F,2022,Alex De Minaur,Jenson Brooksby,30.0,43.0,1,0.4959,0,0.4922,0,0.4553,0
Washington,20220801,Hard,R64,2022,Mackenzie Mcdonald,Emil Ruusuvuori,48.0,46.0,0,0.4521,0,0.4507,0,0.4804,0
Washington,20220801,Hard,R64,2022,Andy Murray,Mikael Ymer,50.0,115.0,0,0.582,1,0.6187,1,0.6721,1
Washington,20220801,Hard,R64,2022,Ilya Ivashka,Sebastian Korda,49.0,54.0,0,0.5262,1,0.5663,1,0.5327,1
Washington,20220801,Hard,R64,2022,Adrian Mannarino,Bradley Klahn,67.0,808.0,1,0.9215,1,0.8711,1,0.8964,1
Washington,20220801,Hard,R64,2022,Denis Kudla,Michael Mmoh,82.0,162.0,1,0.6333,1,0.6366,1,0.6568,1
Washington,20220801,Hard,R64,2022,Marcos Giron,Nick Kyrgios,53.0,63.0,0,0.4121,0,0.4547,0,0.4184,0
Washington,20220801,Hard,R64,2022,Christopher Eubanks,Benjamin Bonzi,156.0,51.0,1,0.4002,0,0.3608,0,0.4346,0
Washington,20220801,Hard,R64,2022,James Duckworth,Borna Gojo,59.0,198.0,0,0.4924,0,0.5233,1,0.5229,1
Washington,20220801,Hard,R64,2022,Soon Woo Kwon,Dominik Koepfer,77.0,145.0,0,0.6353,1,0.6579,1,0.6446,1
Washington,20220801,Hard,R64,2022,Yoshihito Nishioka,Jenson Brooksby,96.0,37.0,1,0.2326,0,0.2565,0,0.2361,0
Washington,20220801,Hard,R64,2022,Kyle Edmund,Yosuke Watanuki,639.0,239.0,1,0.2055,0,0.2871,0,0.3018,0
Washington,20220801,Hard,R64,2022,Tung Lin Wu,Alexei Popyrin,182.0,83.0,0,0.3284,0,0.3319,0,0.3675,0
Washington,20220801,Hard,R64,2022,Taro Daniel,J J Wolf,94.0,99.0,0,0.5449,1,0.555,1,0.578,1
Washington,20220801,Hard,R64,2022,Benoit Paire,Peter Gojowczyk,112.0,110.0,1,0.4634,0,0.4154,0,0.4236,0
Washington,20220801,Hard,R64,2022,David Goffin,Jack Sock,60.0,105.0,0,0.5151,1,0.5564,1,0.4063,0
Washington,20220801,Hard,R64,2022,Stefan Kozlov,Jack Draper,111.0,81.0,0,0.3691,0,0.392,0,0.4145,0
Washington,20220801,Hard,R32,2022,Hubert Hurkacz,Emil Ruusuvuori,11.0,46.0,0,0.6996,1,0.7143,1,0.7705,1
Washington,20220801,Hard,R32,2022,Aslan Karatsev,Mikael Ymer,36.0,115.0,0,0.5827,1,0.5823,1,0.5801,1
Washington,20220801,Hard,R32,2022,Sebastian Korda,Sebastian Baez,54.0,31.0,1,0.544,1,0.4827,0,0.5525,1
Washington,20220801,Hard,R32,2022,Adrian Mannarino,Grigor Dimitrov,67.0,19.0,0,0.3575,0,0.3319,0,0.2622,0
Washington,20220801,Hard,R32,2022,Denis Kudla,Reilly Opelka,82.0,17.0,0,0.2525,0,0.2174,0,0.1661,0
Washington,20220801,Hard,R32,2022,Nick Kyrgios,Tommy Paul,63.0,34.0,1,0.4674,0,0.4673,0,0.5187,1
Washington,20220801,Hard,R32,2022,Christopher Eubanks,Frances Tiafoe,156.0,27.0,0,0.3199,0,0.2669,0,0.2759,0
Washington,20220801,Hard,R32,2022,Botic Van De Zandschulp,Borna Gojo,26.0,198.0,1,0.6437,1,0.6222,1,0.6112,1
Washington,20220801,Hard,R32,2022,Karen Khachanov,Dominik Koepfer,24.0,145.0,1,0.7836,1,0.7743,1,0.7988,1
Washington,20220801,Hard,R32,2022,Yoshihito Nishioka,Alex De Minaur,96.0,21.0,1,0.2313,0,0.1785,0,0.1194,0
Washington,20220801,Hard,R32,2022,Daniel Evans,Kyle Edmund,40.0,639.0,1,0.8896,1,0.8576,1,0.8365,1
Washington,20220801,Hard,R32,2022,Taylor Fritz,Alexei Popyrin,13.0,83.0,1,0.7981,1,0.8536,1,0.8551,1
Washington,20220801,Hard,R32,2022,Denis Shapovalov,J J Wolf,22.0,99.0,0,0.6759,1,0.6924,1,0.7054,1
Washington,20220801,Hard,R32,2022,Benoit Paire,Holger Rune,112.0,28.0,0,0.307,0,0.2856,0,0.2452,0
Washington,20220801,Hard,R32,2022,Jack Sock,Maxime Cressy,105.0,32.0,0,0.3348,0,0.3219,0,0.3008,0
Washington,20220801,Hard,R32,2022,Andrey Rublev,Jack Draper,8.0,81.0,1,0.7219,1,0.7176,1,0.7124,1
Washington,20220801,Hard,R16,2022,Mikael Ymer,Emil Ruusuvuori,115.0,46.0,1,0.3986,0,0.3816,0,0.3256,0
Washington,20220801,Hard,R16,2022,Grigor Dimitrov,Sebastian Korda,19.0,54.0,0,0.5371,1,0.5396,1,0.5394,1
Washington,20220801,Hard,R16,2022,Nick Kyrgios,Reilly Opelka,63.0,17.0,1,0.411,0,0.4254,0,0.5453,1
Washington,20220801,Hard,R16,2022,Botic Van De Zandschulp,Frances Tiafoe,26.0,27.0,0,0.5039,1,0.5228,1,0.5433,1
Washington,20220801,Hard,R16,2022,Yoshihito Nishioka,Karen Khachanov,96.0,24.0,1,0.2191,0,0.1568,0,0.079,0
Washington,20220801,Hard,R16,2022,Daniel Evans,Taylor Fritz,40.0,13.0,1,0.2398,0,0.2323,0,0.2354,0
Washington,20220801,Hard,R16,2022,J J Wolf,Holger Rune,99.0,28.0,1,0.3468,0,0.3168,0,0.2637,0
Washington,20220801,Hard,R16,2022,Andrey Rublev,Maxime Cressy,8.0,32.0,1,0.6605,1,0.6988,1,0.7094,1
Washington,20220801,Hard,QF,2022,Mikael Ymer,Sebastian Korda,115.0,54.0,1,0.3941,0,0.3912,0,0.4239,0
Washington,20220801,Hard,QF,2022,Nick Kyrgios,Frances Tiafoe,63.0,27.0,1,0.4561,0,0.4704,0,0.5425,1
Washington,20220801,Hard,QF,2022,Daniel Evans,Yoshihito Nishioka,40.0,96.0,0,0.6438,1,0.6886,1,0.6966,1
Washington,20220801,Hard,QF,2022,Andrey Rublev,J J Wolf,8.0,99.0,1,0.8381,1,0.8331,1,0.8836,1
Washington,20220801,Hard,SF,2022,Nick Kyrgios,Mikael Ymer,63.0,115.0,1,0.6092,1,0.6254,1,0.5816,1
Washington,20220801,Hard,SF,2022,Yoshihito Nishioka,Andrey Rublev,96.0,8.0,1,0.1353,0,0.0971,0,0.0572,0
Washington,20220801,Hard,F,2022,Nick Kyrgios,Yoshihito Nishioka,63.0,96.0,1,0.7237,1,0.6725,1,0.6617,1
Los Cabos,20220801,Hard,R32,2022,Nicolas Barrientos,Juan Alejandro Hernandez Serrano,354.0,521.0,0,0.5235,1,0.5775,1,0.5726,1
Los Cabos,20220801,Hard,R32,2022,Steve Johnson,Gonzalo Villanueva,92.0,279.0,1,0.8054,1,0.7541,1,0.739,1
Los Cabos,20220801,Hard,R32,2022,Fernando Verdasco,Thanasi Kokkinakis,125.0,75.0,0,0.2461,0,0.2636,0,0.2502,0
Los Cabos,20220801,Hard,R32,2022,Nick Chappell,Chun Hsin Tseng,500.0,84.0,0,0.2323,0,0.3043,0,0.2992,0
Los Cabos,20220801,Hard,R32,2022,Feliciano Lopez,Radu Albot,329.0,118.0,0,0.2963,0,0.3235,0,0.4918,0
Los Cabos,20220801,Hard,R32,2022,Jason Kubler,Tomas Martin Etcheverry,122.0,88.0,1,0.4987,0,0.4103,0,0.2172,0
Los Cabos,20220801,Hard,R32,2022,Kaichi Uchida,Brandon Nakashima,175.0,61.0,0,0.1825,0,0.2275,0,0.187,0
Los Cabos,20220801,Hard,R32,2022,Henri Laaksonen,Max Purcell,103.0,234.0,0,0.5956,1,0.5956,1,0.587,1
Los Cabos,20220801,Hard,R32,2022,Yannick Hanfmann,Jordan Thompson,139.0,114.0,0,0.5564,1,0.5278,1,0.5708,1
Los Cabos,20220801,Hard,R32,2022,Ricardas Berankis,Quentin Halys,98.0,73.0,1,0.4718,0,0.5022,1,0.4116,0
Los Cabos,20220801,Hard,R32,2022,Facundo Bagnis,Ernesto Escobedo,113.0,166.0,1,0.5612,1,0.5348,1,0.5213,1
Los Cabos,20220801,Hard,R32,2022,Rinky Hijikata,Rodrigo Pacheco Mendez,224.0,1545.0,1,0.9323,1,0.7438,1,0.8449,1
Los Cabos,20220801,Hard,R16,2022,Felix Auger Aliassime,Juan Alejandro Hernandez Serrano,9.0,521.0,1,0.9553,1,0.9012,1,0.9418,1
Los Cabos,20220801,Hard,R16,2022,Steve Johnson,Thanasi Kokkinakis,92.0,75.0,1,0.4538,0,0.4522,0,0.5415,1
Los Cabos,20220801,Hard,R16,2022,Cameron Norrie,Chun Hsin Tseng,12.0,84.0,1,0.8459,1,0.8655,1,0.8788,1
Los Cabos,20220801,Hard,R16,2022,Radu Albot,Jason Kubler,118.0,122.0,1,0.5154,1,0.55,1,0.628,1
Los Cabos,20220801,Hard,R16,2022,Max Purcell,Brandon Nakashima,234.0,61.0,0,0.2712,0,0.2746,0,0.346,0
Los Cabos,20220801,Hard,R16,2022,Jordan Thompson,Miomir Kecmanovic,114.0,38.0,0,0.3302,0,0.3015,0,0.2816,0
Los Cabos,20220801,Hard,R16,2022,Facundo Bagnis,Ricardas Berankis,113.0,98.0,0,0.4868,0,0.4449,0,0.4453,0
Los Cabos,20220801,Hard,R16,2022,Daniil Medvedev,Rinky Hijikata,1.0,224.0,1,0.9749,1,0.9588,1,0.9662,1
Los Cabos,20220801,Hard,QF,2022,Steve Johnson,Felix Auger Aliassime,92.0,9.0,0,0.2155,0,0.2711,0,0.274,0
Los Cabos,20220801,Hard,QF,2022,Radu Albot,Cameron Norrie,118.0,12.0,0,0.1864,0,0.1705,0,0.1725,0
Los Cabos,20220801,Hard,QF,2022,Miomir Kecmanovic,Brandon Nakashima,38.0,61.0,1,0.4923,0,0.5008,1,0.5115,1
Los Cabos,20220801,Hard,QF,2022,Ricardas Berankis,Daniil Medvedev,98.0,1.0,0,0.055,0,0.09,0,0.0361,0
Los Cabos,20220801,Hard,SF,2022,Cameron Norrie,Felix Auger Aliassime,12.0,9.0,1,0.4385,0,0.4694,0,0.5037,1
Los Cabos,20220801,Hard,SF,2022,Daniil Medvedev,Miomir Kecmanovic,1.0,38.0,1,0.9012,1,0.8986,1,0.9465,1
Los Cabos,20220801,Hard,F,2022,Daniil Medvedev,Cameron Norrie,1.0,12.0,1,0.822,1,0.7552,1,0.7399,1
Canada Masters,20220808,Hard,R64,2022,Vasek Pospisil,Tommy Paul,147.0,34.0,0,0.2568,0,0.2401,0,0.2407,0
Canada Masters,20220808,Hard,R64,2022,Karen Khachanov,Francisco Cerundolo,28.0,27.0,1,0.4772,0,0.4689,0,0.5149,1
Canada Masters,20220808,Hard,R64,2022,Marin Cilic,Borna Coric,16.0,157.0,1,0.7169,1,0.7234,1,0.7221,1
Canada Masters,20220808,Hard,R64,2022,Andy Murray,Taylor Fritz,48.0,13.0,0,0.2781,0,0.2646,0,0.2261,0
Canada Masters,20220808,Hard,R64,2022,Benjamin Bonzi,Frances Tiafoe,49.0,24.0,0,0.3931,0,0.378,0,0.3928,0
Canada Masters,20220808,Hard,R64,2022,Daniel Evans,Filip Krajinovic,39.0,47.0,1,0.4792,0,0.5,1,0.4954,0
Canada Masters,20220808,Hard,R64,2022,Hugo Gaston,Jack Draper,76.0,82.0,0,0.4069,0,0.421,0,0.4211,0
Canada Masters,20220808,Hard,R64,2022,Aslan Karatsev,Maxime Cressy,38.0,31.0,0,0.4065,0,0.3714,0,0.3916,0
Canada Masters,20220808,Hard,R64,2022,Gael Monfils,Pedro Martinez,20.0,53.0,1,0.504,1,0.5875,1,0.4848,0
Canada Masters,20220808,Hard,R64,2022,Pablo Carreno Busta,Matteo Berrettini,23.0,14.0,1,0.3458,0,0.3453,0,0.383,0
Canada Masters,20220808,Hard,R64,2022,Fabio Fognini,Holger Rune,60.0,26.0,0,0.3593,0,0.4041,0,0.3739,0
Canada Masters,20220808,Hard,R64,2022,Adrian Mannarino,Arthur Rinderknech,70.0,67.0,1,0.4532,0,0.4465,0,0.4049,0
Canada Masters,20220808,Hard,R64,2022,Benoit Paire,Yoshihito Nishioka,104.0,54.0,0,0.3881,0,0.3568,0,0.4354,0
Canada Masters,20220808,Hard,R64,2022,Botic Van De Zandschulp,Miomir Kecmanovic,25.0,35.0,1,0.5415,1,0.5497,1,0.5715,1
Canada Masters,20220808,Hard,R64,2022,Cameron Norrie,Brandon Nakashima,11.0,63.0,1,0.6699,1,0.6587,1,0.6639,1
Canada Masters,20220808,Hard,R64,2022,Roberto Bautista Agut,Marcos Giron,18.0,57.0,1,0.638,1,0.6934,1,0.7389,1
Canada Masters,20220808,Hard,R64,2022,Alexander Bublik,Jenson Brooksby,41.0,46.0,0,0.4969,0,0.4774,0,0.4606,0
Canada Masters,20220808,Hard,R64,2022,Mackenzie Mcdonald,Alex Molcan,72.0,42.0,0,0.4084,0,0.3584,0,0.4274,0
Canada Masters,20220808,Hard,R64,2022,Stan Wawrinka,Emil Ruusuvuori,322.0,44.0,0,0.1432,0,0.1924,0,0.2092,0
Canada Masters,20220808,Hard,R64,2022,Albert Ramos,David Goffin,43.0,61.0,1,0.5087,1,0.488,0,0.4875,0
Canada Masters,20220808,Hard,R64,2022,Diego Schwartzman,Alejandro Davidovich Fokina,15.0,36.0,1,0.5454,1,0.5802,1,0.491,0
Canada Masters,20220808,Hard,R64,2022,Grigor Dimitrov,Alexis Galarneau,19.0,237.0,1,0.8472,1,0.8623,1,0.8403,1
Canada Masters,20220808,Hard,R64,2022,Denis Shapovalov,Alex De Minaur,22.0,21.0,0,0.4323,0,0.406,0,0.4447,0
Canada Masters,20220808,Hard,R64,2022,Nick Kyrgios,Sebastian Baez,37.0,32.0,1,0.6446,1,0.6492,1,0.6994,1
Canada Masters,20220808,Hard,R32,2022,Tommy Paul,Carlos Alcaraz,34.0,4.0,1,0.207,0,0.1949,0,0.2285,0
Canada Masters,20220808,Hard,R32,2022,Marin Cilic,Karen Khachanov,16.0,28.0,1,0.532,1,0.5183,1,0.4911,0
Canada Masters,20220808,Hard,R32,2022,Taylor Fritz,Frances Tiafoe,13.0,24.0,1,0.6358,1,0.6427,1,0.6569,1
Canada Masters,20220808,Hard,R32,2022,Daniel Evans,Andrey Rublev,39.0,8.0,1,0.2327,0,0.2073,0,0.1977,0
Canada Masters,20220808,Hard,R32,2022,Stefanos Tsitsipas,Jack Draper,5.0,82.0,0,0.806,1,0.754,1,0.7302,1
Canada Masters,20220808,Hard,R32,2022,Gael Monfils,Maxime Cressy,20.0,31.0,1,0.3997,0,0.5138,1,0.3965,0
Canada Masters,20220808,Hard,R32,2022,Pablo Carreno Busta,Holger Rune,23.0,26.0,1,0.5649,1,0.601,1,0.5783,1
Canada Masters,20220808,Hard,R32,2022,Adrian Mannarino,Jannik Sinner,70.0,12.0,0,0.1982,0,0.1999,0,0.1801,0
Canada Masters,20220808,Hard,R32,2022,Yoshihito Nishioka,Felix Auger Aliassime,54.0,9.0,0,0.2382,0,0.1988,0,0.1574,0
Canada Masters,20220808,Hard,R32,2022,Cameron Norrie,Botic Van De Zandschulp,11.0,25.0,1,0.6261,1,0.5996,1,0.5564,1
Canada Masters,20220808,Hard,R32,2022,Roberto Bautista Agut,Jenson Brooksby,18.0,46.0,1,0.5119,1,0.514,1,0.3824,0
Canada Masters,20220808,Hard,R32,2022,Casper Ruud,Alex Molcan,7.0,42.0,1,0.7794,1,0.7587,1,0.7557,1
Canada Masters,20220808,Hard,R32,2022,Hubert Hurkacz,Emil Ruusuvuori,10.0,44.0,1,0.6767,1,0.6502,1,0.651,1
Canada Masters,20220808,Hard,R32,2022,Albert Ramos,Diego Schwartzman,43.0,15.0,1,0.3845,0,0.3189,0,0.3147,0
Canada Masters,20220808,Hard,R32,2022,Grigor Dimitrov,Alex De Minaur,19.0,21.0,0,0.4666,0,0.4678,0,0.4633,0
Canada Masters,20220808,Hard,R32,2022,Nick Kyrgios,Daniil Medvedev,37.0,1.0,1,0.129,0,0.3058,0,0.3049,0
Canada Masters,20220808,Hard,R16,2022,Marin Cilic,Tommy Paul,16.0,34.0,0,0.5604,1,0.5239,1,0.5088,1
Canada Masters,20220808,Hard,R16,2022,Daniel Evans,Taylor Fritz,39.0,13.0,1,0.2538,0,0.2548,0,0.2174,0
Canada Masters,20220808,Hard,R16,2022,Gael Monfils,Jack Draper,20.0,82.0,0,0.4784,0,0.5524,1,0.3682,0
Canada Masters,20220808,Hard,R16,2022,Pablo Carreno Busta,Jannik Sinner,23.0,12.0,1,0.2986,0,0.251,0,0.257,0
Canada Masters,20220808,Hard,R16,2022,Cameron Norrie,Felix Auger Aliassime,11.0,9.0,0,0.4519,0,0.4891,0,0.5211,1
Canada Masters,20220808,Hard,R16,2022,Roberto Bautista Agut,Casper Ruud,18.0,7.0,0,0.2716,0,0.3825,0,0.3434,0
Canada Masters,20220808,Hard,R16,2022,Albert Ramos,Hubert Hurkacz,43.0,10.0,0,0.2343,0,0.2127,0,0.2501,0
Canada Masters,20220808,Hard,R16,2022,Nick Kyrgios,Alex De Minaur,37.0,21.0,1,0.5295,1,0.5601,1,0.5668,1
Canada Masters,20220808,Hard,QF,2022,Daniel Evans,Tommy Paul,39.0,34.0,1,0.3985,0,0.3863,0,0.3916,0
Canada Masters,20220808,Hard,QF,2022,Pablo Carreno Busta,Jack Draper,23.0,82.0,1,0.5427,1,0.5113,1,0.4888,0
Canada Masters,20220808,Hard,QF,2022,Casper Ruud,Felix Auger Aliassime,7.0,9.0,1,0.5713,1,0.6197,1,0.5855,1
Canada Masters,20220808,Hard,QF,2022,Nick Kyrgios,Hubert Hurkacz,37.0,10.0,0,0.4042,0,0.471,0,0.3979,0
Canada Masters,20220808,Hard,SF,2022,Daniel Evans,Pablo Carreno Busta,39.0,23.0,0,0.4065,0,0.3617,0,0.3584,0
Canada Masters,20220808,Hard,SF,2022,Hubert Hurkacz,Casper Ruud,10.0,7.0,1,0.3976,0,0.3963,0,0.3283,0
Canada Masters,20220808,Hard,F,2022,Pablo Carreno Busta,Hubert Hurkacz,23.0,10.0,1,0.3437,0,0.33,0,0.3567,0
Cincinnati Masters,20220815,Hard,R64,2022,Borna Coric,Lorenzo Musetti,152.0,33.0,1,0.3375,0,0.3337,0,0.3627,0
Cincinnati Masters,20220815,Hard,R64,2022,David Goffin,Marcos Giron,62.0,54.0,0,0.4695,0,0.4991,0,0.5514,1
Cincinnati Masters,20220815,Hard,R64,2022,Roberto Bautista Agut,Francisco Cerundolo,19.0,27.0,1,0.4801,0,0.4884,0,0.4749,0
Cincinnati Masters,20220815,Hard,R64,2022,Thanasi Kokkinakis,Jannik Sinner,75.0,12.0,0,0.2492,0,0.2569,0,0.2323,0
Cincinnati Masters,20220815,Hard,R64,2022,Pablo Carreno Busta,Miomir Kecmanovic,14.0,36.0,0,0.6305,1,0.6352,1,0.608,1
Cincinnati Masters,20220815,Hard,R64,2022,Henri Laaksonen,Alex De Minaur,102.0,20.0,0,0.2571,0,0.2629,0,0.2846,0
Cincinnati Masters,20220815,Hard,R64,2022,Nikoloz Basilashvili,Mackenzie Mcdonald,34.0,72.0,0,0.5727,1,0.5521,1,0.538,1
Cincinnati Masters,20220815,Hard,R64,2022,Emil Ruusuvuori,J J Wolf,44.0,83.0,1,0.5321,1,0.512,1,0.5057,1
Cincinnati Masters,20220815,Hard,R64,2022,Marin Cilic,Jaume Munar,17.0,57.0,1,0.6681,1,0.6793,1,0.6573,1
Cincinnati Masters,20220815,Hard,R64,2022,Cameron Norrie,Holger Rune,11.0,29.0,1,0.699,1,0.782,1,0.7884,1
Cincinnati Masters,20220815,Hard,R64,2022,Stan Wawrinka,Andy Murray,306.0,47.0,0,0.1849,0,0.1966,0,0.2697,0
Cincinnati Masters,20220815,Hard,R64,2022,Lorenzo Sonego,Ben Shelton,56.0,229.0,0,0.5646,1,0.5927,1,0.6131,1
Cincinnati Masters,20220815,Hard,R64,2022,John Isner,Benjamin Bonzi,50.0,48.0,1,0.512,1,0.4612,0,0.4203,0
Cincinnati Masters,20220815,Hard,R64,2022,Karen Khachanov,Sebastian Korda,30.0,52.0,0,0.5364,1,0.5161,1,0.5177,1
Cincinnati Masters,20220815,Hard,R64,2022,Frances Tiafoe,Matteo Berrettini,25.0,15.0,1,0.3851,0,0.354,0,0.3234,0
Cincinnati Masters,20220815,Hard,R64,2022,Diego Schwartzman,Alex Molcan,16.0,39.0,1,0.5349,1,0.5279,1,0.5533,1
Cincinnati Masters,20220815,Hard,R64,2022,Aslan Karatsev,Brandon Nakashima,38.0,66.0,1,0.4791,0,0.47,0,0.4495,0
Cincinnati Masters,20220815,Hard,R64,2022,Daniel Evans,Filip Krajinovic,23.0,46.0,0,0.5516,1,0.5672,1,0.5391,1
Cincinnati Masters,20220815,Hard,R64,2022,Fabio Fognini,Albert Ramos,61.0,40.0,1,0.3812,0,0.3512,0,0.3175,0
Cincinnati Masters,20220815,Hard,R64,2022,Nick Kyrgios,Alejandro Davidovich Fokina,28.0,37.0,1,0.6506,1,0.6769,1,0.7166,1
Cincinnati Masters,20220815,Hard,R64,2022,Taylor Fritz,Sebastian Baez,13.0,35.0,1,0.7535,1,0.7211,1,0.758,1
Cincinnati Masters,20220815,Hard,R64,2022,Grigor Dimitrov,Denis Shapovalov,18.0,21.0,0,0.5471,1,0.592,1,0.6432,1
Cincinnati Masters,20220815,Hard,R64,2022,Tommy Paul,Jenson Brooksby,31.0,43.0,1,0.5112,1,0.4993,0,0.4726,0
Cincinnati Masters,20220815,Hard,R64,2022,Botic Van De Zandschulp,Maxime Cressy,24.0,32.0,1,0.4832,0,0.5118,1,0.5251,1
Cincinnati Masters,20220815,Hard,R32,2022,Rafael Nadal,Borna Coric,3.0,152.0,0,0.9046,1,0.9112,1,0.897,1
Cincinnati Masters,20220815,Hard,R32,2022,Roberto Bautista Agut,Marcos Giron,19.0,54.0,1,0.6358,1,0.6924,1,0.7443,1
Cincinnati Masters,20220815,Hard,R32,2022,Miomir Kecmanovic,Jannik Sinner,36.0,12.0,0,0.2743,0,0.2133,0,0.1883,0
Cincinnati Masters,20220815,Hard,R32,2022,Felix Auger Aliassime,Alex De Minaur,9.0,20.0,1,0.6594,1,0.6008,1,0.6022,1
Cincinnati Masters,20220815,Hard,R32,2022,Mackenzie Mcdonald,Carlos Alcaraz,72.0,4.0,0,0.1284,0,0.1028,0,0.1055,0
Cincinnati Masters,20220815,Hard,R32,2022,Marin Cilic,Emil Ruusuvuori,17.0,44.0,1,0.5868,1,0.56,1,0.4865,0
Cincinnati Masters,20220815,Hard,R32,2022,Andy Murray,Cameron Norrie,47.0,11.0,0,0.2861,0,0.3033,0,0.3065,0
Cincinnati Masters,20220815,Hard,R32,2022,Casper Ruud,Ben Shelton,5.0,229.0,0,0.8528,1,0.8089,1,0.7985,1
Cincinnati Masters,20220815,Hard,R32,2022,John Isner,Hubert Hurkacz,50.0,10.0,1,0.2525,0,0.2457,0,0.3865,0
Cincinnati Masters,20220815,Hard,R32,2022,Frances Tiafoe,Sebastian Korda,25.0,52.0,0,0.537,1,0.5364,1,0.5386,1
Cincinnati Masters,20220815,Hard,R32,2022,Diego Schwartzman,Aslan Karatsev,16.0,38.0,1,0.5499,1,0.6013,1,0.59,1
Cincinnati Masters,20220815,Hard,R32,2022,Filip Krajinovic,Stefanos Tsitsipas,46.0,7.0,0,0.1909,0,0.2026,0,0.2049,0
Cincinnati Masters,20220815,Hard,R32,2022,Fabio Fognini,Andrey Rublev,61.0,8.0,0,0.1605,0,0.1716,0,0.205,0
Cincinnati Masters,20220815,Hard,R32,2022,Nick Kyrgios,Taylor Fritz,28.0,13.0,0,0.407,0,0.4631,0,0.4703,0
Cincinnati Masters,20220815,Hard,R32,2022,Tommy Paul,Denis Shapovalov,31.0,21.0,0,0.5606,1,0.556,1,0.5981,1
Cincinnati Masters,20220815,Hard,R32,2022,Daniil Medvedev,Botic Van De Zandschulp,1.0,24.0,1,0.858,1,0.8102,1,0.7306,1
Cincinnati Masters,20220815,Hard,R16,2022,Roberto Bautista Agut,Borna Coric,19.0,152.0,0,0.7027,1,0.7569,1,0.7825,1
Cincinnati Masters,20220815,Hard,R16,2022,Felix Auger Aliassime,Jannik Sinner,9.0,12.0,1,0.4976,0,0.4439,0,0.3686,0
Cincinnati Masters,20220815,Hard,R16,2022,Marin Cilic,Carlos Alcaraz,17.0,4.0,0,0.2579,0,0.2388,0,0.2409,0
Cincinnati Masters,20220815,Hard,R16,2022,Cameron Norrie,Ben Shelton,11.0,229.0,1,0.7737,1,0.7699,1,0.7406,1
Cincinnati Masters,20220815,Hard,R16,2022,John Isner,Sebastian Korda,50.0,52.0,1,0.4377,0,0.4431,0,0.4341,0
Cincinnati Masters,20220815,Hard,R16,2022,Diego Schwartzman,Stefanos Tsitsipas,16.0,7.0,0,0.2395,0,0.2965,0,0.271,0
Cincinnati Masters,20220815,Hard,R16,2022,Andrey Rublev,Taylor Fritz,8.0,13.0,0,0.5084,1,0.4829,0,0.4808,0
Cincinnati Masters,20220815,Hard,R16,2022,Daniil Medvedev,Denis Shapovalov,1.0,21.0,1,0.8823,1,0.8741,1,0.9028,1
Cincinnati Masters,20220815,Hard,QF,2022,Borna Coric,Felix Auger Aliassime,152.0,9.0,1,0.1618,0,0.1428,0,0.0863,0
Cincinnati Masters,20220815,Hard,QF,2022,Cameron Norrie,Carlos Alcaraz,11.0,4.0,1,0.3288,0,0.3003,0,0.3051,0
Cincinnati Masters,20220815,Hard,QF,2022,John Isner,Stefanos Tsitsipas,50.0,7.0,0,0.1995,0,0.238,0,0.3057,0
Cincinnati Masters,20220815,Hard,QF,2022,Daniil Medvedev,Taylor Fritz,1.0,13.0,1,0.7583,1,0.7164,1,0.7726,1
Cincinnati Masters,20220815,Hard,SF,2022,Borna Coric,Cameron Norrie,152.0,11.0,1,0.1947,0,0.143,0,0.1353,0
Cincinnati Masters,20220815,Hard,SF,2022,Daniil Medvedev,Stefanos Tsitsipas,1.0,7.0,0,0.6824,1,0.6869,1,0.7562,1
Cincinnati Masters,20220815,Hard,F,2022,Borna Coric,Stefanos Tsitsipas,152.0,7.0,1,0.1291,0,0.1159,0,0.0966,0
Winston-Salem,20220822,Hard,R64,2022,Taro Daniel,Tallon Griekspoor,95.0,46.0,0,0.401,0,0.3798,0,0.3619,0
Winston-Salem,20220822,Hard,R64,2022,Marton Fucsovics,Chun Hsin Tseng,96.0,85.0,0,0.4524,0,0.4863,0,0.5337,1
Winston-Salem,20220822,Hard,R64,2022,Kyle Edmund,Michail Pervolarakis,665.0,377.0,1,0.4863,0,0.4465,0,0.4548,0
Winston-Salem,20220822,Hard,R64,2022,Denis Kudla,Thiago Monteiro,97.0,67.0,0,0.4393,0,0.3902,0,0.4606,0
Winston-Salem,20220822,Hard,R64,2022,James Duckworth,Thanasi Kokkinakis,84.0,70.0,1,0.4216,0,0.3968,0,0.4352,0
Winston-Salem,20220822,Hard,R64,2022,Alejandro Tabilo,Shintaro Mochizuki,72.0,368.0,1,0.8055,1,0.8279,1,0.8245,1
Winston-Salem,20220822,Hard,R64,2022,Adrian Mannarino,Christopher Oconnell,65.0,121.0,1,0.6389,1,0.6815,1,0.6831,1
Winston-Salem,20220822,Hard,R64,2022,John Millman,Hugo Gaston,104.0,71.0,1,0.4853,0,0.4902,0,0.4755,0
Winston-Salem,20220822,Hard,R64,2022,Richard Gasquet,Kamil Majchrzak,91.0,90.0,1,0.4852,0,0.4456,0,0.4829,0
Winston-Salem,20220822,Hard,R64,2022,Steve Johnson,Emilio Nava,115.0,200.0,1,0.7089,1,0.6904,1,0.685,1
Winston-Salem,20220822,Hard,R64,2022,David Goffin,Laslo Djere,62.0,89.0,0,0.5022,1,0.5439,1,0.5543,1
Winston-Salem,20220822,Hard,R64,2022,Soon Woo Kwon,Daniel Altmaier,81.0,93.0,1,0.5627,1,0.5898,1,0.5621,1
Winston-Salem,20220822,Hard,R64,2022,Federico Coria,Mikael Ymer,78.0,74.0,0,0.3837,0,0.3801,0,0.3755,0
Winston-Salem,20220822,Hard,R64,2022,Peter Gojowczyk,Jiri Lehecka,111.0,60.0,1,0.3534,0,0.3325,0,0.2948,0
Winston-Salem,20220822,Hard,R64,2022,Fabio Fognini,Dusan Lajovic,61.0,88.0,1,0.4765,0,0.5026,1,0.5146,1
Winston-Salem,20220822,Hard,R64,2022,Dominic Thiem,J J Wolf,231.0,87.0,1,0.284,0,0.3661,0,0.264,0
Winston-Salem,20220822,Hard,R32,2022,Botic Van De Zandschulp,Tallon Griekspoor,23.0,46.0,1,0.5938,1,0.6158,1,0.5892,1
Winston-Salem,20220822,Hard,R32,2022,Jaume Munar,Chun Hsin Tseng,57.0,85.0,1,0.5521,1,0.5981,1,0.6014,1
Winston-Salem,20220822,Hard,R32,2022,Kyle Edmund,Benjamin Bonzi,665.0,50.0,0,0.215,0,0.3732,0,0.2819,0
Winston-Salem,20220822,Hard,R32,2022,Nikoloz Basilashvili,Thiago Monteiro,35.0,67.0,0,0.5688,1,0.5238,1,0.5457,1
Winston-Salem,20220822,Hard,R32,2022,James Duckworth,Maxime Cressy,84.0,34.0,0,0.3259,0,0.3163,0,0.294,0
Winston-Salem,20220822,Hard,R32,2022,Alejandro Tabilo,Lorenzo Sonego,72.0,63.0,0,0.4829,0,0.4963,0,0.5735,1
Winston-Salem,20220822,Hard,R32,2022,Adrian Mannarino,Emil Ruusuvuori,65.0,44.0,1,0.3808,0,0.3621,0,0.2494,0
Winston-Salem,20220822,Hard,R32,2022,Albert Ramos,John Millman,42.0,104.0,1,0.555,1,0.5352,1,0.4704,0
Winston-Salem,20220822,Hard,R32,2022,Richard Gasquet,Lorenzo Musetti,91.0,30.0,1,0.3547,0,0.3789,0,0.292,0
Winston-Salem,20220822,Hard,R32,2022,Steve Johnson,Pedro Martinez,115.0,54.0,1,0.4373,0,0.4615,0,0.4647,0
Winston-Salem,20220822,Hard,R32,2022,Joao Sousa,Laslo Djere,59.0,89.0,0,0.5184,1,0.5432,1,0.5064,1
Winston-Salem,20220822,Hard,R32,2022,Jason Kubler,Soon Woo Kwon,116.0,81.0,1,0.5072,1,0.484,0,0.4765,0
Winston-Salem,20220822,Hard,R32,2022,Mikael Ymer,Marc Andrea Huesler,74.0,102.0,0,0.6838,1,0.6353,1,0.6622,1
Winston-Salem,20220822,Hard,R32,2022,Peter Gojowczyk,Ilya Ivashka,111.0,51.0,0,0.3153,0,0.2713,0,0.2537,0
Winston-Salem,20220822,Hard,R32,2022,Fabio Fognini,Jack Draper,61.0,55.0,0,0.2859,0,0.305,0,0.2854,0
Winston-Salem,20220822,Hard,R32,2022,Grigor Dimitrov,Dominic Thiem,19.0,231.0,0,0.7703,1,0.7894,1,0.7575,1
Winston-Salem,20220822,Hard,R16,2022,Botic Van De Zandschulp,Jaume Munar,23.0,57.0,1,0.6373,1,0.6451,1,0.601,1
Winston-Salem,20220822,Hard,R16,2022,Thiago Monteiro,Benjamin Bonzi,67.0,50.0,0,0.4475,0,0.4122,0,0.417,0
Winston-Salem,20220822,Hard,R16,2022,Lorenzo Sonego,Maxime Cressy,63.0,34.0,0,0.3551,0,0.3458,0,0.4053,0
Winston-Salem,20220822,Hard,R16,2022,Albert Ramos,Adrian Mannarino,42.0,65.0,0,0.5203,1,0.5124,1,0.4832,0
Winston-Salem,20220822,Hard,R16,2022,Richard Gasquet,Steve Johnson,91.0,115.0,1,0.4628,0,0.4643,0,0.4696,0
Winston-Salem,20220822,Hard,R16,2022,Jason Kubler,Laslo Djere,116.0,89.0,0,0.542,1,0.5347,1,0.5385,1
Winston-Salem,20220822,Hard,R16,2022,Ilya Ivashka,Marc Andrea Huesler,51.0,102.0,0,0.7291,1,0.7182,1,0.7653,1
Winston-Salem,20220822,Hard,R16,2022,Dominic Thiem,Jack Draper,231.0,55.0,0,0.2096,0,0.2925,0,0.271,0
Winston-Salem,20220822,Hard,QF,2022,Botic Van De Zandschulp,Benjamin Bonzi,23.0,50.0,1,0.6199,1,0.6194,1,0.5856,1
Winston-Salem,20220822,Hard,QF,2022,Adrian Mannarino,Maxime Cressy,65.0,34.0,1,0.3376,0,0.3451,0,0.3267,0
Winston-Salem,20220822,Hard,QF,2022,Richard Gasquet,Laslo Djere,91.0,89.0,0,0.4828,0,0.502,1,0.4992,0
Winston-Salem,20220822,Hard,QF,2022,Marc Andrea Huesler,Jack Draper,102.0,55.0,1,0.2403,0,0.2781,0,0.2587,0
Winston-Salem,20220822,Hard,SF,2022,Adrian Mannarino,Botic Van De Zandschulp,65.0,23.0,1,0.343,0,0.3344,0,0.308,0
Winston-Salem,20220822,Hard,SF,2022,Laslo Djere,Marc Andrea Huesler,89.0,102.0,1,0.5998,1,0.5973,1,0.5459,1
Winston-Salem,20220822,Hard,F,2022,Adrian Mannarino,Laslo Djere,65.0,89.0,1,0.525,1,0.5811,1,0.5647,1
Us Open,20220829,Hard,R128,2022,Daniil Medvedev,Stefan Kozlov,1.0,111.0,1,0.9322,1,0.9099,1,0.9748,1
Us Open,20220829,Hard,R128,2022,Quentin Halys,Arthur Rinderknech,76.0,58.0,0,0.4494,0,0.3843,0,0.4147,0
Us Open,20220829,Hard,R128,2022,Nuno Borges,Ben Shelton,104.0,165.0,1,0.2754,0,0.4573,0,0.3961,0
Us Open,20220829,Hard,R128,2022,Nikoloz Basilashvili,Yibing Wu,35.0,174.0,0,0.7583,1,0.7737,1,0.8046,1
Us Open,20220829,Hard,R128,2022,Nick Kyrgios,Thanasi Kokkinakis,25.0,70.0,1,0.6667,1,0.7031,1,0.7468,1
Us Open,20220829,Hard,R128,2022,Benjamin Bonzi,Ugo Humbert,50.0,138.0,1,0.6329,1,0.6566,1,0.6609,1
Us Open,20220829,Hard,R128,2022,Kamil Majchrzak,Alejandro Tabilo,90.0,71.0,0,0.4458,0,0.4296,0,0.3994,0
Us Open,20220829,Hard,R128,2022,Roberto Bautista Agut,J J Wolf,18.0,87.0,0,0.6278,1,0.678,1,0.6238,1
Us Open,20220829,Hard,R128,2022,Pablo Carreno Busta,Dominic Thiem,15.0,211.0,1,0.705,1,0.6794,1,0.615,1
Us Open,20220829,Hard,R128,2022,Alexander Bublik,Hugo Gaston,47.0,72.0,1,0.6622,1,0.649,1,0.5917,1
Us Open,20220829,Hard,R128,2022,Cristian Garin,Jiri Lehecka,82.0,61.0,1,0.4721,0,0.5288,1,0.548,1
Us Open,20220829,Hard,R128,2022,Filip Krajinovic,Alex De Minaur,44.0,20.0,0,0.3534,0,0.3341,0,0.293,0
Us Open,20220829,Hard,R128,2022,Denis Kudla,Karen Khachanov,96.0,31.0,0,0.2789,0,0.2152,0,0.2027,0
Us Open,20220829,Hard,R128,2022,Thiago Monteiro,Alex Molcan,67.0,40.0,1,0.4277,0,0.3674,0,0.397,0
Us Open,20220829,Hard,R128,2022,Emil Ruusuvuori,Jack Draper,49.0,53.0,0,0.429,0,0.4349,0,0.4543,0
Us Open,20220829,Hard,R128,2022,Alexander Ritschard,Felix Auger Aliassime,186.0,8.0,0,0.1083,0,0.1236,0,0.0836,0
Us Open,20220829,Hard,R128,2022,Daniel Elahi Galan,Stefanos Tsitsipas,94.0,5.0,1,0.1506,0,0.1227,0,0.1215,0
Us Open,20220829,Hard,R128,2022,Jordan Thompson,Lorenzo Sonego,102.0,63.0,1,0.4268,0,0.3781,0,0.3938,0
Us Open,20220829,Hard,R128,2022,Yoshihito Nishioka,Alejandro Davidovich Fokina,55.0,39.0,0,0.4882,0,0.4759,0,0.5092,1
Us Open,20220829,Hard,R128,2022,Marton Fucsovics,Maxime Cressy,98.0,32.0,1,0.2588,0,0.3047,0,0.2315,0
Us Open,20220829,Hard,R128,2022,Andy Murray,Francisco Cerundolo,51.0,27.0,1,0.3926,0,0.3785,0,0.3725,0
Us Open,20220829,Hard,R128,2022,John Millman,Emilio Nava,103.0,203.0,0,0.6719,1,0.68,1,0.5917,1
Us Open,20220829,Hard,R128,2022,Hugo Grenier,Tomas Martin Etcheverry,119.0,86.0,1,0.5328,1,0.5264,1,0.506,1
Us Open,20220829,Hard,R128,2022,Nicolas Jarry,Matteo Berrettini,123.0,14.0,0,0.2307,0,0.1849,0,0.1594,0
Us Open,20220829,Hard,R128,2022,Taylor Fritz,Brandon Holt,12.0,303.0,0,0.9352,1,0.9432,1,0.9548,1
Us Open,20220829,Hard,R128,2022,Aljaz Bedene,Pedro Cachin,347.0,66.0,0,0.3148,0,0.3725,0,0.5326,1
Us Open,20220829,Hard,R128,2022,Stan Wawrinka,Corentin Moutet,295.0,112.0,0,0.2007,0,0.2678,0,0.2613,0
Us Open,20220829,Hard,R128,2022,Botic Van De Zandschulp,Tomas Machac,22.0,126.0,1,0.6974,1,0.6954,1,0.683,1
Us Open,20220829,Hard,R128,2022,Tommy Paul,Bernabe Zapata Miralles,34.0,79.0,1,0.668,1,0.6757,1,0.634,1
Us Open,20220829,Hard,R128,2022,Facundo Bagnis,Sebastian Korda,105.0,52.0,0,0.3237,0,0.3279,0,0.2725,0
Us Open,20220829,Hard,R128,2022,Zhizhen Zhang,Tim Van Rijthoven,137.0,117.0,0,0.3803,0,0.3697,0,0.3818,0
Us Open,20220829,Hard,R128,2022,Kyle Edmund,Casper Ruud,601.0,7.0,0,0.0661,0,0.2202,0,0.2009,0
Us Open,20220829,Hard,R128,2022,Oscar Otte,Hubert Hurkacz,41.0,10.0,0,0.32,0,0.3716,0,0.4422,0
Us Open,20220829,Hard,R128,2022,Sam Querrey,Ilya Ivashka,287.0,73.0,0,0.2149,0,0.2716,0,0.3181,0
Us Open,20220829,Hard,R128,2022,Adrian Mannarino,Gijs Brouwer,45.0,181.0,0,0.7617,1,0.7632,1,0.7513,1
Us Open,20220829,Hard,R128,2022,David Goffin,Lorenzo Musetti,62.0,30.0,0,0.3691,0,0.365,0,0.3236,0
Us Open,20220829,Hard,R128,2022,Steve Johnson,Grigor Dimitrov,110.0,19.0,0,0.3984,0,0.4262,0,0.4639,0
Us Open,20220829,Hard,R128,2022,Pavel Kotov,Brandon Nakashima,113.0,69.0,0,0.2782,0,0.3067,0,0.3417,0
Us Open,20220829,Hard,R128,2022,Christopher Eubanks,Pedro Martinez,145.0,54.0,1,0.4346,0,0.411,0,0.4275,0
Us Open,20220829,Hard,R128,2022,Daniel Altmaier,Jannik Sinner,93.0,13.0,0,0.1627,0,0.1312,0,0.172,0
Us Open,20220829,Hard,R128,2022,Marin Cilic,Maximilian Marterer,17.0,156.0,1,0.7945,1,0.7949,1,0.8007,1
Us Open,20220829,Hard,R128,2022,Albert Ramos,Norbert Gombos,42.0,114.0,1,0.5593,1,0.5967,1,0.6837,1
Us Open,20220829,Hard,R128,2022,James Duckworth,Christopher Oconnell,83.0,118.0,1,0.6239,1,0.6388,1,0.6501,1
Us Open,20220829,Hard,R128,2022,Daniel Evans,Jiri Vesely,23.0,68.0,1,0.5605,1,0.5874,1,0.503,1
Us Open,20220829,Hard,R128,2022,Borna Coric,Enzo Couacaud,29.0,193.0,1,0.8619,1,0.8566,1,0.9185,1
Us Open,20220829,Hard,R128,2022,Dusan Lajovic,Jenson Brooksby,88.0,43.0,0,0.3028,0,0.2969,0,0.3323,0
Us Open,20220829,Hard,R128,2022,Federico Coria,Tallon Griekspoor,78.0,46.0,1,0.3571,0,0.3232,0,0.256,0
Us Open,20220829,Hard,R128,2022,Sebastian Baez,Carlos Alcaraz,37.0,4.0,0,0.144,0,0.1186,0,0.0865,0
Us Open,20220829,Hard,R128,2022,Benoit Paire,Cameron Norrie,173.0,9.0,0,0.1281,0,0.1011,0,0.0771,0
Us Open,20220829,Hard,R128,2022,Joao Sousa,Mackenzie Mcdonald,59.0,77.0,1,0.4837,0,0.468,0,0.4588,0
Us Open,20220829,Hard,R128,2022,John Isner,Federico Delbonis,48.0,134.0,1,0.7062,1,0.7242,1,0.7179,1
Us Open,20220829,Hard,R128,2022,Peter Gojowczyk,Holger Rune,108.0,33.0,0,0.3738,0,0.3989,0,0.3583,0
Us Open,20220829,Hard,R128,2022,Denis Shapovalov,Marc Andrea Huesler,21.0,85.0,1,0.5324,1,0.5952,1,0.5738,1
Us Open,20220829,Hard,R128,2022,Roberto Carballes Baena,Jaume Munar,80.0,57.0,1,0.4159,0,0.3835,0,0.3931,0
Us Open,20220829,Hard,R128,2022,Fernando Verdasco,Soon Woo Kwon,122.0,81.0,0,0.2768,0,0.2719,0,0.2168,0
Us Open,20220829,Hard,R128,2022,Laslo Djere,Andrey Rublev,64.0,11.0,0,0.274,0,0.2168,0,0.2415,0
Us Open,20220829,Hard,R128,2022,Diego Schwartzman,Jack Sock,16.0,107.0,1,0.6398,1,0.6508,1,0.6119,1
Us Open,20220829,Hard,R128,2022,Alexei Popyrin,Chun Hsin Tseng,84.0,89.0,1,0.5047,1,0.4843,0,0.6107,1
Us Open,20220829,Hard,R128,2022,Jason Kubler,Mikael Ymer,109.0,99.0,1,0.4898,0,0.5252,1,0.5549,1
Us Open,20220829,Hard,R128,2022,Marcos Giron,Frances Tiafoe,56.0,26.0,0,0.3598,0,0.3277,0,0.3046,0
Us Open,20220829,Hard,R128,2022,Miomir Kecmanovic,Learner Tien,36.0,1042.0,1,0.9596,1,0.9009,1,0.9332,1
Us Open,20220829,Hard,R128,2022,Richard Gasquet,Taro Daniel,91.0,95.0,1,0.5217,1,0.5776,1,0.546,1
Us Open,20220829,Hard,R128,2022,Fabio Fognini,Aslan Karatsev,60.0,38.0,1,0.3558,0,0.3358,0,0.3243,0
Us Open,20220829,Hard,R128,2022,Rafael Nadal,Rinky Hijikata,3.0,198.0,1,0.9005,1,0.8694,1,0.8704,1
Us Open,20220829,Hard,R64,2022,Daniil Medvedev,Arthur Rinderknech,1.0,58.0,1,0.9128,1,0.8939,1,0.9421,1
Us Open,20220829,Hard,R64,2022,Nuno Borges,Yibing Wu,104.0,174.0,0,0.5647,1,0.6147,1,0.6085,1
Us Open,20220829,Hard,R64,2022,Nick Kyrgios,Benjamin Bonzi,25.0,50.0,1,0.6607,1,0.6908,1,0.6611,1
Us Open,20220829,Hard,R64,2022,Alejandro Tabilo,J J Wolf,71.0,87.0,0,0.4873,0,0.4537,0,0.4263,0
Us Open,20220829,Hard,R64,2022,Pablo Carreno Busta,Alexander Bublik,15.0,47.0,1,0.5815,1,0.5915,1,0.6116,1
Us Open,20220829,Hard,R64,2022,Cristian Garin,Alex De Minaur,82.0,20.0,0,0.3397,0,0.3094,0,0.3039,0
Us Open,20220829,Hard,R64,2022,Thiago Monteiro,Karen Khachanov,67.0,31.0,0,0.3686,0,0.3331,0,0.3438,0
Us Open,20220829,Hard,R64,2022,Felix Auger Aliassime,Jack Draper,8.0,53.0,0,0.6723,1,0.6013,1,0.7019,1
Us Open,20220829,Hard,R64,2022,Jordan Thompson,Daniel Elahi Galan,102.0,94.0,0,0.4408,0,0.3871,0,0.3993,0
Us Open,20220829,Hard,R64,2022,Marton Fucsovics,Alejandro Davidovich Fokina,98.0,39.0,0,0.3623,0,0.3281,0,0.3172,0
Us Open,20220829,Hard,R64,2022,Andy Murray,Emilio Nava,51.0,203.0,1,0.7341,1,0.7257,1,0.6474,1
Us Open,20220829,Hard,R64,2022,Hugo Grenier,Matteo Berrettini,119.0,14.0,0,0.2243,0,0.1702,0,0.2257,0
Us Open,20220829,Hard,R64,2022,Pedro Cachin,Brandon Holt,66.0,303.0,1,0.6598,1,0.7063,1,0.6749,1
Us Open,20220829,Hard,R64,2022,Botic Van De Zandschulp,Corentin Moutet,22.0,112.0,0,0.6495,1,0.6368,1,0.6104,1
Us Open,20220829,Hard,R64,2022,Tommy Paul,Sebastian Korda,34.0,52.0,1,0.5194,1,0.5276,1,0.4379,0
Us Open,20220829,Hard,R64,2022,Tim Van Rijthoven,Casper Ruud,117.0,7.0,0,0.1211,0,0.2349,0,0.1426,0
Us Open,20220829,Hard,R64,2022,Ilya Ivashka,Hubert Hurkacz,73.0,10.0,1,0.2847,0,0.2945,0,0.2441,0
Us Open,20220829,Hard,R64,2022,Gijs Brouwer,Lorenzo Musetti,181.0,30.0,0,0.2154,0,0.2487,0,0.1908,0
Us Open,20220829,Hard,R64,2022,Grigor Dimitrov,Brandon Nakashima,19.0,69.0,0,0.5273,1,0.5152,1,0.4632,0
Us Open,20220829,Hard,R64,2022,Christopher Eubanks,Jannik Sinner,145.0,13.0,0,0.188,0,0.1815,0,0.1592,0
Us Open,20220829,Hard,R64,2022,Albert Ramos,Marin Cilic,42.0,17.0,0,0.3313,0,0.2553,0,0.2485,0
Us Open,20220829,Hard,R64,2022,Daniel Evans,James Duckworth,23.0,83.0,1,0.6094,1,0.6388,1,0.6568,1
Us Open,20220829,Hard,R64,2022,Borna Coric,Jenson Brooksby,29.0,43.0,0,0.5549,1,0.5174,1,0.5508,1
Us Open,20220829,Hard,R64,2022,Federico Coria,Carlos Alcaraz,78.0,4.0,0,0.0985,0,0.0889,0,0.0394,0
Us Open,20220829,Hard,R64,2022,Joao Sousa,Cameron Norrie,59.0,9.0,0,0.1974,0,0.201,0,0.1769,0
Us Open,20220829,Hard,R64,2022,John Isner,Holger Rune,48.0,33.0,0,0.5139,1,0.4604,0,0.4634,0
Us Open,20220829,Hard,R64,2022,Roberto Carballes Baena,Denis Shapovalov,80.0,21.0,0,0.3105,0,0.2722,0,0.2393,0
Us Open,20220829,Hard,R64,2022,Andrey Rublev,Soon Woo Kwon,11.0,81.0,1,0.7513,1,0.7872,1,0.8475,1
Us Open,20220829,Hard,R64,2022,Diego Schwartzman,Alexei Popyrin,16.0,84.0,1,0.6419,1,0.7779,1,0.7922,1
Us Open,20220829,Hard,R64,2022,Jason Kubler,Frances Tiafoe,109.0,26.0,0,0.3543,0,0.3972,0,0.3999,0
Us Open,20220829,Hard,R64,2022,Richard Gasquet,Miomir Kecmanovic,91.0,36.0,1,0.361,0,0.4243,0,0.4,0
Us Open,20220829,Hard,R64,2022,Rafael Nadal,Fabio Fognini,3.0,60.0,1,0.8949,1,0.8905,1,0.8755,1
Us Open,20220829,Hard,R32,2022,Daniil Medvedev,Yibing Wu,1.0,174.0,1,0.9676,1,0.9449,1,0.9715,1
Us Open,20220829,Hard,R32,2022,Nick Kyrgios,J J Wolf,25.0,87.0,1,0.6842,1,0.7312,1,0.6953,1
Us Open,20220829,Hard,R32,2022,Pablo Carreno Busta,Alex De Minaur,15.0,20.0,1,0.5285,1,0.4878,0,0.4719,0
Us Open,20220829,Hard,R32,2022,Karen Khachanov,Jack Draper,31.0,53.0,1,0.4806,0,0.4678,0,0.457,0
Us Open,20220829,Hard,R32,2022,Daniel Elahi Galan,Alejandro Davidovich Fokina,94.0,39.0,0,0.4582,0,0.4514,0,0.4336,0
Us Open,20220829,Hard,R32,2022,Andy Murray,Matteo Berrettini,51.0,14.0,0,0.3232,0,0.3043,0,0.2944,0
Us Open,20220829,Hard,R32,2022,Pedro Cachin,Corentin Moutet,66.0,112.0,0,0.3358,0,0.4278,0,0.4309,0
Us Open,20220829,Hard,R32,2022,Tommy Paul,Casper Ruud,34.0,7.0,0,0.2711,0,0.2769,0,0.2569,0
Us Open,20220829,Hard,R32,2022,Ilya Ivashka,Lorenzo Musetti,73.0,30.0,1,0.4681,0,0.4801,0,0.4196,0
Us Open,20220829,Hard,R32,2022,Jannik Sinner,Brandon Nakashima,13.0,69.0,1,0.7427,1,0.7671,1,0.748,1
Us Open,20220829,Hard,R32,2022,Marin Cilic,Daniel Evans,17.0,23.0,1,0.6031,1,0.6018,1,0.5866,1
Us Open,20220829,Hard,R32,2022,Jenson Brooksby,Carlos Alcaraz,43.0,4.0,0,0.2125,0,0.2287,0,0.1854,0
Us Open,20220829,Hard,R32,2022,Cameron Norrie,Holger Rune,9.0,33.0,1,0.7377,1,0.8165,1,0.8047,1
Us Open,20220829,Hard,R32,2022,Andrey Rublev,Denis Shapovalov,11.0,21.0,1,0.6473,1,0.6641,1,0.6862,1
Us Open,20220829,Hard,R32,2022,Diego Schwartzman,Frances Tiafoe,16.0,26.0,0,0.4763,0,0.4897,0,0.5174,1
Us Open,20220829,Hard,R32,2022,Rafael Nadal,Richard Gasquet,3.0,91.0,1,0.8791,1,0.8507,1,0.8171,1
Us Open,20220829,Hard,R16,2022,Nick Kyrgios,Daniil Medvedev,25.0,1.0,1,0.1812,0,0.3751,0,0.3581,0
Us Open,20220829,Hard,R16,2022,Pablo Carreno Busta,Karen Khachanov,15.0,31.0,0,0.572,1,0.5614,1,0.5281,1
Us Open,20220829,Hard,R16,2022,Matteo Berrettini,Alejandro Davidovich Fokina,14.0,39.0,1,0.6665,1,0.6989,1,0.6751,1
Us Open,20220829,Hard,R16,2022,Casper Ruud,Corentin Moutet,7.0,112.0,1,0.829,1,0.7989,1,0.801,1
Us Open,20220829,Hard,R16,2022,Ilya Ivashka,Jannik Sinner,73.0,13.0,0,0.2472,0,0.2261,0,0.2486,0
Us Open,20220829,Hard,R16,2022,Marin Cilic,Carlos Alcaraz,17.0,4.0,0,0.2553,0,0.2448,0,0.2304,0
Us Open,20220829,Hard,R16,2022,Cameron Norrie,Andrey Rublev,9.0,11.0,0,0.5339,1,0.5313,1,0.5176,1
Us Open,20220829,Hard,R16,2022,Rafael Nadal,Frances Tiafoe,3.0,26.0,0,0.7742,1,0.8451,1,0.8066,1
Us Open,20220829,Hard,QF,2022,Nick Kyrgios,Karen Khachanov,25.0,31.0,0,0.5797,1,0.6073,1,0.6491,1
Us Open,20220829,Hard,QF,2022,Matteo Berrettini,Casper Ruud,14.0,7.0,0,0.3266,0,0.342,0,0.329,0
Us Open,20220829,Hard,QF,2022,Jannik Sinner,Carlos Alcaraz,13.0,4.0,0,0.3788,0,0.417,0,0.3921,0
Us Open,20220829,Hard,QF,2022,Andrey Rublev,Frances Tiafoe,11.0,26.0,0,0.6277,1,0.6352,1,0.6043,1
Us Open,20220829,Hard,SF,2022,Karen Khachanov,Casper Ruud,31.0,7.0,0,0.2579,0,0.2215,0,0.2582,0
Us Open,20220829,Hard,SF,2022,Frances Tiafoe,Carlos Alcaraz,26.0,4.0,0,0.224,0,0.22,0,0.1763,0
Us Open,20220829,Hard,F,2022,Casper Ruud,Carlos Alcaraz,7.0,4.0,0,0.434,0,0.3885,0,0.3821,0
Davis Cup Finals RR: ARG vs SWE,20220913,Hard,RR,2022,Elias Ymer,Sebastian Baez,119.0,37.0,1,0.52,1,0.4848,0,0.4801,0
Davis Cup Finals RR: ARG vs SWE,20220913,Hard,RR,2022,Diego Schwartzman,Mikael Ymer,17.0,98.0,0,0.6231,1,0.6705,1,0.6977,1
Davis Cup Finals RR: KOR vs CAN,20220913,Hard,RR,2022,Vasek Pospisil,Seong Chan Hong,141.0,467.0,1,0.7804,1,0.7873,1,0.8265,1
Davis Cup Finals RR: KOR vs CAN,20220913,Hard,RR,2022,Soon Woo Kwon,Felix Auger Aliassime,74.0,13.0,1,0.265,0,0.2778,0,0.2469,0
Davis Cup Finals RR: AUS vs BEL,20220913,Hard,RR,2022,Jason Kubler,Zizou Bergs,97.0,134.0,1,0.6478,1,0.6361,1,0.5136,1
Davis Cup Finals RR: AUS vs BEL,20220913,Hard,RR,2022,David Goffin,Alex De Minaur,62.0,22.0,0,0.245,0,0.2775,0,0.3251,0
Davis Cup Finals RR: KAZ vs NED,20220913,Hard,RR,2022,Mikhail Kukushkin,Tallon Griekspoor,221.0,48.0,0,0.264,0,0.2521,0,0.2558,0
Davis Cup Finals RR: KAZ vs NED,20220913,Hard,RR,2022,Botic Van De Zandschulp,Alexander Bublik,35.0,44.0,1,0.5043,1,0.5082,1,0.5036,1
Davis Cup Finals RR: ITA vs CRO,20220914,Hard,RR,2022,Borna Gojo,Lorenzo Musetti,164.0,30.0,0,0.4062,0,0.4026,0,0.4398,0
Davis Cup Finals RR: ITA vs CRO,20220914,Hard,RR,2022,Borna Coric,Matteo Berrettini,26.0,15.0,0,0.448,0,0.4143,0,0.4161,0
Davis Cup Finals RR: ESP vs SRB,20220914,Hard,RR,2022,Albert Ramos,Laslo Djere,40.0,66.0,1,0.4815,0,0.4563,0,0.4236,0
Davis Cup Finals RR: ESP vs SRB,20220914,Hard,RR,2022,Roberto Bautista Agut,Miomir Kecmanovic,21.0,33.0,1,0.5138,1,0.5462,1,0.4938,0
Davis Cup Finals RR: FRA vs GER,20220914,Hard,RR,2022,Jan Lennard Struff,Benjamin Bonzi,132.0,53.0,1,0.3523,0,0.3585,0,0.3886,0
Davis Cup Finals RR: FRA vs GER,20220914,Hard,RR,2022,Adrian Mannarino,Oscar Otte,47.0,52.0,1,0.5845,1,0.5707,1,0.4961,0
Davis Cup Finals RR: USA vs GBR,20220914,Hard,RR,2022,Daniel Evans,Tommy Paul,25.0,29.0,0,0.4397,0,0.4494,0,0.4172,0
Davis Cup Finals RR: USA vs GBR,20220914,Hard,RR,2022,Cameron Norrie,Taylor Fritz,8.0,12.0,1,0.5229,1,0.5095,1,0.5329,1
Davis Cup Finals RR: CRO vs SWE,20220915,Hard,RR,2022,Elias Ymer,Borna Gojo,119.0,164.0,1,0.5662,1,0.6034,1,0.4742,0
Davis Cup Finals RR: CRO vs SWE,20220915,Hard,RR,2022,Borna Coric,Mikael Ymer,26.0,98.0,1,0.6397,1,0.6473,1,0.7221,1
Davis Cup Finals RR: KOR vs SRB,20220915,Hard,RR,2022,Dusan Lajovic,Seong Chan Hong,92.0,467.0,1,0.7794,1,0.7557,1,0.7061,1
Davis Cup Finals RR: KOR vs SRB,20220915,Hard,RR,2022,Soon Woo Kwon,Miomir Kecmanovic,74.0,33.0,0,0.4396,0,0.4218,0,0.3937,0
Davis Cup Finals RR: FRA vs AUS,20220915,Hard,RR,2022,Richard Gasquet,Jason Kubler,79.0,97.0,1,0.4683,0,0.4347,0,0.3825,0
Davis Cup Finals RR: FRA vs AUS,20220915,Hard,RR,2022,Benjamin Bonzi,Alex De Minaur,53.0,22.0,0,0.3404,0,0.27,0,0.2544,0
Davis Cup Finals RR: USA vs KAZ,20220915,Hard,RR,2022,Mikhail Kukushkin,Tommy Paul,221.0,29.0,0,0.1722,0,0.1722,0,0.1886,0
Davis Cup Finals RR: USA vs KAZ,20220915,Hard,RR,2022,Alexander Bublik,Taylor Fritz,44.0,12.0,0,0.3155,0,0.239,0,0.2546,0
Davis Cup WG1 R1: HUN vs UKR,20220915,Hard,RR,2022,Marton Fucsovics,Viacheslav Bielinskyi,91.0,605.0,1,0.9363,1,0.8742,1,0.9075,1
Davis Cup WG1 R1: HUN vs UKR,20220915,Hard,RR,2022,Zsombor Piros,Vladyslav Orlov,159.0,530.0,1,0.8065,1,0.7683,1,0.7545,1
Davis Cup WG1 R1: HUN vs UKR,20220915,Hard,RR,2022,Marton Fucsovics,Illia Biloborodko,91.0,747.0,1,0.8841,1,0.8781,1,0.8853,1
Davis Cup Finals RR: ITA vs ARG,20220916,Hard,RR,2022,Matteo Berrettini,Sebastian Baez,15.0,37.0,1,0.7289,1,0.7162,1,0.7532,1
Davis Cup Finals RR: ITA vs ARG,20220916,Hard,RR,2022,Francisco Cerundolo,Jannik Sinner,27.0,11.0,0,0.2886,0,0.2127,0,0.1905,0
Davis Cup Finals RR: ESP vs CAN,20220916,Hard,RR,2022,Roberto Bautista Agut,Vasek Pospisil,21.0,141.0,1,0.6752,1,0.6975,1,0.7113,1
Davis Cup Finals RR: ESP vs CAN,20220916,Hard,RR,2022,Felix Auger Aliassime,Carlos Alcaraz,13.0,1.0,1,0.2223,0,0.1886,0,0.1711,0
Davis Cup Finals RR: GER vs BEL,20220916,Hard,RR,2022,Jan Lennard Struff,Zizou Bergs,132.0,134.0,1,0.5931,1,0.6191,1,0.612,1
Davis Cup Finals RR: GER vs BEL,20220916,Hard,RR,2022,David Goffin,Oscar Otte,62.0,52.0,1,0.4385,0,0.429,0,0.3989,0
Davis Cup Finals RR: GBR vs NED,20220916,Hard,RR,2022,Daniel Evans,Tallon Griekspoor,25.0,48.0,1,0.5368,1,0.5644,1,0.5873,1
Davis Cup Finals RR: GBR vs NED,20220916,Hard,RR,2022,Cameron Norrie,Botic Van De Zandschulp,8.0,35.0,0,0.6959,1,0.6895,1,0.6812,1
Davis Cup WG1 R1: AUT vs PAK,20220916,Clay,RR,2022,Jurij Rodionov,Muhammad Shoaib,137.0,,1,0.8402,1,0.8298,1,0.8844,1
Davis Cup WG1 R1: AUT vs PAK,20220916,Clay,RR,2022,Muzammil Murtaza,Filip Misolic,,145.0,0,0.3667,0,0.2954,0,0.2804,0
Davis Cup WG1 R1: AUT vs PAK,20220916,Clay,RR,2022,Jurij Rodionov,Muzammil Murtaza,137.0,,1,0.8475,1,0.8796,1,0.8849,1
Davis Cup WG1 R1: BIH vs MEX,20220916,Clay,RR,2022,Nerman Fatic,Gerardo Lopez Villasenor,257.0,819.0,1,0.7811,1,0.759,1,0.7953,1
Davis Cup WG1 R1: BIH vs MEX,20220916,Clay,RR,2022,Damir Dzumhur,Alan Fernando Rubio Fierros,193.0,915.0,1,0.8614,1,0.853,1,0.8596,1
Davis Cup WG1 R1: BIH vs MEX,20220916,Clay,RR,2022,Andrej Nedic,Luis Carlos Alvarez Valdes,1194.0,,0,0.0077,0,0.7379,1,0.717,1
Davis Cup WG1 R1: BRA vs POR,20220916,Hard,RR,2022,Joao Sousa,Felipe Meligeni Alves,56.0,143.0,1,0.6992,1,0.7134,1,0.6712,1
Davis Cup WG1 R1: BRA vs POR,20220916,Hard,RR,2022,Thiago Monteiro,Nuno Borges,65.0,93.0,0,0.5038,1,0.5465,1,0.5272,1
Davis Cup WG1 R1: BRA vs POR,20220916,Hard,RR,2022,Joao Sousa,Thiago Monteiro,56.0,65.0,1,0.471,0,0.4581,0,0.4435,0
Davis Cup WG1 R1: CZE vs ISR,20220916,Hard,RR,2022,Daniel Cukierman,Jiri Lehecka,450.0,63.0,0,0.1732,0,0.1987,0,0.1443,0
Davis Cup WG1 R1: CZE vs ISR,20220916,Hard,RR,2022,Edan Leshem,Tomas Machac,444.0,109.0,0,0.1864,0,0.2532,0,0.2007,0
Davis Cup WG1 R1: CZE vs ISR,20220916,Hard,RR,2022,Edan Leshem,Jiri Lehecka,444.0,63.0,0,0.1518,0,0.2276,0,0.2009,0
Davis Cup WG1 R1: FIN vs NZL,20220916,Hard,RR,2022,Emil Ruusuvuori,Kiranpal Pannu,51.0,744.0,1,0.9274,1,0.8871,1,0.8845,1
Davis Cup WG1 R1: FIN vs NZL,20220916,Hard,RR,2022,Otto Virtanen,Ajeet Rai,252.0,679.0,1,0.8063,1,0.8068,1,0.7873,1
Davis Cup WG1 R1: FIN vs NZL,20220916,Hard,RR,2022,Emil Ruusuvuori,Isaac Becroft,51.0,1016.0,1,0.9553,1,0.8915,1,0.9412,1
Davis Cup WG1 R1: FIN vs NZL,20220916,Hard,RR,2022,Eero Vasa,Kiranpal Pannu,1066.0,744.0,1,0.3556,0,0.3482,0,0.3634,0
Davis Cup WG1 R1: IND vs NOR,20220916,Hard,RR,2022,Prajnesh Gunneswaran,Casper Ruud,335.0,2.0,0,0.0462,0,0.0888,0,0.0733,0
Davis Cup WG1 R1: IND vs NOR,20220916,Hard,RR,2022,Ramkumar Ramanathan,Viktor Durasovic,276.0,325.0,0,0.4926,0,0.4877,0,0.4744,0
Davis Cup WG1 R1: IND vs NOR,20220916,Hard,RR,2022,Sumit Nagal,Lukas Hellum Lilleengen,483.0,1211.0,1,0.8045,1,0.7671,1,0.7394,1
Davis Cup WG1 R1: JPN vs UZB,20220916,Hard,RR,2022,Denis Istomin,Sho Shimabukuro,420.0,353.0,0,0.5232,1,0.5306,1,0.6176,1
Davis Cup WG1 R1: JPN vs UZB,20220916,Hard,RR,2022,Sergey Fomin,Shintaro Mochizuki,363.0,387.0,1,0.5074,1,0.5141,1,0.5199,1
Davis Cup WG1 R1: JPN vs UZB,20220916,Hard,RR,2022,Sho Shimabukuro,Sergey Fomin,353.0,363.0,0,0.4802,0,0.5248,1,0.5035,1
Davis Cup WG1 R1: SVK vs ROU,20220916,Clay,RR,2022,Norbert Gombos,Nicholas David Ionel,99.0,283.0,0,0.7344,1,0.7803,1,0.8193,1
Davis Cup WG1 R1: SVK vs ROU,20220916,Clay,RR,2022,Marius Copil,Alex Molcan,347.0,45.0,0,0.1526,0,0.2879,0,0.4698,0
Davis Cup WG1 R1: SVK vs ROU,20220916,Clay,RR,2022,Alex Molcan,Nicholas David Ionel,45.0,283.0,1,0.8654,1,0.8711,1,0.9355,1
Davis Cup WG2 R1: BAR vs IRL,20220916,Hard,RR,2022,Simon Carr,Matthew Foster Estwick,767.0,,1,0.7098,1,0.7901,1,0.8035,1
Davis Cup WG2 R1: BAR vs IRL,20220916,Hard,RR,2022,Darian King,Osgar Ohoisin,868.0,811.0,1,0.7071,1,0.5299,1,0.5116,1
Davis Cup WG2 R1: BAR vs IRL,20220916,Hard,RR,2022,Darian King,Simon Carr,868.0,767.0,1,0.6956,1,0.5478,1,0.6878,1
Davis Cup WG2 R1: BAR vs IRL,20220916,Hard,RR,2022,Osgar Ohoisin,Kaipo Marshall,811.0,,1,0.6633,1,0.6039,1,0.566,1
Davis Cup WG2 R1: BOL vs THA,20220916,Hard,RR,2022,Federico Zeballos,Kasidit Samrej,743.0,575.0,0,0.243,0,0.3691,0,0.4468,0
Davis Cup WG2 R1: BOL vs THA,20220916,Hard,RR,2022,Murkel Alejandro Dellien Velasco,Yuttana Charoenphon,361.0,960.0,0,0.8007,1,0.7989,1,0.7911,1
Davis Cup WG2 R1: BOL vs THA,20220916,Hard,RR,2022,Murkel Alejandro Dellien Velasco,Kasidit Samrej,361.0,575.0,0,0.4834,0,0.5602,1,0.5723,1
Davis Cup WG2 R1: DOM vs LAT,20220916,Hard,RR,2022,Peter Bertran,Robert Strombachs,552.0,561.0,0,0.4616,0,0.5089,1,0.4765,0
Davis Cup WG2 R1: DOM vs LAT,20220916,Hard,RR,2022,Nick Hardt,Karlis Ozolins,259.0,1203.0,0,0.9166,1,0.8169,1,0.8599,1
Davis Cup WG2 R1: DOM vs LAT,20220916,Hard,RR,2022,Nick Hardt,Daniels Tens,259.0,,1,0.7945,1,0.7912,1,0.7713,1
Davis Cup WG2 R1: DOM vs LAT,20220916,Hard,RR,2022,Peter Bertran,Karlis Ozolins,552.0,1203.0,1,0.7518,1,0.6802,1,0.6274,1
Davis Cup WG2 R1: LBN vs MON,20220916,Hard,RR,2022,Hady Habib,Valentin Vacherot,368.0,262.0,1,0.443,0,0.4069,0,0.4354,0
Davis Cup WG2 R1: LBN vs MON,20220916,Hard,RR,2022,Benjamin Hassan,Lucas Catarina,285.0,499.0,1,0.6059,1,0.6261,1,0.6026,1
Davis Cup WG2 R1: LBN vs MON,20220916,Hard,RR,2022,Benjamin Hassan,Valentin Vacherot,285.0,262.0,0,0.4603,0,0.3931,0,0.4039,0
Davis Cup WG2 R1: LBN vs MON,20220916,Hard,RR,2022,Hugo Nys,Hady Habib,1117.0,368.0,0,0.1638,0,0.3084,0,0.4539,0
Davis Cup WG2 R1: POL vs INA,20220916,Hard,RR,2022,Kamil Majchrzak,Nathan Anthony Barki,101.0,,1,0.7672,1,0.8074,1,0.8508,1
Davis Cup WG2 R1: POL vs INA,20220916,Hard,RR,2022,Fitriadi M Rifqi,Olaf Pieczkowski,1240.0,910.0,0,0.3166,0,0.3402,0,0.308,0
Davis Cup WG2 R1: POL vs INA,20220916,Hard,RR,2022,Kamil Majchrzak,Tegar Abdi Satrio Wibowo,101.0,,1,0.8002,1,0.84,1,0.8949,1
Davis Cup WG2 R1: POL vs INA,20220916,Hard,RR,2022,Olaf Pieczkowski,Lucky Candra Kurniawan,910.0,,1,0.703,1,0.7423,1,0.7379,1
Davis Cup WG2 R1: RSA vs BUL,20220916,Clay,RR,2022,Dimitar Kuzmanov,Lleyton Cronje,162.0,,1,0.6884,1,0.814,1,0.8164,1
Davis Cup WG2 R1: RSA vs BUL,20220916,Clay,RR,2022,Alexandar Lazarov,Philip Henning,332.0,1310.0,1,0.8801,1,0.7998,1,0.9167,1
Davis Cup WG2 R1: SLO vs EST,20220916,Clay,RR,2022,Bor Artnak,Mark Lajal,783.0,518.0,1,0.5326,1,0.4314,0,0.2725,0
Davis Cup WG2 R1: SLO vs EST,20220916,Clay,RR,2022,Aljaz Bedene,Kristjan Tamm,330.0,970.0,1,0.8331,1,0.8093,1,0.7942,1
Davis Cup WG2 R1: SLO vs EST,20220916,Clay,RR,2022,Mark Lajal,Matic Kriznik,518.0,,0,0.6934,1,0.736,1,0.7273,1
Davis Cup WG2 R1: TUN vs GRE,20220916,Hard,RR,2022,Stefanos Tsitsipas,Aziz Dougaz,6.0,355.0,1,0.8774,1,0.7673,1,0.8841,1
Davis Cup WG2 R1: TUN vs GRE,20220916,Hard,RR,2022,Skander Mansouri,Michail Pervolarakis,254.0,391.0,0,0.4921,0,0.5381,1,0.5464,1
Davis Cup WG2 R1: TUN vs GRE,20220916,Hard,RR,2022,Skander Mansouri,Stefanos Tsitsipas,254.0,6.0,0,0.0598,0,0.0794,0,0.0447,0
Davis Cup WG2 R1: URU vs CHN,20220916,Clay,RR,2022,Zhizhen Zhang,Ignacio Carou,122.0,617.0,1,0.758,1,0.7235,1,0.7924,1
Davis Cup WG2 R1: URU vs CHN,20220916,Clay,RR,2022,Martin Cuevas,Bu Yunchaokete,404.0,340.0,1,0.4698,0,0.4331,0,0.455,0
Davis Cup WG2 R1: URU vs CHN,20220916,Clay,RR,2022,Martin Cuevas,Zhizhen Zhang,404.0,122.0,0,0.3332,0,0.3762,0,0.4109,0
Davis Cup WG2 R1: URU vs CHN,20220916,Clay,RR,2022,Rigele Te,Ignacio Carou,537.0,617.0,1,0.5443,1,0.5593,1,0.528,1
Davis Cup Finals RR: ARG vs CRO,20220917,Hard,RR,2022,Borna Gojo,Sebastian Baez,164.0,37.0,1,0.4644,0,0.4141,0,0.4966,0
Davis Cup Finals RR: ARG vs CRO,20220917,Hard,RR,2022,Borna Coric,Francisco Cerundolo,26.0,27.0,1,0.5538,1,0.5515,1,0.5527,1
Davis Cup Finals RR: SRB vs CAN,20220917,Hard,RR,2022,Laslo Djere,Gabriel Diallo,66.0,334.0,1,0.7887,1,0.8129,1,0.8635,1
Davis Cup Finals RR: SRB vs CAN,20220917,Hard,RR,2022,Felix Auger Aliassime,Miomir Kecmanovic,13.0,33.0,1,0.6623,1,0.6203,1,0.624,1
Davis Cup Finals RR: FRA vs BEL,20220917,Hard,RR,2022,Richard Gasquet,Michael Geerts,79.0,268.0,1,0.7764,1,0.783,1,0.8598,1
Davis Cup Finals RR: FRA vs BEL,20220917,Hard,RR,2022,David Goffin,Benjamin Bonzi,62.0,53.0,1,0.4115,0,0.3863,0,0.32,0
Davis Cup Finals RR: USA vs NED,20220917,Hard,RR,2022,Tommy Paul,Tallon Griekspoor,29.0,48.0,0,0.6308,1,0.6329,1,0.6678,1
Davis Cup Finals RR: USA vs NED,20220917,Hard,RR,2022,Botic Van De Zandschulp,Taylor Fritz,35.0,12.0,1,0.3365,0,0.3626,0,0.339,0
Davis Cup WG1 R1: CHI vs PER,20220917,Clay,RR,2022,Nicolas Alvarez,Alejandro Tabilo,298.0,69.0,0,0.2578,0,0.3017,0,0.2557,0
Davis Cup WG1 R1: CHI vs PER,20220917,Clay,RR,2022,Nicolas Jarry,Juan Pablo Varillas,111.0,100.0,0,0.4673,0,0.3902,0,0.3789,0
Davis Cup WG1 R1: CHI vs PER,20220917,Clay,RR,2022,Juan Pablo Varillas,Alejandro Tabilo,100.0,69.0,1,0.4402,0,0.4539,0,0.5329,1
Davis Cup WG1 R1: CHI vs PER,20220917,Clay,RR,2022,Nicolas Jarry,Nicolas Alvarez,111.0,298.0,1,0.6761,1,0.6487,1,0.7022,1
Davis Cup WG1 R1: COL vs TUR,20220917,Clay,RR,2022,Altug Celikbilek,Nicolas Mejia,228.0,280.0,0,0.5502,1,0.5837,1,0.4294,0
Davis Cup WG1 R1: COL vs TUR,20220917,Clay,RR,2022,Cem Ilkel,Daniel Elahi Galan,365.0,75.0,0,0.1758,0,0.2463,0,0.1941,0
Davis Cup WG1 R1: COL vs TUR,20220917,Clay,RR,2022,Nicolas Barrientos,Yanki Erel,349.0,440.0,1,0.4997,0,0.5627,1,0.4952,0
Davis Cup WG1 R1: ECU vs SUI,20220917,Hard,RR,2022,Roberto Quiroz,Marc Andrea Huesler,260.0,87.0,0,0.1975,0,0.2572,0,0.2427,0
Davis Cup WG1 R1: ECU vs SUI,20220917,Hard,RR,2022,Emilio Gomez,Henri Laaksonen,112.0,123.0,1,0.4458,0,0.4577,0,0.4768,0
Davis Cup WG1 R1: ECU vs SUI,20220917,Hard,RR,2022,Emilio Gomez,Marc Andrea Huesler,112.0,87.0,1,0.2705,0,0.2987,0,0.2172,0
Davis Cup WG1 R1: ECU vs SUI,20220917,Hard,RR,2022,Roberto Quiroz,Alexander Ritschard,260.0,163.0,0,0.3791,0,0.334,0,0.3104,0
Davis Cup WG2 R1: DEN vs ESA,20220917,Hard,RR,2022,Marcelo Arevalo,Elmer Moller,,874.0,1,0.6315,1,0.7241,1,0.6925,1
Davis Cup WG2 R1: DEN vs ESA,20220917,Hard,RR,2022,Johannes Ingildsen,Cesar Cruz,638.0,,1,0.6877,1,0.7509,1,0.7487,1
Davis Cup WG2 R1: DEN vs ESA,20220917,Hard,RR,2022,Marcelo Arevalo,Christian Sigsgaard,,820.0,1,0.4023,0,0.3676,0,0.3052,0
Davis Cup WG2 R1: DEN vs ESA,20220917,Hard,RR,2022,Elmer Moller,Cesar Cruz,874.0,,1,0.6905,1,0.7413,1,0.7343,1
Davis Cup WG2 R1: LTU vs EGY,20220917,Hard,RR,2022,Mohamed Safwat,Edas Butvilas,647.0,1576.0,1,0.8381,1,0.7428,1,0.8771,1
Davis Cup WG2 R1: LTU vs EGY,20220917,Hard,RR,2022,Ricardas Berankis,Amr Elsayed Abdou Ahmed Mohamed,120.0,968.0,1,0.9142,1,0.8128,1,0.9289,1
Davis Cup WG2 R1: LTU vs EGY,20220917,Hard,RR,2022,Ricardas Berankis,Mohamed Safwat,120.0,647.0,1,0.8721,1,0.8267,1,0.9242,1
Davis Cup WG2 R1: LTU vs EGY,20220917,Hard,RR,2022,Ainius Sabaliauskas,Michael Bassem Sobhy,1783.0,1561.0,1,0.4438,0,0.3604,0,0.3298,0
Davis Cup WG2 R1: TPE vs HKG,20220917,Hard,RR,2022,Jason Jung,Coleman Wong,449.0,1032.0,0,0.4469,0,0.6581,1,0.7104,1
Davis Cup WG2 R1: TPE vs HKG,20220917,Hard,RR,2022,Tung Lin Wu,Hong Kit Jack Wong,185.0,1207.0,1,0.7948,1,0.8151,1,0.9367,1
Davis Cup WG2 R1: TPE vs HKG,20220917,Hard,RR,2022,Tung Lin Wu,Coleman Wong,185.0,1032.0,1,0.6681,1,0.7233,1,0.8867,1
Davis Cup Finals RR: ITA vs SWE,20220918,Hard,RR,2022,Elias Ymer,Matteo Berrettini,119.0,15.0,0,0.3182,0,0.3348,0,0.2294,0
Davis Cup Finals RR: ITA vs SWE,20220918,Hard,RR,2022,Mikael Ymer,Jannik Sinner,98.0,11.0,1,0.1948,0,0.138,0,0.1597,0
Davis Cup Finals RR: ESP vs KOR,20220918,Hard,RR,2022,Roberto Bautista Agut,Seong Chan Hong,21.0,467.0,1,0.8989,1,0.8632,1,0.9059,1
Davis Cup Finals RR: ESP vs KOR,20220918,Hard,RR,2022,Soon Woo Kwon,Carlos Alcaraz,74.0,1.0,0,0.1003,0,0.1087,0,0.0815,0
Davis Cup Finals RR: GER vs AUS,20220918,Hard,RR,2022,Jan Lennard Struff,Max Purcell,132.0,226.0,1,0.5835,1,0.6066,1,0.625,1
Davis Cup Finals RR: GER vs AUS,20220918,Hard,RR,2022,Oscar Otte,Thanasi Kokkinakis,52.0,81.0,0,0.4437,0,0.4581,0,0.465,0
Davis Cup Finals RR: GBR vs KAZ,20220918,Hard,RR,2022,Andy Murray,Dmitry Popko,43.0,227.0,1,0.78,1,0.8071,1,0.8389,1
Davis Cup Finals RR: GBR vs KAZ,20220918,Hard,RR,2022,Cameron Norrie,Alexander Bublik,8.0,44.0,0,0.718,1,0.7914,1,0.8147,1
Metz,20220919,Hard,R32,2022,Richard Gasquet,Dominic Thiem,85.0,182.0,0,0.5445,1,0.5751,1,0.5324,1
Metz,20220919,Hard,R32,2022,Arthur Rinderknech,Jaume Munar,60.0,56.0,1,0.5299,1,0.5023,1,0.5254,1
Metz,20220919,Hard,R32,2022,Nikoloz Basilashvili,Zizou Bergs,36.0,134.0,1,0.6223,1,0.669,1,0.6365,1
Metz,20220919,Hard,R32,2022,Hugo Gaston,Sebastian Korda,79.0,49.0,0,0.3002,0,0.3092,0,0.2739,0
Metz,20220919,Hard,R32,2022,Gilles Simon,David Goffin,175.0,62.0,1,0.3631,0,0.3612,0,0.4632,0
Metz,20220919,Hard,R32,2022,Aslan Karatsev,Lorenzo Sonego,39.0,65.0,0,0.5727,1,0.5812,1,0.58,1
Metz,20220919,Hard,R32,2022,Alexander Bublik,Evan Furness,44.0,208.0,1,0.8366,1,0.8052,1,0.8528,1
Metz,20220919,Hard,R32,2022,Emil Ruusuvuori,Jiri Lehecka,51.0,63.0,1,0.5169,1,0.534,1,0.5511,1
Metz,20220919,Hard,R32,2022,Benjamin Bonzi,Ugo Humbert,61.0,110.0,1,0.6194,1,0.6476,1,0.5954,1
Metz,20220919,Hard,R32,2022,Adrian Mannarino,Mikael Ymer,47.0,100.0,0,0.5391,1,0.5758,1,0.6322,1
Metz,20220919,Hard,R32,2022,Oscar Otte,Gregoire Barrere,52.0,167.0,0,0.689,1,0.6907,1,0.6588,1
Metz,20220919,Hard,R32,2022,Stan Wawrinka,Joao Sousa,284.0,55.0,1,0.1899,0,0.2366,0,0.2636,0
Metz,20220919,Hard,R16,2022,Dominic Thiem,Hubert Hurkacz,182.0,10.0,0,0.2061,0,0.2465,0,0.1771,0
Metz,20220919,Hard,R16,2022,Nikoloz Basilashvili,Arthur Rinderknech,36.0,60.0,0,0.4298,0,0.4665,0,0.3679,0
Metz,20220919,Hard,R16,2022,Sebastian Korda,Lorenzo Musetti,49.0,30.0,1,0.5242,1,0.5189,1,0.5381,1
Metz,20220919,Hard,R16,2022,Gilles Simon,Lorenzo Sonego,175.0,65.0,0,0.3266,0,0.3112,0,0.2817,0
Metz,20220919,Hard,R16,2022,Alexander Bublik,Emil Ruusuvuori,44.0,51.0,1,0.5151,1,0.5346,1,0.5416,1
Metz,20220919,Hard,R16,2022,Benjamin Bonzi,Holger Rune,61.0,31.0,0,0.4007,0,0.3898,0,0.3731,0
Metz,20220919,Hard,R16,2022,Gregoire Barrere,Mikael Ymer,167.0,100.0,0,0.2654,0,0.281,0,0.208,0
Metz,20220919,Hard,R16,2022,Stan Wawrinka,Daniil Medvedev,284.0,4.0,1,0.0376,0,0.0709,0,0.0211,0
Metz,20220919,Hard,QF,2022,Arthur Rinderknech,Hubert Hurkacz,60.0,10.0,0,0.2665,0,0.2232,0,0.1852,0
Metz,20220919,Hard,QF,2022,Lorenzo Sonego,Sebastian Korda,65.0,49.0,1,0.347,0,0.3034,0,0.3376,0
Metz,20220919,Hard,QF,2022,Alexander Bublik,Holger Rune,44.0,31.0,1,0.5044,1,0.5329,1,0.5623,1
Metz,20220919,Hard,QF,2022,Stan Wawrinka,Mikael Ymer,284.0,100.0,1,0.1957,0,0.2669,0,0.2414,0
Metz,20220919,Hard,SF,2022,Hubert Hurkacz,Lorenzo Sonego,10.0,65.0,0,0.7796,1,0.7996,1,0.802,1
Metz,20220919,Hard,SF,2022,Stan Wawrinka,Alexander Bublik,284.0,44.0,0,0.1478,0,0.1916,0,0.1288,0
Metz,20220919,Hard,F,2022,Alexander Bublik,Lorenzo Sonego,44.0,65.0,0,0.616,1,0.6252,1,0.6863,1
San Diego,20220919,Hard,R32,2022,Henri Laaksonen,Mackenzie Mcdonald,125.0,84.0,0,0.3861,0,0.3333,0,0.3014,0
San Diego,20220919,Hard,R32,2022,Jason Kubler,Christopher Oconnell,99.0,130.0,0,0.6525,1,0.6549,1,0.5871,1
San Diego,20220919,Hard,R32,2022,Stefan Kozlov,J J Wolf,108.0,73.0,0,0.3794,0,0.3524,0,0.3587,0
San Diego,20220919,Hard,R32,2022,Daniel Elahi Galan,Marc Andrea Huesler,75.0,87.0,1,0.491,0,0.4941,0,0.4591,0
San Diego,20220919,Hard,R32,2022,Fernando Verdasco,Denis Kudla,115.0,104.0,0,0.394,0,0.3941,0,0.3773,0
San Diego,20220919,Hard,R32,2022,Brandon Nakashima,Zachary Svajda,69.0,411.0,1,0.8582,1,0.8167,1,0.8659,1
San Diego,20220919,Hard,R32,2022,James Duckworth,Alexei Popyrin,83.0,90.0,1,0.5119,1,0.5713,1,0.5362,1
San Diego,20220919,Hard,R32,2022,Mitchell Krueger,Christopher Eubanks,228.0,135.0,1,0.3741,0,0.3827,0,0.4148,0
San Diego,20220919,Hard,R32,2022,Facundo Mena,Tomas Martin Etcheverry,151.0,89.0,0,0.3691,0,0.3599,0,0.3216,0
San Diego,20220919,Hard,R32,2022,Steve Johnson,Alejandro Tabilo,116.0,70.0,0,0.4508,0,0.5052,1,0.5415,1
San Diego,20220919,Hard,R32,2022,Constant Lestienne,Brandon Holt,76.0,215.0,1,0.346,0,0.5924,1,0.6851,1
San Diego,20220919,Hard,R32,2022,Taro Daniel,Emilio Nava,95.0,173.0,1,0.5478,1,0.5838,1,0.5209,1
San Diego,20220919,Hard,R16,2022,Mackenzie Mcdonald,Jenson Brooksby,84.0,50.0,0,0.3333,0,0.2998,0,0.2654,0
San Diego,20220919,Hard,R16,2022,Christopher Oconnell,J J Wolf,130.0,73.0,1,0.3045,0,0.2832,0,0.2905,0
San Diego,20220919,Hard,R16,2022,Daniel Elahi Galan,Pedro Martinez,75.0,68.0,1,0.5305,1,0.5164,1,0.5345,1
San Diego,20220919,Hard,R16,2022,Denis Kudla,Brandon Nakashima,104.0,69.0,0,0.3105,0,0.2736,0,0.2658,0
San Diego,20220919,Hard,R16,2022,James Duckworth,Mitchell Krueger,83.0,228.0,1,0.6308,1,0.6053,1,0.6255,1
San Diego,20220919,Hard,R16,2022,Marcos Giron,Tomas Martin Etcheverry,58.0,89.0,1,0.5989,1,0.668,1,0.6444,1
San Diego,20220919,Hard,R16,2022,Constant Lestienne,Alejandro Tabilo,76.0,70.0,1,0.2736,0,0.3354,0,0.2765,0
San Diego,20220919,Hard,R16,2022,Daniel Evans,Taro Daniel,25.0,95.0,1,0.6385,1,0.6648,1,0.7241,1
San Diego,20220919,Hard,QF,2022,Christopher Oconnell,Jenson Brooksby,130.0,50.0,1,0.2392,0,0.273,0,0.3479,0
San Diego,20220919,Hard,QF,2022,Daniel Elahi Galan,Brandon Nakashima,75.0,69.0,0,0.4721,0,0.4746,0,0.5107,1
San Diego,20220919,Hard,QF,2022,James Duckworth,Marcos Giron,83.0,58.0,0,0.5311,1,0.5195,1,0.521,1
San Diego,20220919,Hard,QF,2022,Daniel Evans,Constant Lestienne,25.0,76.0,1,0.7802,1,0.7619,1,0.6762,1
San Diego,20220919,Hard,SF,2022,Christopher Oconnell,Brandon Nakashima,130.0,69.0,0,0.2796,0,0.2782,0,0.281,0
San Diego,20220919,Hard,SF,2022,Daniel Evans,Marcos Giron,25.0,58.0,0,0.6184,1,0.6315,1,0.6722,1
San Diego,20220919,Hard,F,2022,Marcos Giron,Brandon Nakashima,58.0,69.0,0,0.394,0,0.4171,0,0.4543,0
Laver Cup,20220923,Hard,RR,2022,Novak Djokovic,Felix Auger Aliassime,7.0,13.0,0,0.4377,0,0.5497,1,0.3872,0
Laver Cup,20220923,Hard,RR,2022,Frances Tiafoe,Stefanos Tsitsipas,19.0,6.0,1,0.3041,0,0.3639,0,0.3125,0
Laver Cup,20220923,Hard,RR,2022,Matteo Berrettini,Felix Auger Aliassime,15.0,13.0,1,0.4609,0,0.5026,1,0.5583,1
Laver Cup,20220923,Hard,RR,2022,Cameron Norrie,Taylor Fritz,8.0,12.0,0,0.5234,1,0.5149,1,0.5329,1
Laver Cup,20220923,Hard,RR,2022,Novak Djokovic,Frances Tiafoe,7.0,19.0,1,0.5238,1,0.6726,1,0.6005,1
Laver Cup,20220923,Hard,RR,2022,Jack Sock,Casper Ruud,128.0,2.0,0,0.0885,0,0.0996,0,0.0829,0
Laver Cup,20220923,Hard,RR,2022,Diego Schwartzman,Stefanos Tsitsipas,17.0,6.0,0,0.2376,0,0.2844,0,0.2125,0
Laver Cup,20220923,Hard,RR,2022,Andy Murray,Alex De Minaur,43.0,22.0,0,0.3619,0,0.3701,0,0.3658,0
Tel Aviv,20220926,Hard,R32,2022,Dominic Thiem,Laslo Djere,173.0,72.0,1,0.437,0,0.4621,0,0.4829,0
Tel Aviv,20220926,Hard,R32,2022,Liam Broady,Hamad Medjedovic,174.0,255.0,1,0.5752,1,0.5876,1,0.5081,1
Tel Aviv,20220926,Hard,R32,2022,Joao Sousa,Botic Van De Zandschulp,61.0,35.0,0,0.3789,0,0.3487,0,0.3565,0
Tel Aviv,20220926,Hard,R32,2022,Cem Ilkel,Sebastian Korda,382.0,44.0,0,0.148,0,0.1744,0,0.1297,0
Tel Aviv,20220926,Hard,R32,2022,Emil Ruusuvuori,J J Wolf,54.0,75.0,1,0.541,1,0.5139,1,0.5013,1
Tel Aviv,20220926,Hard,R32,2022,Adrian Mannarino,Constant Lestienne,51.0,68.0,0,0.4784,0,0.4597,0,0.4863,0
Tel Aviv,20220926,Hard,R32,2022,Aslan Karatsev,Tomas Martin Etcheverry,39.0,87.0,0,0.6013,1,0.6522,1,0.6498,1
Tel Aviv,20220926,Hard,R32,2022,Roman Safiullin,Hugo Grenier,104.0,97.0,1,0.4435,0,0.4684,0,0.4616,0
Tel Aviv,20220926,Hard,R32,2022,Marius Copil,Arthur Rinderknech,350.0,58.0,0,0.1474,0,0.2064,0,0.2185,0
Tel Aviv,20220926,Hard,R32,2022,Vasek Pospisil,Tallon Griekspoor,149.0,52.0,1,0.3686,0,0.3454,0,0.3902,0
Tel Aviv,20220926,Hard,R32,2022,Edan Leshem,Yshai Oliel,446.0,383.0,1,0.4637,0,0.4512,0,0.5112,1
Tel Aviv,20220926,Hard,R32,2022,Pablo Andujar,Thiago Monteiro,115.0,62.0,1,0.4266,0,0.4473,0,0.4249,0
Tel Aviv,20220926,Hard,R16,2022,Marin Cilic,Dominic Thiem,16.0,173.0,1,0.7354,1,0.7236,1,0.7808,1
Tel Aviv,20220926,Hard,R16,2022,Liam Broady,Botic Van De Zandschulp,174.0,35.0,1,0.207,0,0.1791,0,0.1313,0
Tel Aviv,20220926,Hard,R16,2022,Sebastian Korda,Maxime Cressy,44.0,34.0,0,0.5274,1,0.5124,1,0.5483,1
Tel Aviv,20220926,Hard,R16,2022,Constant Lestienne,Emil Ruusuvuori,68.0,54.0,1,0.4878,0,0.5059,1,0.4997,0
Tel Aviv,20220926,Hard,R16,2022,Roman Safiullin,Tomas Martin Etcheverry,104.0,87.0,1,0.5001,1,0.4801,0,0.416,0
Tel Aviv,20220926,Hard,R16,2022,Diego Schwartzman,Arthur Rinderknech,17.0,58.0,0,0.5375,1,0.6077,1,0.5675,1
Tel Aviv,20220926,Hard,R16,2022,Vasek Pospisil,Edan Leshem,149.0,446.0,1,0.7616,1,0.7127,1,0.6785,1
Tel Aviv,20220926,Hard,R16,2022,Pablo Andujar,Novak Djokovic,115.0,7.0,0,0.182,0,0.1493,0,0.2135,0
Tel Aviv,20220926,Hard,QF,2022,Marin Cilic,Liam Broady,16.0,174.0,1,0.8482,1,0.8339,1,0.8758,1
Tel Aviv,20220926,Hard,QF,2022,Constant Lestienne,Maxime Cressy,68.0,34.0,1,0.4492,0,0.4895,0,0.4298,0
Tel Aviv,20220926,Hard,QF,2022,Roman Safiullin,Arthur Rinderknech,104.0,58.0,1,0.3637,0,0.3241,0,0.3523,0
Tel Aviv,20220926,Hard,QF,2022,Novak Djokovic,Vasek Pospisil,7.0,149.0,1,0.8223,1,0.8234,1,0.8247,1
Tel Aviv,20220926,Hard,SF,2022,Marin Cilic,Constant Lestienne,16.0,68.0,1,0.6423,1,0.586,1,0.5578,1
Tel Aviv,20220926,Hard,SF,2022,Novak Djokovic,Roman Safiullin,7.0,104.0,1,0.814,1,0.8093,1,0.8061,1
Tel Aviv,20220926,Hard,F,2022,Novak Djokovic,Marin Cilic,7.0,16.0,1,0.5758,1,0.637,1,0.6656,1
Seoul,20220926,Hard,R32,2022,Kaichi Uchida,Seong Chan Hong,163.0,471.0,1,0.6604,1,0.6443,1,0.6707,1
Seoul,20220926,Hard,R32,2022,Yunseong Chung,Soon Woo Kwon,426.0,121.0,0,0.1882,0,0.3071,0,0.3481,0
Seoul,20220926,Hard,R32,2022,Tung Lin Wu,Jenson Brooksby,212.0,46.0,0,0.3871,0,0.4064,0,0.4816,0
Seoul,20220926,Hard,R32,2022,Yosuke Watanuki,Jaume Munar,227.0,59.0,0,0.3301,0,0.329,0,0.4113,0
Seoul,20220926,Hard,R32,2022,Steve Johnson,Ji Sung Nam,117.0,590.0,1,0.856,1,0.8286,1,0.886,1
Seoul,20220926,Hard,R32,2022,Radu Albot,Hiroki Moriya,91.0,261.0,1,0.8273,1,0.7731,1,0.7809,1
Seoul,20220926,Hard,R32,2022,Miomir Kecmanovic,Aleksandar Kovacevic,32.0,222.0,0,0.8306,1,0.8098,1,0.8473,1
Seoul,20220926,Hard,R32,2022,Christopher Oconnell,Chun Hsin Tseng,105.0,88.0,0,0.5002,1,0.5347,1,0.5629,1
Seoul,20220926,Hard,R32,2022,Mackenzie Mcdonald,Pedro Martinez,82.0,67.0,1,0.457,0,0.4376,0,0.4587,0
Seoul,20220926,Hard,R32,2022,Daniel Evans,Yoshihito Nishioka,25.0,56.0,0,0.566,1,0.5734,1,0.6071,1
Seoul,20220926,Hard,R32,2022,Emilio Gomez,Taro Daniel,102.0,92.0,0,0.5438,1,0.4781,0,0.5125,1
Seoul,20220926,Hard,R32,2022,Nicolas Jarry,Ryan Peniston,111.0,140.0,1,0.6467,1,0.5987,1,0.6389,1
Seoul,20220926,Hard,R16,2022,Kaichi Uchida,Cameron Norrie,163.0,8.0,0,0.0998,0,0.0646,0,0.0471,0
Seoul,20220926,Hard,R16,2022,Soon Woo Kwon,Jenson Brooksby,121.0,46.0,0,0.3379,0,0.3126,0,0.3334,0
Seoul,20220926,Hard,R16,2022,Denis Shapovalov,Jaume Munar,24.0,59.0,1,0.6464,1,0.6474,1,0.6387,1
Seoul,20220926,Hard,R16,2022,Radu Albot,Steve Johnson,91.0,117.0,1,0.5514,1,0.5562,1,0.5173,1
Seoul,20220926,Hard,R16,2022,Chun Hsin Tseng,Aleksandar Kovacevic,88.0,222.0,0,0.7362,1,0.6785,1,0.5846,1
Seoul,20220926,Hard,R16,2022,Mackenzie Mcdonald,Shintaro Mochizuki,82.0,417.0,1,0.7821,1,0.7435,1,0.7296,1
Seoul,20220926,Hard,R16,2022,Taro Daniel,Yoshihito Nishioka,92.0,56.0,0,0.4341,0,0.3976,0,0.4825,0
Seoul,20220926,Hard,R16,2022,Nicolas Jarry,Casper Ruud,111.0,2.0,0,0.0876,0,0.0955,0,0.0494,0
Seoul,20220926,Hard,QF,2022,Cameron Norrie,Jenson Brooksby,8.0,46.0,0,0.671,1,0.651,1,0.6279,1
Seoul,20220926,Hard,QF,2022,Radu Albot,Denis Shapovalov,91.0,24.0,0,0.3636,0,0.4161,0,0.39,0
Seoul,20220926,Hard,QF,2022,Mackenzie Mcdonald,Aleksandar Kovacevic,82.0,222.0,0,0.7372,1,0.7194,1,0.7147,1
Seoul,20220926,Hard,QF,2022,Yoshihito Nishioka,Casper Ruud,56.0,2.0,1,0.1332,0,0.1369,0,0.1432,0
Seoul,20220926,Hard,SF,2022,Denis Shapovalov,Jenson Brooksby,24.0,46.0,1,0.5198,1,0.504,1,0.4935,0
Seoul,20220926,Hard,SF,2022,Yoshihito Nishioka,Aleksandar Kovacevic,56.0,222.0,1,0.7845,1,0.7466,1,0.7276,1
Seoul,20220926,Hard,F,2022,Yoshihito Nishioka,Denis Shapovalov,56.0,24.0,1,0.3828,0,0.4234,0,0.4124,0
Sofia,20220926,Hard,R32,2022,Marc Andrea Huesler,Geoffrey Blancaneaux,95.0,139.0,1,0.7487,1,0.6717,1,0.64,1
Sofia,20220926,Hard,R32,2022,Ricardas Berankis,Kamil Majchrzak,120.0,119.0,0,0.49,0,0.4941,0,0.4981,0
Sofia,20220926,Hard,R32,2022,Oscar Otte,Dragos Nicolae Madaras,55.0,314.0,1,0.7309,1,0.7587,1,0.6938,1
Sofia,20220926,Hard,R32,2022,Alexandar Lazarov,Jiri Lehecka,334.0,74.0,1,0.317,0,0.378,0,0.3872,0
Sofia,20220926,Hard,R32,2022,Dimitar Kuzmanov,Ugo Humbert,158.0,110.0,0,0.6464,1,0.5444,1,0.5535,1
Sofia,20220926,Hard,R32,2022,Jan Lennard Struff,Dusan Lajovic,132.0,86.0,1,0.5614,1,0.5476,1,0.5962,1
Sofia,20220926,Hard,R32,2022,Tim Van Rijthoven,Holger Rune,109.0,31.0,0,0.4248,0,0.406,0,0.3498,0
Sofia,20220926,Hard,R32,2022,Bernabe Zapata Miralles,Lorenzo Sonego,78.0,45.0,0,0.3761,0,0.3559,0,0.3758,0
Sofia,20220926,Hard,R32,2022,Ilya Ivashka,Mikael Ymer,71.0,94.0,1,0.5429,1,0.5457,1,0.5564,1
Sofia,20220926,Hard,R32,2022,Fernando Verdasco,Nikoloz Basilashvili,116.0,37.0,1,0.2932,0,0.3016,0,0.346,0
Sofia,20220926,Hard,R32,2022,Fabio Fognini,Aleksandar Vukic,57.0,144.0,0,0.5519,1,0.5844,1,0.4936,0
Sofia,20220926,Hard,R32,2022,Mirza Basic,Nuno Borges,292.0,93.0,0,0.1681,0,0.2528,0,0.2408,0
Sofia,20220926,Hard,R16,2022,Pablo Carreno Busta,Marc Andrea Huesler,14.0,95.0,0,0.6869,1,0.7643,1,0.775,1
Sofia,20220926,Hard,R16,2022,Oscar Otte,Kamil Majchrzak,55.0,119.0,0,0.4361,0,0.5277,1,0.6346,1
Sofia,20220926,Hard,R16,2022,Alexandar Lazarov,Lorenzo Musetti,334.0,30.0,0,0.2592,0,0.3445,0,0.3387,0
Sofia,20220926,Hard,R16,2022,Jan Lennard Struff,Ugo Humbert,132.0,110.0,1,0.6227,1,0.6029,1,0.6509,1
Sofia,20220926,Hard,R16,2022,Lorenzo Sonego,Holger Rune,45.0,31.0,0,0.4873,0,0.5148,1,0.5442,1
Sofia,20220926,Hard,R16,2022,Grigor Dimitrov,Ilya Ivashka,23.0,71.0,0,0.5417,1,0.5428,1,0.4956,0
Sofia,20220926,Hard,R16,2022,Fernando Verdasco,Aleksandar Vukic,116.0,144.0,0,0.3734,0,0.4503,0,0.3868,0
Sofia,20220926,Hard,R16,2022,Nuno Borges,Jannik Sinner,93.0,10.0,0,0.2481,0,0.1874,0,0.1253,0
Sofia,20220926,Hard,QF,2022,Kamil Majchrzak,Marc Andrea Huesler,119.0,95.0,0,0.4784,0,0.4967,0,0.3777,0
Sofia,20220926,Hard,QF,2022,Jan Lennard Struff,Lorenzo Musetti,132.0,30.0,0,0.3888,0,0.419,0,0.5305,1
Sofia,20220926,Hard,QF,2022,Ilya Ivashka,Holger Rune,71.0,31.0,0,0.4745,0,0.4636,0,0.4287,0
Sofia,20220926,Hard,QF,2022,Aleksandar Vukic,Jannik Sinner,144.0,10.0,0,0.1463,0,0.1288,0,0.1349,0
Sofia,20220926,Hard,SF,2022,Marc Andrea Huesler,Lorenzo Musetti,95.0,30.0,1,0.4161,0,0.3728,0,0.3435,0
Sofia,20220926,Hard,SF,2022,Jannik Sinner,Holger Rune,10.0,31.0,0,0.7364,1,0.8131,1,0.8339,1
Sofia,20220926,Hard,F,2022,Marc Andrea Huesler,Holger Rune,95.0,31.0,1,0.4323,0,0.4364,0,0.4564,0
Tokyo,20221003,Hard,R32,2022,Thanasi Kokkinakis,Borna Coric,91.0,28.0,0,0.3467,0,0.3434,0,0.3687,0
Tokyo,20221003,Hard,R32,2022,Brandon Nakashima,Shintaro Mochizuki,47.0,401.0,1,0.8736,1,0.8502,1,0.8592,1
Tokyo,20221003,Hard,R32,2022,Ramkumar Ramanathan,Rio Noguchi,297.0,291.0,0,0.5738,1,0.5888,1,0.7009,1
Tokyo,20221003,Hard,R32,2022,Steve Johnson,Denis Shapovalov,112.0,22.0,0,0.3026,0,0.3143,0,0.3872,0
Tokyo,20221003,Hard,R32,2022,James Duckworth,Taylor Fritz,109.0,11.0,0,0.2046,0,0.1744,0,0.1776,0
Tokyo,20221003,Hard,R32,2022,Hiroki Moriya,Yuta Shimizu,253.0,451.0,1,0.6152,1,0.6645,1,0.658,1
Tokyo,20221003,Hard,R32,2022,Kamil Majchrzak,Sho Shimabukuro,121.0,353.0,1,0.6587,1,0.6217,1,0.6242,1
Tokyo,20221003,Hard,R32,2022,Nick Kyrgios,Chun Hsin Tseng,20.0,87.0,1,0.7496,1,0.7802,1,0.7321,1
Tokyo,20221003,Hard,R32,2022,Radu Albot,Daniel Evans,86.0,25.0,0,0.4313,0,0.4286,0,0.3825,0
Tokyo,20221003,Hard,R32,2022,Yoshihito Nishioka,Miomir Kecmanovic,41.0,33.0,0,0.4957,0,0.4839,0,0.547,1
Tokyo,20221003,Hard,R32,2022,Taro Daniel,Bernabe Zapata Miralles,95.0,80.0,0,0.5273,1,0.5252,1,0.5313,1
Tokyo,20221003,Hard,R32,2022,Yasutaka Uchiyama,Frances Tiafoe,314.0,19.0,0,0.0964,0,0.1452,0,0.144,0
Tokyo,20221003,Hard,R32,2022,Soon Woo Kwon,Alex De Minaur,120.0,23.0,1,0.2819,0,0.2226,0,0.2178,0
Tokyo,20221003,Hard,R32,2022,Kaichi Uchida,Mackenzie Mcdonald,155.0,78.0,0,0.4069,0,0.3755,0,0.4145,0
Tokyo,20221003,Hard,R32,2022,Pedro Martinez,Alexei Popyrin,68.0,93.0,1,0.5045,1,0.5609,1,0.4458,0
Tokyo,20221003,Hard,R32,2022,Casper Ruud,Jaume Munar,3.0,58.0,0,0.8666,1,0.834,1,0.8073,1
Tokyo,20221003,Hard,R16,2022,Borna Coric,Brandon Nakashima,28.0,47.0,1,0.5432,1,0.5292,1,0.5599,1
Tokyo,20221003,Hard,R16,2022,Denis Shapovalov,Rio Noguchi,22.0,291.0,1,0.8952,1,0.8505,1,0.8755,1
Tokyo,20221003,Hard,R16,2022,Hiroki Moriya,Taylor Fritz,253.0,11.0,0,0.0723,0,0.1023,0,0.0389,0
Tokyo,20221003,Hard,R16,2022,Nick Kyrgios,Kamil Majchrzak,20.0,121.0,1,0.719,1,0.7498,1,0.7792,1
Tokyo,20221003,Hard,R16,2022,Daniel Evans,Miomir Kecmanovic,25.0,33.0,0,0.4945,0,0.4965,0,0.5421,1
Tokyo,20221003,Hard,R16,2022,Frances Tiafoe,Bernabe Zapata Miralles,19.0,80.0,1,0.7375,1,0.7723,1,0.7902,1
Tokyo,20221003,Hard,R16,2022,Mackenzie Mcdonald,Soon Woo Kwon,78.0,120.0,0,0.5184,1,0.5304,1,0.5272,1
Tokyo,20221003,Hard,R16,2022,Pedro Martinez,Jaume Munar,68.0,58.0,1,0.4893,0,0.4484,0,0.4398,0
Tokyo,20221003,Hard,QF,2022,Borna Coric,Denis Shapovalov,28.0,22.0,0,0.5064,1,0.5243,1,0.5785,1
Tokyo,20221003,Hard,QF,2022,Nick Kyrgios,Taylor Fritz,20.0,11.0,0,0.4529,0,0.5149,1,0.6095,1
Tokyo,20221003,Hard,QF,2022,Frances Tiafoe,Miomir Kecmanovic,19.0,33.0,1,0.6059,1,0.5961,1,0.5961,1
Tokyo,20221003,Hard,QF,2022,Pedro Martinez,Soon Woo Kwon,68.0,120.0,0,0.5223,1,0.5115,1,0.5166,1
Tokyo,20221003,Hard,SF,2022,Taylor Fritz,Denis Shapovalov,11.0,22.0,1,0.6246,1,0.6271,1,0.5618,1
Tokyo,20221003,Hard,SF,2022,Frances Tiafoe,Soon Woo Kwon,19.0,120.0,1,0.7199,1,0.7661,1,0.7758,1
Tokyo,20221003,Hard,F,2022,Taylor Fritz,Frances Tiafoe,11.0,19.0,1,0.5983,1,0.5922,1,0.5841,1
Astana,20221003,Hard,R32,2022,Albert Ramos,Daniil Medvedev,40.0,4.0,0,0.1546,0,0.1783,0,0.2088,0
Astana,20221003,Hard,R32,2022,Marc Andrea Huesler,Emil Ruusuvuori,64.0,53.0,0,0.5491,1,0.5522,1,0.5703,1
Astana,20221003,Hard,R32,2022,Alejandro Davidovich Fokina,Pavel Kotov,31.0,103.0,0,0.7237,1,0.7486,1,0.7249,1
Astana,20221003,Hard,R32,2022,Roberto Bautista Agut,Felix Auger Aliassime,21.0,13.0,1,0.37,0,0.4424,0,0.4379,0
Astana,20221003,Hard,R32,2022,Novak Djokovic,Cristian Garin,7.0,81.0,1,0.8189,1,0.8495,1,0.8492,1
Astana,20221003,Hard,R32,2022,Botic Van De Zandschulp,Beibit Zhukayev,34.0,327.0,1,0.8567,1,0.8645,1,0.85,1
Astana,20221003,Hard,R32,2022,Karen Khachanov,Maxime Cressy,18.0,32.0,1,0.5857,1,0.6044,1,0.658,1
Astana,20221003,Hard,R32,2022,Marin Cilic,Oscar Otte,14.0,55.0,1,0.7444,1,0.7566,1,0.7307,1
Astana,20221003,Hard,R32,2022,Hubert Hurkacz,Francisco Cerundolo,10.0,29.0,1,0.7405,1,0.739,1,0.7715,1
Astana,20221003,Hard,R32,2022,Alexander Bublik,Tallon Griekspoor,43.0,54.0,1,0.5902,1,0.615,1,0.6092,1
Astana,20221003,Hard,R32,2022,Alexander Shevchenko,Luca Nardi,146.0,152.0,0,0.505,1,0.5447,1,0.5367,1
Astana,20221003,Hard,R32,2022,Mikhail Kukushkin,Stefanos Tsitsipas,221.0,6.0,0,0.0721,0,0.103,0,0.1877,0
Astana,20221003,Hard,R32,2022,Laslo Djere,Andrey Rublev,76.0,9.0,0,0.2373,0,0.1806,0,0.1768,0
Astana,20221003,Hard,R32,2022,Aslan Karatsev,Zhizhen Zhang,39.0,126.0,0,0.5762,1,0.6531,1,0.6574,1
Astana,20221003,Hard,R32,2022,Stan Wawrinka,Adrian Mannarino,191.0,51.0,0,0.3305,0,0.3255,0,0.3269,0
Astana,20221003,Hard,R32,2022,David Goffin,Carlos Alcaraz,66.0,1.0,1,0.0702,0,0.0894,0,0.0266,0
Astana,20221003,Hard,R16,2022,Daniil Medvedev,Emil Ruusuvuori,4.0,53.0,1,0.8169,1,0.8159,1,0.8127,1
Astana,20221003,Hard,R16,2022,Roberto Bautista Agut,Pavel Kotov,21.0,103.0,1,0.7766,1,0.8175,1,0.7633,1
Astana,20221003,Hard,R16,2022,Novak Djokovic,Botic Van De Zandschulp,7.0,34.0,1,0.7084,1,0.7981,1,0.8052,1
Astana,20221003,Hard,R16,2022,Marin Cilic,Karen Khachanov,14.0,18.0,0,0.5205,1,0.5298,1,0.5374,1
Astana,20221003,Hard,R16,2022,Alexander Bublik,Hubert Hurkacz,43.0,10.0,0,0.3383,0,0.3482,0,0.3434,0
Astana,20221003,Hard,R16,2022,Stefanos Tsitsipas,Luca Nardi,6.0,152.0,1,0.9246,1,0.8962,1,0.9226,1
Astana,20221003,Hard,R16,2022,Zhizhen Zhang,Andrey Rublev,126.0,9.0,0,0.1799,0,0.2647,0,0.2047,0
Astana,20221003,Hard,R16,2022,Adrian Mannarino,David Goffin,51.0,66.0,1,0.6098,1,0.6027,1,0.632,1
Astana,20221003,Hard,QF,2022,Roberto Bautista Agut,Daniil Medvedev,21.0,4.0,0,0.2298,0,0.3419,0,0.4244,0
Astana,20221003,Hard,QF,2022,Novak Djokovic,Karen Khachanov,7.0,18.0,1,0.645,1,0.7437,1,0.7459,1
Astana,20221003,Hard,QF,2022,Stefanos Tsitsipas,Hubert Hurkacz,6.0,10.0,1,0.619,1,0.6251,1,0.6302,1
Astana,20221003,Hard,QF,2022,Adrian Mannarino,Andrey Rublev,51.0,9.0,0,0.2572,0,0.2569,0,0.3209,0
Astana,20221003,Hard,SF,2022,Novak Djokovic,Daniil Medvedev,7.0,4.0,1,0.4016,0,0.4773,0,0.5721,1
Astana,20221003,Hard,SF,2022,Andrey Rublev,Stefanos Tsitsipas,9.0,6.0,0,0.4058,0,0.4417,0,0.4153,0
Astana,20221003,Hard,F,2022,Novak Djokovic,Stefanos Tsitsipas,7.0,6.0,1,0.4555,0,0.4876,0,0.4717,0
Florence,20221010,Hard,R32,2022,Roberto Carballes Baena,Daniel Elahi Galan,80.0,71.0,1,0.3352,0,0.344,0,0.3626,0
Florence,20221010,Hard,R32,2022,Tim Van Rijthoven,Mikael Ymer,116.0,99.0,0,0.4273,0,0.385,0,0.2364,0
Florence,20221010,Hard,R32,2022,Aslan Karatsev,Tallon Griekspoor,39.0,54.0,1,0.4843,0,0.4854,0,0.4669,0
Florence,20221010,Hard,R32,2022,J J Wolf,Francesco Maestrelli,75.0,186.0,1,0.7409,1,0.689,1,0.6675,1
Florence,20221010,Hard,R32,2022,Corentin Moutet,Flavio Cobolli,69.0,164.0,1,0.7876,1,0.7556,1,0.7562,1
Florence,20221010,Hard,R32,2022,Cristian Garin,Alexander Bublik,81.0,43.0,0,0.3603,0,0.3189,0,0.2521,0
Florence,20221010,Hard,R32,2022,Mackenzie Mcdonald,Jenson Brooksby,79.0,42.0,1,0.3514,0,0.3158,0,0.3089,0
Florence,20221010,Hard,R32,2022,Zhizhen Zhang,Francesco Passaro,110.0,126.0,0,0.7135,1,0.6618,1,0.5971,1
Florence,20221010,Hard,R32,2022,Bernabe Zapata Miralles,Lorenzo Sonego,74.0,51.0,1,0.3616,0,0.3472,0,0.3889,0
Florence,20221010,Hard,R32,2022,Richard Gasquet,Brandon Nakashima,83.0,46.0,0,0.3716,0,0.4212,0,0.3933,0
Florence,20221010,Hard,R32,2022,Altug Celikbilek,Giulio Zeppieri,230.0,170.0,1,0.6879,1,0.5805,1,0.6969,1
Florence,20221010,Hard,R32,2022,Marton Fucsovics,Oscar Otte,91.0,55.0,0,0.5527,1,0.5392,1,0.5759,1
Florence,20221010,Hard,R16,2022,Roberto Carballes Baena,Matteo Berrettini,80.0,16.0,1,0.2126,0,0.1569,0,0.1458,0
Florence,20221010,Hard,R16,2022,Aslan Karatsev,Mikael Ymer,39.0,99.0,0,0.4682,0,0.5045,1,0.5286,1
Florence,20221010,Hard,R16,2022,J J Wolf,Maxime Cressy,75.0,33.0,1,0.4231,0,0.4581,0,0.4635,0
Florence,20221010,Hard,R16,2022,Alexander Bublik,Corentin Moutet,43.0,69.0,1,0.5272,1,0.5286,1,0.5249,1
Florence,20221010,Hard,R16,2022,Mackenzie Mcdonald,Francesco Passaro,79.0,126.0,1,0.6987,1,0.6657,1,0.6963,1
Florence,20221010,Hard,R16,2022,Bernabe Zapata Miralles,Lorenzo Musetti,74.0,28.0,0,0.3425,0,0.34,0,0.334,0
Florence,20221010,Hard,R16,2022,Altug Celikbilek,Brandon Nakashima,230.0,46.0,0,0.3396,0,0.31,0,0.2908,0
Florence,20221010,Hard,R16,2022,Oscar Otte,Felix Auger Aliassime,55.0,13.0,0,0.2127,0,0.2257,0,0.2315,0
Florence,20221010,Hard,QF,2022,Roberto Carballes Baena,Mikael Ymer,80.0,99.0,0,0.3998,0,0.4139,0,0.3998,0
Florence,20221010,Hard,QF,2022,Alexander Bublik,J J Wolf,43.0,75.0,0,0.578,1,0.5768,1,0.6106,1
Florence,20221010,Hard,QF,2022,Mackenzie Mcdonald,Lorenzo Musetti,79.0,28.0,0,0.3765,0,0.3634,0,0.3402,0
Florence,20221010,Hard,QF,2022,Felix Auger Aliassime,Brandon Nakashima,13.0,46.0,1,0.647,1,0.5657,1,0.5562,1
Florence,20221010,Hard,SF,2022,Mikael Ymer,J J Wolf,99.0,75.0,0,0.4926,0,0.4919,0,0.4896,0
Florence,20221010,Hard,SF,2022,Felix Auger Aliassime,Lorenzo Musetti,13.0,28.0,1,0.6689,1,0.6714,1,0.6909,1
Florence,20221010,Hard,F,2022,Felix Auger Aliassime,J J Wolf,13.0,75.0,1,0.7303,1,0.6971,1,0.6969,1
Gijon,20221010,Hard,R32,2022,Thiago Monteiro,Benjamin Bonzi,65.0,67.0,1,0.5053,1,0.5049,1,0.5609,1
Gijon,20221010,Hard,R32,2022,Arthur Rinderknech,Carlos Taberner,56.0,130.0,1,0.769,1,0.7308,1,0.7694,1
Gijon,20221010,Hard,R32,2022,Constant Lestienne,Sebastian Baez,63.0,35.0,1,0.6504,1,0.5509,1,0.5451,1
Gijon,20221010,Hard,R32,2022,Tommy Paul,Martin Landaluce,30.0,,1,0.8272,1,0.8357,1,0.8708,1
Gijon,20221010,Hard,R32,2022,Jaume Munar,Sebastian Korda,57.0,47.0,0,0.3568,0,0.3052,0,0.284,0
Gijon,20221010,Hard,R32,2022,Alexey Vatutin,Pedro Cachin,279.0,61.0,0,0.1422,0,0.1924,0,0.1523,0
Gijon,20221010,Hard,R32,2022,Andy Murray,Alejandro Davidovich Fokina,48.0,31.0,1,0.4619,0,0.4725,0,0.4345,0
Gijon,20221010,Hard,R32,2022,Albert Ramos,Marcos Giron,40.0,62.0,0,0.5086,1,0.5141,1,0.5163,1
Gijon,20221010,Hard,R32,2022,Joao Sousa,Dominic Thiem,64.0,165.0,0,0.5571,1,0.5519,1,0.5335,1
Gijon,20221010,Hard,R32,2022,Fabio Fognini,Manuel Guinard,59.0,153.0,0,0.6514,1,0.634,1,0.6393,1
Gijon,20221010,Hard,R32,2022,Marco Trungelliti,Nicolas Alvarez Varona,241.0,231.0,0,0.4523,0,0.4238,0,0.4003,0
Gijon,20221010,Hard,R32,2022,Feliciano Lopez,Ilya Ivashka,415.0,70.0,0,0.1609,0,0.2594,0,0.3264,0
Gijon,20221010,Hard,R16,2022,Pablo Carreno Busta,Thiago Monteiro,15.0,65.0,1,0.7089,1,0.7233,1,0.7235,1
Gijon,20221010,Hard,R16,2022,Constant Lestienne,Arthur Rinderknech,63.0,56.0,0,0.5075,1,0.5284,1,0.4544,0
Gijon,20221010,Hard,R16,2022,Roberto Bautista Agut,Sebastian Korda,22.0,47.0,0,0.4967,0,0.549,1,0.5239,1
Gijon,20221010,Hard,R16,2022,Andy Murray,Pedro Cachin,48.0,61.0,1,0.435,0,0.428,0,0.4219,0
Gijon,20221010,Hard,R16,2022,Marcos Giron,Dominic Thiem,62.0,165.0,0,0.5475,1,0.5614,1,0.6272,1
Gijon,20221010,Hard,R16,2022,Manuel Guinard,Francisco Cerundolo,153.0,29.0,0,0.2908,0,0.265,0,0.318,0
Gijon,20221010,Hard,R16,2022,Tommy Paul,Nicolas Alvarez Varona,30.0,231.0,1,0.8462,1,0.8325,1,0.8815,1
Gijon,20221010,Hard,R16,2022,Ilya Ivashka,Andrey Rublev,70.0,9.0,0,0.2671,0,0.2587,0,0.2528,0
Gijon,20221010,Hard,QF,2022,Pablo Carreno Busta,Arthur Rinderknech,15.0,56.0,0,0.6249,1,0.6435,1,0.6895,1
Gijon,20221010,Hard,QF,2022,Andy Murray,Sebastian Korda,48.0,47.0,0,0.3804,0,0.3786,0,0.2825,0
Gijon,20221010,Hard,QF,2022,Dominic Thiem,Francisco Cerundolo,165.0,29.0,1,0.4367,0,0.4353,0,0.4606,0
Gijon,20221010,Hard,QF,2022,Andrey Rublev,Tommy Paul,9.0,30.0,1,0.6632,1,0.6507,1,0.6442,1
Gijon,20221010,Hard,SF,2022,Arthur Rinderknech,Sebastian Korda,56.0,47.0,0,0.4354,0,0.3781,0,0.3723,0
Gijon,20221010,Hard,SF,2022,Dominic Thiem,Andrey Rublev,165.0,9.0,0,0.1845,0,0.1878,0,0.1298,0
Gijon,20221010,Hard,F,2022,Andrey Rublev,Sebastian Korda,9.0,47.0,1,0.6624,1,0.6605,1,0.7019,1
Stockholm,20221017,Hard,R32,2022,Lukas Rosol,Aslan Karatsev,226.0,45.0,0,0.2157,0,0.2255,0,0.1811,0
Stockholm,20221017,Hard,R32,2022,Jason Kubler,Cristian Garin,102.0,89.0,0,0.514,1,0.5247,1,0.5328,1
Stockholm,20221017,Hard,R32,2022,Thiago Monteiro,Holger Rune,61.0,27.0,0,0.3529,0,0.3311,0,0.314,0
Stockholm,20221017,Hard,R32,2022,Antoine Bellier,Alexander Shevchenko,192.0,149.0,1,0.473,0,0.4572,0,0.4394,0
Stockholm,20221017,Hard,R32,2022,Alex Molcan,J J Wolf,47.0,56.0,0,0.4641,0,0.4541,0,0.4513,0
Stockholm,20221017,Hard,R32,2022,Benjamin Bonzi,Alex De Minaur,63.0,23.0,0,0.3188,0,0.2427,0,0.2356,0
Stockholm,20221017,Hard,R32,2022,Grigor Dimitrov,Jiri Lehecka,32.0,77.0,0,0.5351,1,0.5641,1,0.4634,0
Stockholm,20221017,Hard,R32,2022,Joao Sousa,Emil Ruusuvuori,67.0,52.0,0,0.4059,0,0.356,0,0.3539,0
Stockholm,20221017,Hard,R32,2022,Oscar Otte,Elias Ymer,54.0,129.0,0,0.4255,0,0.5151,1,0.5048,1
Stockholm,20221017,Hard,R32,2022,Tommy Paul,Leo Borg,31.0,577.0,1,0.9159,1,0.8755,1,0.9225,1
Stockholm,20221017,Hard,R32,2022,Quentin Halys,Mikael Ymer,66.0,79.0,0,0.3704,0,0.4188,0,0.4114,0
Stockholm,20221017,Hard,R32,2022,Ilya Ivashka,Maxime Cressy,70.0,33.0,0,0.4712,0,0.4901,0,0.4563,0
Stockholm,20221017,Hard,R16,2022,Aslan Karatsev,Cameron Norrie,45.0,14.0,0,0.2962,0,0.2385,0,0.2858,0
Stockholm,20221017,Hard,R16,2022,Cristian Garin,Holger Rune,89.0,27.0,0,0.3036,0,0.3053,0,0.2917,0
Stockholm,20221017,Hard,R16,2022,Denis Shapovalov,Antoine Bellier,20.0,192.0,1,0.8465,1,0.7909,1,0.7104,1
Stockholm,20221017,Hard,R16,2022,Alex De Minaur,J J Wolf,23.0,56.0,1,0.6019,1,0.6041,1,0.6078,1
Stockholm,20221017,Hard,R16,2022,Emil Ruusuvuori,Jiri Lehecka,52.0,77.0,1,0.5756,1,0.5968,1,0.5749,1
Stockholm,20221017,Hard,R16,2022,Elias Ymer,Frances Tiafoe,129.0,17.0,0,0.3297,0,0.325,0,0.2576,0
Stockholm,20221017,Hard,R16,2022,Tommy Paul,Mikael Ymer,31.0,79.0,0,0.6082,1,0.6135,1,0.5899,1
Stockholm,20221017,Hard,R16,2022,Stefanos Tsitsipas,Maxime Cressy,5.0,33.0,1,0.7815,1,0.7919,1,0.7464,1
Stockholm,20221017,Hard,QF,2022,Cameron Norrie,Holger Rune,14.0,27.0,0,0.5657,1,0.593,1,0.5476,1
Stockholm,20221017,Hard,QF,2022,Denis Shapovalov,Alex De Minaur,20.0,23.0,0,0.5187,1,0.5157,1,0.501,1
Stockholm,20221017,Hard,QF,2022,Frances Tiafoe,Emil Ruusuvuori,17.0,52.0,0,0.6394,1,0.6567,1,0.6837,1
Stockholm,20221017,Hard,QF,2022,Stefanos Tsitsipas,Mikael Ymer,5.0,79.0,1,0.8169,1,0.788,1,0.7959,1
Stockholm,20221017,Hard,SF,2022,Alex De Minaur,Holger Rune,23.0,27.0,0,0.5252,1,0.5988,1,0.6471,1
Stockholm,20221017,Hard,SF,2022,Stefanos Tsitsipas,Emil Ruusuvuori,5.0,52.0,1,0.7946,1,0.786,1,0.8146,1
Stockholm,20221017,Hard,F,2022,Stefanos Tsitsipas,Holger Rune,5.0,27.0,0,0.7446,1,0.7885,1,0.7906,1
Naples,20221017,Hard,R32,2022,Roberto Carballes Baena,Nicolas Jarry,76.0,118.0,1,0.5033,1,0.4959,0,0.5096,1
Naples,20221017,Hard,R32,2022,Taro Daniel,Pedro Martinez,95.0,59.0,1,0.4553,0,0.4546,0,0.4524,0
Naples,20221017,Hard,R32,2022,Adrian Mannarino,Pedro Cachin,42.0,57.0,0,0.4828,0,0.4786,0,0.4591,0
Naples,20221017,Hard,R32,2022,Mackenzie Mcdonald,Francesco Passaro,74.0,124.0,1,0.5064,1,0.5122,1,0.5083,1
Naples,20221017,Hard,R32,2022,Marton Fucsovics,Zhizhen Zhang,91.0,109.0,0,0.5257,1,0.5423,1,0.5083,1
Naples,20221017,Hard,R32,2022,Lorenzo Sonego,Sebastian Baez,50.0,37.0,0,0.6429,1,0.6001,1,0.6838,1
Naples,20221017,Hard,R32,2022,Albert Ramos,Nuno Borges,40.0,94.0,0,0.4434,0,0.4959,0,0.4908,0
Naples,20221017,Hard,R32,2022,Daniel Elahi Galan,Bernabe Zapata Miralles,72.0,75.0,1,0.6045,1,0.6321,1,0.6978,1
Naples,20221017,Hard,R32,2022,Laslo Djere,Borna Gojo,78.0,184.0,1,0.5545,1,0.5603,1,0.5683,1
Naples,20221017,Hard,R32,2022,Miomir Kecmanovic,Flavio Cobolli,30.0,167.0,1,0.777,1,0.7991,1,0.8203,1
Naples,20221017,Hard,R32,2022,Corentin Moutet,Luca Nardi,65.0,130.0,1,0.5677,1,0.6253,1,0.6268,1
Naples,20221017,Hard,R32,2022,Fabio Fognini,Hugo Grenier,64.0,116.0,1,0.4872,0,0.5543,1,0.523,1
Naples,20221017,Hard,R16,2022,Roberto Carballes Baena,Matteo Berrettini,76.0,16.0,0,0.2618,0,0.17,0,0.1575,0
Naples,20221017,Hard,R16,2022,Taro Daniel,Pedro Cachin,95.0,57.0,1,0.3809,0,0.3181,0,0.383,0
Naples,20221017,Hard,R16,2022,Roberto Bautista Agut,Mackenzie Mcdonald,22.0,74.0,0,0.6332,1,0.6843,1,0.6656,1
Naples,20221017,Hard,R16,2022,Zhizhen Zhang,Sebastian Baez,109.0,37.0,1,0.5359,1,0.4467,0,0.459,0
Naples,20221017,Hard,R16,2022,Daniel Elahi Galan,Nuno Borges,72.0,94.0,1,0.5241,1,0.5121,1,0.5293,1
Naples,20221017,Hard,R16,2022,Laslo Djere,Lorenzo Musetti,78.0,24.0,0,0.391,0,0.3861,0,0.375,0
Naples,20221017,Hard,R16,2022,Corentin Moutet,Miomir Kecmanovic,65.0,30.0,0,0.4735,0,0.4521,0,0.4597,0
Naples,20221017,Hard,R16,2022,Fabio Fognini,Pablo Carreno Busta,64.0,15.0,0,0.243,0,0.2069,0,0.1944,0
Naples,20221017,Hard,QF,2022,Taro Daniel,Matteo Berrettini,95.0,16.0,0,0.2443,0,0.1711,0,0.167,0
Naples,20221017,Hard,QF,2022,Zhizhen Zhang,Mackenzie Mcdonald,109.0,74.0,0,0.4662,0,0.4083,0,0.4279,0
Naples,20221017,Hard,QF,2022,Daniel Elahi Galan,Lorenzo Musetti,72.0,24.0,0,0.4472,0,0.4581,0,0.4269,0
Naples,20221017,Hard,QF,2022,Pablo Carreno Busta,Miomir Kecmanovic,15.0,30.0,0,0.6032,1,0.5834,1,0.5761,1
Naples,20221017,Hard,SF,2022,Mackenzie Mcdonald,Matteo Berrettini,74.0,16.0,0,0.2804,0,0.2299,0,0.1912,0
Naples,20221017,Hard,SF,2022,Miomir Kecmanovic,Lorenzo Musetti,30.0,24.0,0,0.479,0,0.4402,0,0.4579,0
Naples,20221017,Hard,F,2022,Matteo Berrettini,Lorenzo Musetti,16.0,24.0,0,0.6098,1,0.6618,1,0.6629,1
Antwerp,20221017,Hard,R32,2022,Manuel Guinard,Geoffrey Blancaneaux,148.0,147.0,1,0.7026,1,0.6468,1,0.66,1
Antwerp,20221017,Hard,R32,2022,Constant Lestienne,Jesper De Jong,69.0,225.0,1,0.8093,1,0.7842,1,0.7807,1
Antwerp,20221017,Hard,R32,2022,Daniel Evans,Tallon Griekspoor,26.0,68.0,1,0.5956,1,0.6174,1,0.6208,1
Antwerp,20221017,Hard,R32,2022,David Goffin,Gilles Arnaud Bailly,58.0,1185.0,1,0.9447,1,0.875,1,0.9201,1
Antwerp,20221017,Hard,R32,2022,Stan Wawrinka,Richard Gasquet,193.0,82.0,0,0.3603,0,0.3274,0,0.3026,0
Antwerp,20221017,Hard,R32,2022,Botic Van De Zandschulp,Dominic Stricker,34.0,136.0,0,0.7993,1,0.7979,1,0.8308,1
Antwerp,20221017,Hard,R32,2022,Yoshihito Nishioka,Luca Van Assche,39.0,241.0,1,0.8079,1,0.7841,1,0.7531,1
Antwerp,20221017,Hard,R32,2022,Tim Van Rijthoven,Jaume Munar,113.0,55.0,0,0.4293,0,0.3975,0,0.3241,0
Antwerp,20221017,Hard,R32,2022,Marcos Giron,Sebastian Korda,60.0,36.0,0,0.3367,0,0.3144,0,0.3,0
Antwerp,20221017,Hard,R32,2022,Marc Andrea Huesler,Francisco Cerundolo,62.0,28.0,0,0.581,1,0.5033,1,0.5459,1
Antwerp,20221017,Hard,R32,2022,Dominic Thiem,Michael Geerts,132.0,268.0,1,0.7758,1,0.7347,1,0.7206,1
Antwerp,20221017,Hard,R32,2022,Jenson Brooksby,Jack Draper,41.0,48.0,0,0.4695,0,0.4722,0,0.4631,0
Antwerp,20221017,Hard,R16,2022,Manuel Guinard,Felix Auger Aliassime,148.0,10.0,0,0.2197,0,0.2414,0,0.1894,0
Antwerp,20221017,Hard,R16,2022,Daniel Evans,Constant Lestienne,26.0,69.0,1,0.5131,1,0.4958,0,0.517,1
Antwerp,20221017,Hard,R16,2022,David Goffin,Diego Schwartzman,58.0,19.0,1,0.3642,0,0.3235,0,0.2998,0
Antwerp,20221017,Hard,R16,2022,Richard Gasquet,Dominic Stricker,82.0,136.0,1,0.6849,1,0.6476,1,0.5671,1
Antwerp,20221017,Hard,R16,2022,Yoshihito Nishioka,Jaume Munar,39.0,55.0,1,0.5695,1,0.6012,1,0.5705,1
Antwerp,20221017,Hard,R16,2022,Karen Khachanov,Sebastian Korda,18.0,36.0,0,0.5379,1,0.5025,1,0.4946,0
Antwerp,20221017,Hard,R16,2022,Dominic Thiem,Francisco Cerundolo,132.0,28.0,1,0.4672,0,0.4417,0,0.425,0
Antwerp,20221017,Hard,R16,2022,Hubert Hurkacz,Jack Draper,11.0,48.0,1,0.6186,1,0.5701,1,0.5591,1
Antwerp,20221017,Hard,QF,2022,Daniel Evans,Felix Auger Aliassime,26.0,10.0,0,0.2824,0,0.3095,0,0.3131,0
Antwerp,20221017,Hard,QF,2022,Richard Gasquet,David Goffin,82.0,58.0,1,0.5377,1,0.5512,1,0.5588,1
Antwerp,20221017,Hard,QF,2022,Yoshihito Nishioka,Sebastian Korda,39.0,36.0,0,0.3933,0,0.3895,0,0.3379,0
Antwerp,20221017,Hard,QF,2022,Dominic Thiem,Hubert Hurkacz,132.0,11.0,1,0.2459,0,0.2701,0,0.1806,0
Antwerp,20221017,Hard,SF,2022,Richard Gasquet,Felix Auger Aliassime,82.0,10.0,0,0.2131,0,0.2435,0,0.225,0
Antwerp,20221017,Hard,SF,2022,Dominic Thiem,Sebastian Korda,132.0,36.0,0,0.3331,0,0.339,0,0.3458,0
Antwerp,20221017,Hard,F,2022,Felix Auger Aliassime,Sebastian Korda,10.0,36.0,1,0.6369,1,0.6047,1,0.5879,1
Basel,20221024,Hard,R32,2022,Stan Wawrinka,Casper Ruud,194.0,3.0,1,0.0788,0,0.1114,0,0.1233,0
Basel,20221024,Hard,R32,2022,David Goffin,Brandon Nakashima,53.0,44.0,0,0.346,0,0.3225,0,0.221,0
Basel,20221024,Hard,R32,2022,Andy Murray,Roman Safiullin,49.0,93.0,1,0.4741,0,0.4775,0,0.4478,0
Basel,20221024,Hard,R32,2022,Roberto Bautista Agut,Laslo Djere,22.0,75.0,1,0.6052,1,0.6723,1,0.6727,1
Basel,20221024,Hard,R32,2022,Marin Cilic,Arthur Rinderknech,16.0,51.0,0,0.6009,1,0.6193,1,0.6292,1
Basel,20221024,Hard,R32,2022,Mackenzie Mcdonald,Alex Molcan,65.0,46.0,0,0.509,1,0.4962,0,0.5526,1
Basel,20221024,Hard,R32,2022,Ugo Humbert,Jenson Brooksby,103.0,50.0,1,0.3251,0,0.2859,0,0.33,0
Basel,20221024,Hard,R32,2022,Alex De Minaur,Holger Rune,24.0,25.0,0,0.485,0,0.5117,1,0.5275,1
Basel,20221024,Hard,R32,2022,Albert Ramos,Lorenzo Musetti,40.0,23.0,1,0.3156,0,0.3058,0,0.249,0
Basel,20221024,Hard,R32,2022,Aslan Karatsev,Alexander Bublik,60.0,38.0,0,0.3478,0,0.2913,0,0.2523,0
Basel,20221024,Hard,R32,2022,Miomir Kecmanovic,Alejandro Davidovich Fokina,28.0,31.0,1,0.5807,1,0.6053,1,0.5969,1
Basel,20221024,Hard,R32,2022,Marc Andrea Huesler,Felix Auger Aliassime,62.0,9.0,0,0.2772,0,0.2772,0,0.2644,0
Basel,20221024,Hard,R32,2022,Pablo Carreno Busta,Sebastian Baez,15.0,39.0,1,0.7169,1,0.7092,1,0.7091,1
Basel,20221024,Hard,R32,2022,Maxime Cressy,Dominic Stricker,34.0,129.0,0,0.591,1,0.6064,1,0.6695,1
Basel,20221024,Hard,R32,2022,Adrian Mannarino,Botic Van De Zandschulp,42.0,35.0,0,0.4146,0,0.4382,0,0.4411,0
Basel,20221024,Hard,R32,2022,Jack Draper,Carlos Alcaraz,45.0,1.0,0,0.154,0,0.1976,0,0.1635,0
Basel,20221024,Hard,R16,2022,Stan Wawrinka,Brandon Nakashima,194.0,44.0,1,0.2283,0,0.2563,0,0.2627,0
Basel,20221024,Hard,R16,2022,Andy Murray,Roberto Bautista Agut,49.0,22.0,0,0.4262,0,0.4428,0,0.427,0
Basel,20221024,Hard,R16,2022,Arthur Rinderknech,Alex Molcan,51.0,46.0,1,0.592,1,0.5835,1,0.5451,1
Basel,20221024,Hard,R16,2022,Ugo Humbert,Holger Rune,103.0,25.0,0,0.2441,0,0.1855,0,0.2366,0
Basel,20221024,Hard,R16,2022,Albert Ramos,Alexander Bublik,40.0,38.0,0,0.3493,0,0.342,0,0.3088,0
Basel,20221024,Hard,R16,2022,Felix Auger Aliassime,Miomir Kecmanovic,9.0,28.0,1,0.6958,1,0.686,1,0.7476,1
Basel,20221024,Hard,R16,2022,Pablo Carreno Busta,Dominic Stricker,15.0,129.0,1,0.6645,1,0.6731,1,0.5579,1
Basel,20221024,Hard,R16,2022,Botic Van De Zandschulp,Carlos Alcaraz,35.0,1.0,0,0.1456,0,0.2206,0,0.2101,0
Basel,20221024,Hard,QF,2022,Stan Wawrinka,Roberto Bautista Agut,194.0,22.0,0,0.236,0,0.1691,0,0.1983,0
Basel,20221024,Hard,QF,2022,Arthur Rinderknech,Holger Rune,51.0,25.0,0,0.406,0,0.399,0,0.4224,0
Basel,20221024,Hard,QF,2022,Alexander Bublik,Felix Auger Aliassime,38.0,9.0,0,0.3025,0,0.2846,0,0.2725,0
Basel,20221024,Hard,QF,2022,Pablo Carreno Busta,Carlos Alcaraz,15.0,1.0,0,0.1703,0,0.2029,0,0.167,0
Basel,20221024,Hard,SF,2022,Roberto Bautista Agut,Holger Rune,22.0,25.0,0,0.4227,0,0.4575,0,0.3166,0
Basel,20221024,Hard,SF,2022,Felix Auger Aliassime,Carlos Alcaraz,9.0,1.0,1,0.2802,0,0.2682,0,0.2475,0
Basel,20221024,Hard,F,2022,Felix Auger Aliassime,Holger Rune,9.0,25.0,1,0.6311,1,0.6262,1,0.5869,1
Vienna,20221024,Hard,R32,2022,Dennis Novak,Stefanos Tsitsipas,155.0,5.0,0,0.0789,0,0.065,0,0.0383,0
Vienna,20221024,Hard,R32,2022,Borna Coric,Quentin Halys,27.0,69.0,1,0.757,1,0.7626,1,0.7771,1
Vienna,20221024,Hard,R32,2022,Lorenzo Sonego,Emil Ruusuvuori,48.0,43.0,0,0.4645,0,0.4147,0,0.4448,0
Vienna,20221024,Hard,R32,2022,Frances Tiafoe,Hubert Hurkacz,17.0,11.0,0,0.4594,0,0.4647,0,0.4947,0
Vienna,20221024,Hard,R32,2022,Yoshihito Nishioka,Taylor Fritz,37.0,10.0,0,0.2705,0,0.261,0,0.2417,0
Vienna,20221024,Hard,R32,2022,Denis Shapovalov,Jurij Rodionov,19.0,130.0,1,0.6172,1,0.6322,1,0.6177,1
Vienna,20221024,Hard,R32,2022,Karen Khachanov,J J Wolf,18.0,56.0,1,0.6259,1,0.5955,1,0.6427,1
Vienna,20221024,Hard,R32,2022,Daniel Evans,Oscar Otte,26.0,54.0,1,0.6109,1,0.6097,1,0.6147,1
Vienna,20221024,Hard,R32,2022,Pedro Cachin,Cameron Norrie,55.0,13.0,0,0.358,0,0.3302,0,0.3413,0
Vienna,20221024,Hard,R32,2022,Marcos Giron,Tallon Griekspoor,58.0,71.0,1,0.5284,1,0.5218,1,0.5269,1
Vienna,20221024,Hard,R32,2022,Grigor Dimitrov,Thiago Monteiro,32.0,66.0,1,0.5364,1,0.5508,1,0.5271,1
Vienna,20221024,Hard,R32,2022,Diego Schwartzman,Andrey Rublev,21.0,8.0,0,0.234,0,0.2194,0,0.167,0
Vienna,20221024,Hard,R32,2022,Cristian Garin,Jannik Sinner,86.0,12.0,0,0.2109,0,0.1593,0,0.1746,0
Vienna,20221024,Hard,R32,2022,Francisco Cerundolo,Filip Misolic,29.0,150.0,1,0.6104,1,0.7381,1,0.838,1
Vienna,20221024,Hard,R32,2022,Dominic Thiem,Tommy Paul,113.0,30.0,1,0.3844,0,0.3923,0,0.3925,0
Vienna,20221024,Hard,R32,2022,Nikoloz Basilashvili,Daniil Medvedev,94.0,4.0,0,0.0934,0,0.078,0,0.0439,0
Vienna,20221024,Hard,R16,2022,Borna Coric,Stefanos Tsitsipas,27.0,5.0,1,0.2716,0,0.314,0,0.2326,0
Vienna,20221024,Hard,R16,2022,Hubert Hurkacz,Emil Ruusuvuori,11.0,43.0,1,0.6612,1,0.6435,1,0.5983,1
Vienna,20221024,Hard,R16,2022,Taylor Fritz,Denis Shapovalov,10.0,19.0,0,0.6281,1,0.6363,1,0.6346,1
Vienna,20221024,Hard,R16,2022,Daniel Evans,Karen Khachanov,26.0,18.0,1,0.3793,0,0.3873,0,0.4046,0
Vienna,20221024,Hard,R16,2022,Marcos Giron,Cameron Norrie,58.0,13.0,1,0.3005,0,0.2276,0,0.2616,0
Vienna,20221024,Hard,R16,2022,Grigor Dimitrov,Andrey Rublev,32.0,8.0,1,0.2069,0,0.2176,0,0.2564,0
Vienna,20221024,Hard,R16,2022,Francisco Cerundolo,Jannik Sinner,29.0,12.0,0,0.2688,0,0.2128,0,0.2261,0
Vienna,20221024,Hard,R16,2022,Dominic Thiem,Daniil Medvedev,113.0,4.0,0,0.1518,0,0.2062,0,0.2014,0
Vienna,20221024,Hard,QF,2022,Borna Coric,Hubert Hurkacz,27.0,11.0,1,0.418,0,0.4392,0,0.4088,0
Vienna,20221024,Hard,QF,2022,Daniel Evans,Denis Shapovalov,26.0,19.0,0,0.3801,0,0.3601,0,0.3436,0
Vienna,20221024,Hard,QF,2022,Grigor Dimitrov,Marcos Giron,32.0,58.0,1,0.5189,1,0.5742,1,0.5213,1
Vienna,20221024,Hard,QF,2022,Daniil Medvedev,Jannik Sinner,4.0,12.0,1,0.6569,1,0.6237,1,0.6537,1
Vienna,20221024,Hard,SF,2022,Borna Coric,Denis Shapovalov,27.0,19.0,0,0.4878,0,0.5078,1,0.5123,1
Vienna,20221024,Hard,SF,2022,Grigor Dimitrov,Daniil Medvedev,32.0,4.0,0,0.1467,0,0.1434,0,0.1271,0
Vienna,20221024,Hard,F,2022,Daniil Medvedev,Denis Shapovalov,4.0,19.0,1,0.7407,1,0.7376,1,0.7683,1
Paris Masters,20221031,Hard,R64,2022,Roberto Bautista Agut,Tommy Paul,20.0,31.0,0,0.5038,1,0.5259,1,0.4683,0
Paris Masters,20221031,Hard,R64,2022,Denis Shapovalov,Francisco Cerundolo,16.0,30.0,1,0.6599,1,0.6884,1,0.7579,1
Paris Masters,20221031,Hard,R64,2022,Albert Ramos,Pablo Carreno Busta,39.0,14.0,0,0.3074,0,0.2694,0,0.2685,0
Paris Masters,20221031,Hard,R64,2022,Cameron Norrie,Miomir Kecmanovic,13.0,29.0,1,0.5688,1,0.531,1,0.5134,1
Paris Masters,20221031,Hard,R64,2022,Borna Coric,Corentin Moutet,26.0,64.0,0,0.6146,1,0.6049,1,0.6093,1
Paris Masters,20221031,Hard,R64,2022,Daniel Evans,Brandon Nakashima,27.0,50.0,1,0.4587,0,0.4565,0,0.3767,0
Paris Masters,20221031,Hard,R64,2022,Richard Gasquet,Alex Molcan,76.0,44.0,1,0.4776,0,0.4671,0,0.4651,0
Paris Masters,20221031,Hard,R64,2022,Nikoloz Basilashvili,Quentin Halys,106.0,69.0,1,0.4802,0,0.5199,1,0.5516,1
Paris Masters,20221031,Hard,R64,2022,Marin Cilic,Lorenzo Musetti,17.0,23.0,0,0.5059,1,0.5331,1,0.4911,0
Paris Masters,20221031,Hard,R64,2022,Marc Andrea Huesler,Jannik Sinner,61.0,12.0,1,0.3056,0,0.2588,0,0.2157,0
Paris Masters,20221031,Hard,R64,2022,Karen Khachanov,Sebastian Baez,19.0,40.0,1,0.7386,1,0.7052,1,0.6987,1
Paris Masters,20221031,Hard,R64,2022,Diego Schwartzman,Maxime Cressy,24.0,34.0,0,0.4261,0,0.4721,0,0.4415,0
Paris Masters,20221031,Hard,R64,2022,Alexander Bublik,Mikael Ymer,36.0,74.0,0,0.5797,1,0.5685,1,0.6286,1
Paris Masters,20221031,Hard,R64,2022,Gilles Simon,Andy Murray,188.0,48.0,1,0.3125,0,0.3155,0,0.3539,0
Paris Masters,20221031,Hard,R64,2022,Taylor Fritz,Alejandro Davidovich Fokina,11.0,32.0,1,0.742,1,0.7962,1,0.8139,1
Paris Masters,20221031,Hard,R64,2022,Frances Tiafoe,Lorenzo Sonego,21.0,51.0,1,0.6335,1,0.6394,1,0.6286,1
Paris Masters,20221031,Hard,R64,2022,Arthur Rinderknech,Jack Draper,42.0,45.0,0,0.4918,0,0.4856,0,0.4773,0
Paris Masters,20221031,Hard,R64,2022,Alex De Minaur,Sebastian Korda,25.0,33.0,1,0.4881,0,0.4903,0,0.5048,1
Paris Masters,20221031,Hard,R64,2022,John Isner,Oscar Otte,47.0,57.0,1,0.5979,1,0.6175,1,0.6767,1
Paris Masters,20221031,Hard,R64,2022,Stan Wawrinka,Holger Rune,153.0,18.0,0,0.2008,0,0.2292,0,0.2176,0
Paris Masters,20221031,Hard,R64,2022,Adrian Mannarino,Hubert Hurkacz,43.0,10.0,0,0.2702,0,0.2996,0,0.2359,0
Paris Masters,20221031,Hard,R64,2022,Fabio Fognini,Arthur Fils,59.0,308.0,1,0.734,1,0.7354,1,0.6629,1
Paris Masters,20221031,Hard,R64,2022,Grigor Dimitrov,Botic Van De Zandschulp,28.0,35.0,1,0.4596,0,0.4349,0,0.3866,0
Paris Masters,20221031,Hard,R64,2022,Aslan Karatsev,Yoshihito Nishioka,58.0,38.0,0,0.3932,0,0.3287,0,0.3216,0
Paris Masters,20221031,Hard,R32,2022,Rafael Nadal,Tommy Paul,2.0,31.0,0,0.7858,1,0.8219,1,0.8346,1
Paris Masters,20221031,Hard,R32,2022,Pablo Carreno Busta,Denis Shapovalov,14.0,16.0,1,0.4717,0,0.4578,0,0.4316,0
Paris Masters,20221031,Hard,R32,2022,Cameron Norrie,Corentin Moutet,13.0,64.0,0,0.6295,1,0.6144,1,0.6237,1
Paris Masters,20221031,Hard,R32,2022,Daniel Evans,Stefanos Tsitsipas,27.0,5.0,0,0.2082,0,0.2561,0,0.2493,0
Paris Masters,20221031,Hard,R32,2022,Richard Gasquet,Casper Ruud,76.0,4.0,0,0.1543,0,0.2459,0,0.2191,0
Paris Masters,20221031,Hard,R32,2022,Nikoloz Basilashvili,Lorenzo Musetti,106.0,23.0,0,0.2376,0,0.2048,0,0.2172,0
Paris Masters,20221031,Hard,R32,2022,Karen Khachanov,Marc Andrea Huesler,19.0,61.0,1,0.6162,1,0.6289,1,0.6113,1
Paris Masters,20221031,Hard,R32,2022,Novak Djokovic,Maxime Cressy,7.0,34.0,1,0.7738,1,0.8445,1,0.8918,1
Paris Masters,20221031,Hard,R32,2022,Mikael Ymer,Felix Auger Aliassime,74.0,8.0,0,0.2162,0,0.2038,0,0.1653,0
Paris Masters,20221031,Hard,R32,2022,Gilles Simon,Taylor Fritz,188.0,11.0,1,0.139,0,0.1792,0,0.194,0
Paris Masters,20221031,Hard,R32,2022,Frances Tiafoe,Jack Draper,21.0,45.0,1,0.5648,1,0.5161,1,0.5328,1
Paris Masters,20221031,Hard,R32,2022,Daniil Medvedev,Alex De Minaur,3.0,25.0,0,0.7878,1,0.7236,1,0.7594,1
Paris Masters,20221031,Hard,R32,2022,John Isner,Andrey Rublev,47.0,9.0,0,0.2291,0,0.2421,0,0.3381,0
Paris Masters,20221031,Hard,R32,2022,Hubert Hurkacz,Holger Rune,10.0,18.0,0,0.5485,1,0.5474,1,0.5461,1
Paris Masters,20221031,Hard,R32,2022,Fabio Fognini,Grigor Dimitrov,59.0,28.0,0,0.3606,0,0.3511,0,0.3833,0
Paris Masters,20221031,Hard,R32,2022,Yoshihito Nishioka,Carlos Alcaraz,38.0,1.0,0,0.1171,0,0.1543,0,0.1855,0
Paris Masters,20221031,Hard,R16,2022,Pablo Carreno Busta,Tommy Paul,14.0,31.0,0,0.5565,1,0.5173,1,0.4901,0
Paris Masters,20221031,Hard,R16,2022,Stefanos Tsitsipas,Corentin Moutet,5.0,64.0,1,0.8067,1,0.7183,1,0.7952,1
Paris Masters,20221031,Hard,R16,2022,Casper Ruud,Lorenzo Musetti,4.0,23.0,0,0.7474,1,0.7337,1,0.723,1
Paris Masters,20221031,Hard,R16,2022,Novak Djokovic,Karen Khachanov,7.0,19.0,1,0.6905,1,0.8104,1,0.783,1
Paris Masters,20221031,Hard,R16,2022,Gilles Simon,Felix Auger Aliassime,188.0,8.0,0,0.1086,0,0.1969,0,0.2795,0
Paris Masters,20221031,Hard,R16,2022,Frances Tiafoe,Alex De Minaur,21.0,25.0,1,0.5148,1,0.4727,0,0.461,0
Paris Masters,20221031,Hard,R16,2022,Andrey Rublev,Holger Rune,9.0,18.0,0,0.6141,1,0.6277,1,0.6236,1
Paris Masters,20221031,Hard,R16,2022,Grigor Dimitrov,Carlos Alcaraz,28.0,1.0,0,0.1218,0,0.1696,0,0.2367,0
Paris Masters,20221031,Hard,QF,2022,Tommy Paul,Stefanos Tsitsipas,31.0,5.0,0,0.2431,0,0.288,0,0.2428,0
Paris Masters,20221031,Hard,QF,2022,Novak Djokovic,Lorenzo Musetti,7.0,23.0,1,0.7201,1,0.8012,1,0.7687,1
Paris Masters,20221031,Hard,QF,2022,Frances Tiafoe,Felix Auger Aliassime,21.0,8.0,0,0.3227,0,0.2981,0,0.305,0
Paris Masters,20221031,Hard,QF,2022,Carlos Alcaraz,Holger Rune,1.0,18.0,0,0.7944,1,0.8062,1,0.8383,1
Paris Masters,20221031,Hard,SF,2022,Novak Djokovic,Stefanos Tsitsipas,7.0,5.0,1,0.4777,0,0.4857,0,0.4659,0
Paris Masters,20221031,Hard,SF,2022,Felix Auger Aliassime,Holger Rune,8.0,18.0,0,0.6381,1,0.639,1,0.6471,1
Paris Masters,20221031,Hard,F,2022,Novak Djokovic,Holger Rune,7.0,18.0,0,0.6578,1,0.7703,1,0.6887,1
NextGen Finals,20221107,Hard,RR,2022,Chun Hsin Tseng,Dominic Stricker,90.0,111.0,0,0.4205,0,0.4215,0,0.4283,0
NextGen Finals,20221107,Hard,RR,2022,Jack Draper,Dominic Stricker,41.0,111.0,0,0.6049,1,0.6029,1,0.6435,1
NextGen Finals,20221107,Hard,RR,2022,Chun Hsin Tseng,Jack Draper,90.0,41.0,0,0.3221,0,0.282,0,0.3349,0
NextGen Finals,20221107,Hard,RR,2022,Lorenzo Musetti,Dominic Stricker,23.0,111.0,0,0.6628,1,0.6513,1,0.6489,1
NextGen Finals,20221107,Hard,RR,2022,Chun Hsin Tseng,Lorenzo Musetti,90.0,23.0,0,0.2701,0,0.1941,0,0.1493,0
NextGen Finals,20221107,Hard,RR,2022,Lorenzo Musetti,Jack Draper,23.0,41.0,0,0.5627,1,0.5042,1,0.481,0
NextGen Finals,20221107,Hard,RR,2022,Jiri Lehecka,Francesco Passaro,74.0,119.0,1,0.5883,1,0.6036,1,0.582,1
NextGen Finals,20221107,Hard,RR,2022,Brandon Nakashima,Francesco Passaro,49.0,119.0,1,0.6808,1,0.6957,1,0.6877,1
NextGen Finals,20221107,Hard,RR,2022,Brandon Nakashima,Jiri Lehecka,49.0,74.0,1,0.5995,1,0.629,1,0.5874,1
NextGen Finals,20221107,Hard,RR,2022,Matteo Arnaldi,Francesco Passaro,134.0,119.0,0,0.353,0,0.3255,0,0.3164,0
NextGen Finals,20221107,Hard,RR,2022,Jiri Lehecka,Matteo Arnaldi,74.0,134.0,1,0.7292,1,0.6767,1,0.6799,1
NextGen Finals,20221107,Hard,RR,2022,Brandon Nakashima,Matteo Arnaldi,49.0,134.0,1,0.8008,1,0.7542,1,0.698,1
NextGen Finals,20221107,Hard,SF,2022,Jiri Lehecka,Dominic Stricker,74.0,111.0,1,0.5044,1,0.4763,0,0.4883,0
NextGen Finals,20221107,Hard,SF,2022,Brandon Nakashima,Jack Draper,49.0,41.0,1,0.4988,0,0.4931,0,0.4838,0
NextGen Finals,20221107,Hard,F,2022,Brandon Nakashima,Jiri Lehecka,49.0,74.0,1,0.5995,1,0.629,1,0.5874,1
Tour Finals,20221114,Hard,RR,2022,Novak Djokovic,Andrey Rublev,8.0,7.0,1,0.4864,0,0.4855,0,0.4122,0
Tour Finals,20221114,Hard,RR,2022,Novak Djokovic,Daniil Medvedev,8.0,5.0,1,0.431,0,0.4554,0,0.519,1
Tour Finals,20221114,Hard,RR,2022,Daniil Medvedev,Andrey Rublev,5.0,7.0,0,0.5562,1,0.5405,1,0.5001,1
Tour Finals,20221114,Hard,RR,2022,Novak Djokovic,Stefanos Tsitsipas,8.0,3.0,1,0.373,0,0.4781,0,0.5876,1
Tour Finals,20221114,Hard,RR,2022,Andrey Rublev,Stefanos Tsitsipas,7.0,3.0,1,0.3864,0,0.4478,0,0.4401,0
Tour Finals,20221114,Hard,RR,2022,Daniil Medvedev,Stefanos Tsitsipas,5.0,3.0,0,0.4405,0,0.4717,0,0.5468,1
Tour Finals,20221114,Hard,RR,2022,Taylor Fritz,Felix Auger Aliassime,9.0,6.0,1,0.4035,0,0.4044,0,0.4271,0
Tour Finals,20221114,Hard,RR,2022,Taylor Fritz,Casper Ruud,9.0,4.0,0,0.4276,0,0.4531,0,0.3753,0
Tour Finals,20221114,Hard,RR,2022,Casper Ruud,Felix Auger Aliassime,4.0,6.0,1,0.4759,0,0.4593,0,0.3701,0
Tour Finals,20221114,Hard,RR,2022,Rafael Nadal,Taylor Fritz,2.0,9.0,0,0.5523,1,0.6063,1,0.5994,1
Tour Finals,20221114,Hard,RR,2022,Rafael Nadal,Felix Auger Aliassime,2.0,6.0,0,0.4543,0,0.5554,1,0.5643,1
Tour Finals,20221114,Hard,RR,2022,Rafael Nadal,Casper Ruud,2.0,4.0,1,0.4789,0,0.5143,1,0.366,0
Tour Finals,20221114,Hard,SF,2022,Novak Djokovic,Taylor Fritz,8.0,9.0,1,0.5217,1,0.5837,1,0.4482,0
Tour Finals,20221114,Hard,SF,2022,Andrey Rublev,Casper Ruud,7.0,4.0,0,0.4624,0,0.495,0,0.5288,1
Tour Finals,20221114,Hard,F,2022,Novak Djokovic,Casper Ruud,8.0,4.0,1,0.4483,0,0.4993,0,0.5097,1
Davis Cup Finals QF: AUS vs NED,20221122,Hard,RR,2022,Jordan Thompson,Tallon Griekspoor,84.0,96.0,1,0.4746,0,0.4948,0,0.427,0
Davis Cup Finals QF: AUS vs NED,20221122,Hard,RR,2022,Botic Van De Zandschulp,Alex De Minaur,35.0,24.0,0,0.4166,0,0.3657,0,0.3253,0
Davis Cup Finals QF: CRO vs ESP,20221123,Hard,RR,2022,Roberto Bautista Agut,Borna Coric,21.0,26.0,0,0.4698,0,0.5107,1,0.5105,1
Davis Cup Finals QF: CRO vs ESP,20221123,Hard,RR,2022,Marin Cilic,Pablo Carreno Busta,17.0,13.0,1,0.4518,0,0.4042,0,0.4132,0
Davis Cup Finals QF: GER vs CAN,20221124,Hard,RR,2022,Jan Lennard Struff,Denis Shapovalov,152.0,18.0,1,0.2876,0,0.257,0,0.2452,0
Davis Cup Finals QF: GER vs CAN,20221124,Hard,RR,2022,Oscar Otte,Felix Auger Aliassime,65.0,6.0,0,0.1358,0,0.1453,0,0.0834,0
Davis Cup Finals QF: ITA vs USA,20221124,Hard,RR,2022,Frances Tiafoe,Lorenzo Sonego,19.0,45.0,0,0.6323,1,0.6439,1,0.5893,1
Davis Cup Finals QF: ITA vs USA,20221124,Hard,RR,2022,Taylor Fritz,Lorenzo Musetti,9.0,23.0,1,0.6444,1,0.6343,1,0.5763,1
Davis Cup Finals SF: AUS vs CRO,20221125,Hard,RR,2022,Thanasi Kokkinakis,Borna Coric,95.0,26.0,0,0.3551,0,0.333,0,0.3005,0
Davis Cup Finals SF: AUS vs CRO,20221125,Hard,RR,2022,Marin Cilic,Alex De Minaur,17.0,24.0,0,0.4719,0,0.4573,0,0.4058,0
Davis Cup Finals SF: ITA vs CAN,20221126,Hard,RR,2022,Lorenzo Sonego,Denis Shapovalov,45.0,18.0,1,0.3725,0,0.3843,0,0.4455,0
Davis Cup Finals SF: ITA vs CAN,20221126,Hard,RR,2022,Felix Auger Aliassime,Lorenzo Musetti,6.0,23.0,1,0.7226,1,0.7182,1,0.7403,1
Davis Cup Finals F: CAN vs AUS,20221127,Hard,RR,2022,Thanasi Kokkinakis,Denis Shapovalov,95.0,18.0,0,0.3224,0,0.3211,0,0.3372,0
Davis Cup Finals F: CAN vs AUS,20221127,Hard,RR,2022,Felix Auger Aliassime,Alex De Minaur,6.0,24.0,1,0.702,1,0.6399,1,0.6153,1
Pune,20230102,Hard,R32,2023,Sasi Kumar Mukund,Flavio Cobolli,340.0,171.0,0,0.3793,0,0.351,0,0.3061,0
Pune,20230102,Hard,R32,2023,Maximilian Marterer,Elias Ymer,159.0,127.0,1,0.3413,0,0.3674,0,0.3892,0
Pune,20230102,Hard,R32,2023,Laslo Djere,Alex Molcan,70.0,50.0,1,0.4582,0,0.403,0,0.3835,0
Pune,20230102,Hard,R32,2023,Benjamin Bonzi,Chun Hsin Tseng,60.0,115.0,1,0.5734,1,0.6039,1,0.5659,1
Pune,20230102,Hard,R32,2023,Michael Mmoh,Manas Dhamne,113.0,,1,0.6495,1,0.7486,1,0.7742,1
Pune,20230102,Hard,R32,2023,Filip Krajinovic,Sumit Nagal,54.0,503.0,1,0.6413,1,0.7165,1,0.8762,1
Pune,20230102,Hard,R32,2023,Pablo Andujar,Aslan Karatsev,121.0,59.0,0,0.4269,0,0.4385,0,0.4123,0
Pune,20230102,Hard,R32,2023,Radu Albot,Tim Van Rijthoven,103.0,111.0,0,0.5345,1,0.5151,1,0.5613,1
Pune,20230102,Hard,R32,2023,Ramkumar Ramanathan,Pedro Martinez,435.0,62.0,0,0.2291,0,0.2955,0,0.337,0
Pune,20230102,Hard,R32,2023,Tallon Griekspoor,Jaume Munar,95.0,58.0,1,0.471,0,0.4271,0,0.4584,0
Pune,20230102,Hard,R32,2023,Nikoloz Basilashvili,Marco Cecchinato,91.0,101.0,0,0.6217,1,0.6113,1,0.6308,1
Pune,20230102,Hard,R32,2023,Roberto Carballes Baena,Bernabe Zapata Miralles,74.0,72.0,1,0.5016,1,0.4869,0,0.4955,0
Pune,20230102,Hard,R16,2023,Botic Van De Zandschulp,Flavio Cobolli,35.0,171.0,1,0.7634,1,0.7836,1,0.755,1
Pune,20230102,Hard,R16,2023,Maximilian Marterer,Laslo Djere,159.0,70.0,1,0.3298,0,0.3228,0,0.3266,0
Pune,20230102,Hard,R16,2023,Benjamin Bonzi,Emil Ruusuvuori,60.0,40.0,1,0.3423,0,0.3263,0,0.3468,0
Pune,20230102,Hard,R16,2023,Filip Krajinovic,Michael Mmoh,54.0,113.0,1,0.6381,1,0.6478,1,0.5958,1
Pune,20230102,Hard,R16,2023,Aslan Karatsev,Tim Van Rijthoven,59.0,111.0,1,0.5709,1,0.5891,1,0.5586,1
Pune,20230102,Hard,R16,2023,Pedro Martinez,Sebastian Baez,62.0,43.0,1,0.5381,1,0.5364,1,0.5781,1
Pune,20230102,Hard,R16,2023,Marco Cecchinato,Tallon Griekspoor,101.0,95.0,0,0.4021,0,0.3818,0,0.4087,0
Pune,20230102,Hard,R16,2023,Marin Cilic,Roberto Carballes Baena,17.0,74.0,1,0.7255,1,0.7589,1,0.7931,1
Pune,20230102,Hard,QF,2023,Maximilian Marterer,Botic Van De Zandschulp,159.0,35.0,0,0.2434,0,0.194,0,0.171,0
Pune,20230102,Hard,QF,2023,Filip Krajinovic,Benjamin Bonzi,54.0,60.0,0,0.5233,1,0.5744,1,0.5769,1
Pune,20230102,Hard,QF,2023,Aslan Karatsev,Pedro Martinez,59.0,62.0,1,0.5018,1,0.5184,1,0.5373,1
Pune,20230102,Hard,QF,2023,Marin Cilic,Tallon Griekspoor,17.0,95.0,0,0.7085,1,0.767,1,0.7448,1
Pune,20230102,Hard,SF,2023,Botic Van De Zandschulp,Benjamin Bonzi,35.0,60.0,0,0.6336,1,0.6408,1,0.6394,1
Pune,20230102,Hard,SF,2023,Aslan Karatsev,Tallon Griekspoor,59.0,95.0,0,0.5279,1,0.5229,1,0.5077,1
Pune,20230102,Hard,F,2023,Benjamin Bonzi,Tallon Griekspoor,60.0,95.0,0,0.5347,1,0.5595,1,0.4809,0
Adelaide 1,20230102,Hard,R32,2023,Felix Auger Aliassime,Alexei Popyrin,6.0,120.0,0,0.8923,1,0.8775,1,0.8442,1
Adelaide 1,20230102,Hard,R32,2023,Richard Gasquet,Marcos Giron,68.0,61.0,0,0.4847,0,0.4914,0,0.4623,0
Adelaide 1,20230102,Hard,R32,2023,Mackenzie Mcdonald,Daniel Elahi Galan,63.0,67.0,1,0.4702,0,0.4809,0,0.4428,0
Adelaide 1,20230102,Hard,R32,2023,Yoshihito Nishioka,Holger Rune,36.0,11.0,1,0.2307,0,0.2984,0,0.3037,0
Adelaide 1,20230102,Hard,R32,2023,Roberto Bautista Agut,Andrey Rublev,21.0,8.0,1,0.3045,0,0.36,0,0.3363,0
Adelaide 1,20230102,Hard,R32,2023,Andy Murray,Sebastian Korda,49.0,33.0,0,0.4255,0,0.4388,0,0.4239,0
Adelaide 1,20230102,Hard,R32,2023,Thanasi Kokkinakis,Maxime Cressy,93.0,34.0,1,0.378,0,0.3542,0,0.331,0
Adelaide 1,20230102,Hard,R32,2023,Kyle Edmund,Jannik Sinner,582.0,15.0,0,0.0796,0,0.1566,0,0.1588,0
Adelaide 1,20230102,Hard,R32,2023,Pedro Cachin,Karen Khachanov,57.0,20.0,0,0.2862,0,0.3108,0,0.3589,0
Adelaide 1,20230102,Hard,R32,2023,Soon Woo Kwon,Jack Draper,83.0,42.0,0,0.3366,0,0.3175,0,0.3515,0
Adelaide 1,20230102,Hard,R32,2023,Christopher Oconnell,Miomir Kecmanovic,78.0,29.0,0,0.3047,0,0.2206,0,0.2176,0
Adelaide 1,20230102,Hard,R32,2023,Daniil Medvedev,Lorenzo Sonego,7.0,45.0,1,0.7649,1,0.8082,1,0.7806,1
Adelaide 1,20230102,Hard,R32,2023,Denis Shapovalov,Rinky Hijikata,18.0,164.0,1,0.8177,1,0.8162,1,0.8117,1
Adelaide 1,20230102,Hard,R32,2023,Roman Safiullin,Mikael Ymer,88.0,69.0,1,0.4131,0,0.3948,0,0.3903,0
Adelaide 1,20230102,Hard,R32,2023,Jordan Thompson,Quentin Halys,84.0,64.0,0,0.662,1,0.5817,1,0.6856,1
Adelaide 1,20230102,Hard,R32,2023,Novak Djokovic,Constant Lestienne,5.0,65.0,1,0.8705,1,0.8594,1,0.8996,1
Adelaide 1,20230102,Hard,R16,2023,Marcos Giron,Alexei Popyrin,61.0,120.0,0,0.6342,1,0.6222,1,0.494,0
Adelaide 1,20230102,Hard,R16,2023,Yoshihito Nishioka,Mackenzie Mcdonald,36.0,63.0,1,0.5826,1,0.5786,1,0.5858,1
Adelaide 1,20230102,Hard,R16,2023,Roberto Bautista Agut,Sebastian Korda,21.0,33.0,0,0.5391,1,0.5314,1,0.4351,0
Adelaide 1,20230102,Hard,R16,2023,Thanasi Kokkinakis,Jannik Sinner,93.0,15.0,0,0.2379,0,0.2171,0,0.2644,0
Adelaide 1,20230102,Hard,R16,2023,Karen Khachanov,Jack Draper,20.0,42.0,1,0.5883,1,0.5418,1,0.507,1
Adelaide 1,20230102,Hard,R16,2023,Daniil Medvedev,Miomir Kecmanovic,7.0,29.0,1,0.7303,1,0.6985,1,0.7093,1
Adelaide 1,20230102,Hard,R16,2023,Roman Safiullin,Denis Shapovalov,88.0,18.0,0,0.2906,0,0.2945,0,0.2542,0
Adelaide 1,20230102,Hard,R16,2023,Novak Djokovic,Quentin Halys,5.0,64.0,1,0.8949,1,0.9035,1,0.9276,1
Adelaide 1,20230102,Hard,QF,2023,Yoshihito Nishioka,Alexei Popyrin,36.0,120.0,1,0.6452,1,0.6761,1,0.6245,1
Adelaide 1,20230102,Hard,QF,2023,Sebastian Korda,Jannik Sinner,33.0,15.0,1,0.3394,0,0.3205,0,0.3707,0
Adelaide 1,20230102,Hard,QF,2023,Daniil Medvedev,Karen Khachanov,7.0,20.0,1,0.6528,1,0.6402,1,0.6606,1
Adelaide 1,20230102,Hard,QF,2023,Novak Djokovic,Denis Shapovalov,5.0,18.0,1,0.7208,1,0.8021,1,0.7796,1
Adelaide 1,20230102,Hard,SF,2023,Yoshihito Nishioka,Sebastian Korda,36.0,33.0,0,0.4472,0,0.4437,0,0.4774,0
Adelaide 1,20230102,Hard,SF,2023,Novak Djokovic,Daniil Medvedev,5.0,7.0,1,0.5746,1,0.6162,1,0.5389,1
Adelaide 1,20230102,Hard,F,2023,Novak Djokovic,Sebastian Korda,5.0,33.0,1,0.7989,1,0.7981,1,0.8213,1
United Cup,20230102,Hard,RR,2023,Federico Coria,Borna Gojo,75.0,144.0,0,0.4974,0,0.5284,1,0.4513,0
United Cup,20230102,Hard,RR,2023,Borna Coric,Francisco Cerundolo,26.0,30.0,1,0.6306,1,0.6572,1,0.742,1
United Cup,20230102,Hard,RR,2023,Adrian Mannarino,Federico Coria,46.0,75.0,1,0.5905,1,0.6183,1,0.6286,1
United Cup,20230102,Hard,RR,2023,Arthur Rinderknech,Francisco Cerundolo,44.0,30.0,1,0.539,1,0.5509,1,0.5684,1
United Cup,20230102,Hard,RR,2023,Adrian Mannarino,Borna Gojo,46.0,144.0,0,0.5752,1,0.604,1,0.5272,1
United Cup,20230102,Hard,RR,2023,Borna Coric,Arthur Rinderknech,26.0,44.0,1,0.5941,1,0.6333,1,0.659,1
United Cup,20230102,Hard,RR,2023,Viktor Durasovic,Felipe Meligeni Alves,343.0,166.0,0,0.4509,0,0.4271,0,0.4086,0
United Cup,20230102,Hard,RR,2023,Thiago Monteiro,Casper Ruud,71.0,3.0,0,0.1184,0,0.1183,0,0.084,0
United Cup,20230102,Hard,RR,2023,Viktor Durasovic,Lorenzo Musetti,343.0,23.0,0,0.1515,0,0.1554,0,0.1457,0
United Cup,20230102,Hard,RR,2023,Matteo Berrettini,Casper Ruud,16.0,3.0,1,0.2486,0,0.3621,0,0.3596,0
United Cup,20230102,Hard,RR,2023,Felipe Meligeni Alves,Lorenzo Musetti,166.0,23.0,0,0.1865,0,0.163,0,0.1626,0
United Cup,20230102,Hard,RR,2023,Thiago Monteiro,Matteo Berrettini,71.0,16.0,0,0.2997,0,0.2122,0,0.221,0
United Cup,20230102,Hard,RR,2023,Daniel Evans,Jason Kubler,27.0,107.0,0,0.7139,1,0.6887,1,0.6853,1
United Cup,20230102,Hard,RR,2023,Cameron Norrie,Alex De Minaur,14.0,24.0,1,0.5222,1,0.494,0,0.4869,0
United Cup,20230102,Hard,RR,2023,Albert Ramos,Daniel Evans,39.0,27.0,0,0.3917,0,0.3514,0,0.3591,0
United Cup,20230102,Hard,RR,2023,Rafael Nadal,Cameron Norrie,2.0,14.0,0,0.6832,1,0.6886,1,0.6459,1
United Cup,20230102,Hard,RR,2023,Albert Ramos,Jason Kubler,39.0,107.0,0,0.6158,1,0.6049,1,0.6023,1
United Cup,20230102,Hard,RR,2023,Rafael Nadal,Alex De Minaur,2.0,24.0,0,0.7015,1,0.6595,1,0.6251,1
United Cup,20230102,Hard,RR,2023,Oscar Otte,Dalibor Svrcina,76.0,222.0,1,0.6888,1,0.676,1,0.7002,1
United Cup,20230102,Hard,RR,2023,Alexander Zverev,Jiri Lehecka,12.0,81.0,0,0.6262,1,0.7356,1,0.728,1
United Cup,20230102,Hard,RR,2023,Frances Tiafoe,Tomas Machac,19.0,97.0,1,0.7218,1,0.7374,1,0.7422,1
United Cup,20230102,Hard,RR,2023,Taylor Fritz,Jiri Lehecka,9.0,81.0,1,0.7353,1,0.7907,1,0.837,1
United Cup,20230102,Hard,RR,2023,Oscar Otte,Frances Tiafoe,76.0,19.0,0,0.2578,0,0.2394,0,0.2467,0
United Cup,20230102,Hard,RR,2023,Alexander Zverev,Taylor Fritz,12.0,9.0,0,0.3768,0,0.3524,0,0.395,0
United Cup,20230102,Hard,RR,2023,Marc Andrea Huesler,Timofey Skatov,56.0,142.0,1,0.7638,1,0.7175,1,0.694,1
United Cup,20230102,Hard,RR,2023,Stan Wawrinka,Alexander Bublik,148.0,37.0,1,0.2851,0,0.3142,0,0.2613,0
United Cup,20230102,Hard,RR,2023,Daniel Michalski,Timofey Skatov,260.0,142.0,0,0.4281,0,0.3893,0,0.3592,0
United Cup,20230102,Hard,RR,2023,Alexander Bublik,Hubert Hurkacz,37.0,10.0,0,0.3523,0,0.3462,0,0.3465,0
United Cup,20230102,Hard,RR,2023,Marc Andrea Huesler,Daniel Michalski,56.0,260.0,1,0.8183,1,0.761,1,0.7762,1
United Cup,20230102,Hard,RR,2023,Stan Wawrinka,Hubert Hurkacz,148.0,10.0,0,0.1779,0,0.2069,0,0.2939,0
United Cup,20230102,Hard,RR,2023,Dimitar Kuzmanov,Zizou Bergs,196.0,129.0,1,0.4163,0,0.3812,0,0.2903,0
United Cup,20230102,Hard,RR,2023,David Goffin,Grigor Dimitrov,53.0,28.0,0,0.31,0,0.3439,0,0.2914,0
United Cup,20230102,Hard,RR,2023,Dimitar Kuzmanov,Michail Pervolarakis,196.0,506.0,1,0.5626,1,0.5903,1,0.4919,0
United Cup,20230102,Hard,RR,2023,Grigor Dimitrov,Stefanos Tsitsipas,28.0,4.0,0,0.2148,0,0.2196,0,0.2603,0
United Cup,20230102,Hard,RR,2023,Zizou Bergs,Stefanos Sakellaridis,129.0,803.0,0,0.8224,1,0.7506,1,0.7822,1
United Cup,20230102,Hard,RR,2023,David Goffin,Stefanos Tsitsipas,53.0,4.0,0,0.1092,0,0.1583,0,0.2081,0
United Cup,20230102,Hard,RR,2023,Daniel Evans,Frances Tiafoe,27.0,19.0,0,0.4224,0,0.435,0,0.4314,0
United Cup,20230102,Hard,RR,2023,Cameron Norrie,Taylor Fritz,14.0,9.0,1,0.3929,0,0.3843,0,0.4017,0
United Cup,20230102,Hard,RR,2023,Daniel Michalski,Lorenzo Musetti,260.0,23.0,0,0.1425,0,0.1505,0,0.172,0
United Cup,20230102,Hard,RR,2023,Matteo Berrettini,Hubert Hurkacz,16.0,10.0,1,0.3806,0,0.4144,0,0.4294,0
United Cup,20230102,Hard,RR,2023,Borna Gojo,Stefanos Sakellaridis,144.0,803.0,1,0.8501,1,0.858,1,0.8976,1
United Cup,20230102,Hard,RR,2023,Borna Coric,Stefanos Tsitsipas,26.0,4.0,0,0.268,0,0.3776,0,0.34,0
United Cup,20230102,Hard,SF,2023,Lorenzo Musetti,Stefanos Sakellaridis,23.0,803.0,1,0.9388,1,0.8733,1,0.9032,1
United Cup,20230102,Hard,SF,2023,Matteo Berrettini,Stefanos Tsitsipas,16.0,4.0,0,0.2368,0,0.3106,0,0.3014,0
United Cup,20230102,Hard,SF,2023,Frances Tiafoe,Kacper Zuk,19.0,245.0,1,0.8637,1,0.8566,1,0.9003,1
United Cup,20230102,Hard,SF,2023,Taylor Fritz,Hubert Hurkacz,9.0,10.0,1,0.5379,1,0.5058,1,0.4548,0
United Cup,20230102,Hard,F,2023,Frances Tiafoe,Lorenzo Musetti,19.0,23.0,1,0.5332,1,0.5534,1,0.5681,1
United Cup,20230102,Hard,F,2023,Taylor Fritz,Matteo Berrettini,9.0,16.0,1,0.6663,1,0.6511,1,0.6518,1
Auckland,20230109,Hard,R32,2023,Thiago Monteiro,Jiri Lehecka,69.0,78.0,0,0.361,0,0.422,0,0.429,0
Auckland,20230109,Hard,R32,2023,Federico Coria,Marcos Giron,76.0,60.0,0,0.3677,0,0.3386,0,0.3307,0
Auckland,20230109,Hard,R32,2023,Adrian Mannarino,J J Wolf,43.0,66.0,0,0.5413,1,0.533,1,0.5267,1
Auckland,20230109,Hard,R32,2023,Fabio Fognini,Jenson Brooksby,57.0,48.0,0,0.4543,0,0.4574,0,0.495,0
Auckland,20230109,Hard,R32,2023,Quentin Halys,Alex Molcan,64.0,54.0,1,0.5264,1,0.439,0,0.3915,0
Auckland,20230109,Hard,R32,2023,Sebastian Baez,Ben Shelton,41.0,92.0,0,0.437,0,0.4755,0,0.3894,0
Auckland,20230109,Hard,R32,2023,David Goffin,Alexander Bublik,53.0,36.0,1,0.3726,0,0.3943,0,0.3538,0
Auckland,20230109,Hard,R32,2023,Christopher Eubanks,Ugo Humbert,123.0,108.0,1,0.5512,1,0.5811,1,0.5631,1
Auckland,20230109,Hard,R32,2023,Richard Gasquet,Kiranpal Pannu,67.0,575.0,1,0.8546,1,0.8364,1,0.8955,1
Auckland,20230109,Hard,R32,2023,John Isner,Gregoire Barrere,42.0,88.0,0,0.6544,1,0.6235,1,0.6065,1
Auckland,20230109,Hard,R32,2023,Constant Lestienne,Pedro Cachin,65.0,59.0,1,0.5059,1,0.5319,1,0.5598,1
Auckland,20230109,Hard,R32,2023,Laslo Djere,Jaume Munar,70.0,62.0,1,0.5794,1,0.5716,1,0.598,1
Auckland,20230109,Hard,R16,2023,Cameron Norrie,Jiri Lehecka,12.0,78.0,1,0.6977,1,0.7742,1,0.7303,1
Auckland,20230109,Hard,R16,2023,Marcos Giron,J J Wolf,60.0,66.0,1,0.5401,1,0.5184,1,0.5228,1
Auckland,20230109,Hard,R16,2023,Diego Schwartzman,Jenson Brooksby,25.0,48.0,0,0.4482,0,0.4749,0,0.4582,0
Auckland,20230109,Hard,R16,2023,Quentin Halys,Ben Shelton,64.0,92.0,1,0.4873,0,0.4776,0,0.4907,0
Auckland,20230109,Hard,R16,2023,David Goffin,Christopher Eubanks,53.0,123.0,1,0.5083,1,0.5509,1,0.5794,1
Auckland,20230109,Hard,R16,2023,Richard Gasquet,Joao Sousa,67.0,82.0,1,0.5831,1,0.6176,1,0.5775,1
Auckland,20230109,Hard,R16,2023,Constant Lestienne,Gregoire Barrere,65.0,88.0,1,0.5494,1,0.6068,1,0.5921,1
Auckland,20230109,Hard,R16,2023,Laslo Djere,Casper Ruud,70.0,3.0,1,0.1622,0,0.1966,0,0.146,0
Auckland,20230109,Hard,QF,2023,Marcos Giron,Cameron Norrie,60.0,12.0,0,0.2615,0,0.1811,0,0.1709,0
Auckland,20230109,Hard,QF,2023,Quentin Halys,Jenson Brooksby,64.0,48.0,0,0.4448,0,0.4001,0,0.4497,0
Auckland,20230109,Hard,QF,2023,Richard Gasquet,David Goffin,67.0,53.0,1,0.5623,1,0.612,1,0.6323,1
Auckland,20230109,Hard,QF,2023,Constant Lestienne,Laslo Djere,65.0,70.0,1,0.4457,0,0.5211,1,0.4916,0
Auckland,20230109,Hard,SF,2023,Cameron Norrie,Jenson Brooksby,12.0,48.0,1,0.732,1,0.7178,1,0.7374,1
Auckland,20230109,Hard,SF,2023,Richard Gasquet,Constant Lestienne,67.0,65.0,1,0.5176,1,0.4963,0,0.5283,1
Auckland,20230109,Hard,F,2023,Richard Gasquet,Cameron Norrie,67.0,12.0,1,0.2416,0,0.2778,0,0.2837,0
Adelaide 2,20230109,Hard,R32,2023,Soon Woo Kwon,Tomas Machac,84.0,115.0,1,0.5144,1,0.5227,1,0.5119,1
Adelaide 2,20230109,Hard,R32,2023,Mikael Ymer,Emil Ruusuvuori,77.0,46.0,1,0.5034,1,0.5083,1,0.5435,1
Adelaide 2,20230109,Hard,R32,2023,Daniel Evans,Mackenzie Mcdonald,27.0,63.0,0,0.5319,1,0.5132,1,0.5085,1
Adelaide 2,20230109,Hard,R32,2023,Arthur Rinderknech,Marc Andrea Huesler,45.0,55.0,0,0.4525,0,0.4661,0,0.4416,0
Adelaide 2,20230109,Hard,R32,2023,Lorenzo Sonego,Jack Draper,44.0,40.0,0,0.4383,0,0.4154,0,0.4076,0
Adelaide 2,20230109,Hard,R32,2023,Christopher Oconnell,Tommy Paul,79.0,35.0,0,0.2767,0,0.2618,0,0.261,0
Adelaide 2,20230109,Hard,R32,2023,Alejandro Davidovich Fokina,Brandon Nakashima,32.0,47.0,1,0.3347,0,0.425,0,0.527,1
Adelaide 2,20230109,Hard,R32,2023,Albert Ramos,John Millman,38.0,148.0,0,0.6028,1,0.6016,1,0.6073,1
Adelaide 2,20230109,Hard,R32,2023,Robin Haase,Benjamin Bonzi,257.0,50.0,1,0.1654,0,0.2346,0,0.1949,0
Adelaide 2,20230109,Hard,R32,2023,Kyle Edmund,Miomir Kecmanovic,583.0,28.0,0,0.1295,0,0.2061,0,0.2237,0
Adelaide 2,20230109,Hard,R32,2023,Jason Kubler,Tomas Martin Etcheverry,86.0,80.0,1,0.6373,1,0.5774,1,0.502,1
Adelaide 2,20230109,Hard,R32,2023,Thanasi Kokkinakis,Alexei Popyrin,110.0,113.0,1,0.467,0,0.5116,1,0.5033,1
Adelaide 2,20230109,Hard,R16,2023,Pablo Carreno Busta,Soon Woo Kwon,15.0,84.0,0,0.7213,1,0.7275,1,0.7684,1
Adelaide 2,20230109,Hard,R16,2023,Mackenzie Mcdonald,Mikael Ymer,63.0,77.0,0,0.4944,0,0.4899,0,0.4801,0
Adelaide 2,20230109,Hard,R16,2023,Karen Khachanov,Marc Andrea Huesler,20.0,55.0,1,0.5722,1,0.5729,1,0.5493,1
Adelaide 2,20230109,Hard,R16,2023,Tommy Paul,Jack Draper,35.0,40.0,0,0.5268,1,0.5455,1,0.5774,1
Adelaide 2,20230109,Hard,R16,2023,John Millman,Alejandro Davidovich Fokina,148.0,32.0,0,0.3591,0,0.3688,0,0.4211,0
Adelaide 2,20230109,Hard,R16,2023,Robin Haase,Roberto Bautista Agut,257.0,26.0,0,0.1798,0,0.1925,0,0.1677,0
Adelaide 2,20230109,Hard,R16,2023,Jason Kubler,Miomir Kecmanovic,86.0,28.0,0,0.4519,0,0.4239,0,0.4473,0
Adelaide 2,20230109,Hard,R16,2023,Thanasi Kokkinakis,Andrey Rublev,110.0,6.0,1,0.2005,0,0.1727,0,0.1578,0
Adelaide 2,20230109,Hard,QF,2023,Soon Woo Kwon,Mikael Ymer,84.0,77.0,1,0.4195,0,0.3573,0,0.295,0
Adelaide 2,20230109,Hard,QF,2023,Karen Khachanov,Jack Draper,20.0,40.0,0,0.5779,1,0.5392,1,0.5156,1
Adelaide 2,20230109,Hard,QF,2023,Roberto Bautista Agut,Alejandro Davidovich Fokina,26.0,32.0,1,0.5719,1,0.6297,1,0.6337,1
Adelaide 2,20230109,Hard,QF,2023,Thanasi Kokkinakis,Miomir Kecmanovic,110.0,28.0,1,0.3701,0,0.3296,0,0.3271,0
Adelaide 2,20230109,Hard,SF,2023,Soon Woo Kwon,Jack Draper,84.0,40.0,1,0.3286,0,0.337,0,0.3243,0
Adelaide 2,20230109,Hard,SF,2023,Roberto Bautista Agut,Thanasi Kokkinakis,26.0,110.0,1,0.5838,1,0.6166,1,0.5871,1
Adelaide 2,20230109,Hard,F,2023,Roberto Bautista Agut,Soon Woo Kwon,26.0,84.0,0,0.6144,1,0.6847,1,0.6866,1
Australian Open,20230116,Hard,R128,2023,Rafael Nadal,Jack Draper,2.0,38.0,1,0.6978,1,0.6803,1,0.6567,1
Australian Open,20230116,Hard,R128,2023,Mackenzie Mcdonald,Brandon Nakashima,65.0,49.0,1,0.3717,0,0.3591,0,0.3419,0
Australian Open,20230116,Hard,R128,2023,Jaume Munar,Dalibor Svrcina,64.0,216.0,0,0.6682,1,0.683,1,0.6171,1
Australian Open,20230116,Hard,R128,2023,Yoshihito Nishioka,Mikael Ymer,33.0,69.0,1,0.5524,1,0.5534,1,0.5572,1
Australian Open,20230116,Hard,R128,2023,Karen Khachanov,Bernabe Zapata Miralles,20.0,72.0,1,0.7559,1,0.7706,1,0.8225,1
Australian Open,20230116,Hard,R128,2023,Jason Kubler,Sebastian Baez,84.0,44.0,1,0.6296,1,0.5579,1,0.6749,1
Australian Open,20230116,Hard,R128,2023,Oscar Otte,Juncheng Shang,74.0,194.0,0,0.6883,1,0.6815,1,0.7162,1
Australian Open,20230116,Hard,R128,2023,Frances Tiafoe,Daniel Altmaier,17.0,92.0,1,0.8257,1,0.8538,1,0.883,1
Australian Open,20230116,Hard,R128,2023,Pedro Martinez,Hubert Hurkacz,60.0,11.0,0,0.3095,0,0.2515,0,0.1906,0
Australian Open,20230116,Hard,R128,2023,Lorenzo Sonego,Nuno Borges,47.0,111.0,1,0.6154,1,0.5776,1,0.6083,1
Australian Open,20230116,Hard,R128,2023,Taro Daniel,Ernesto Escobedo,94.0,313.0,1,0.7279,1,0.7165,1,0.7556,1
Australian Open,20230116,Hard,R128,2023,Dusan Lajovic,Denis Shapovalov,86.0,22.0,0,0.2351,0,0.1944,0,0.1728,0
Australian Open,20230116,Hard,R128,2023,Cristian Garin,Sebastian Korda,87.0,31.0,0,0.234,0,0.2319,0,0.1618,0
Australian Open,20230116,Hard,R128,2023,Arthur Rinderknech,Yosuke Watanuki,59.0,138.0,0,0.7043,1,0.6833,1,0.7684,1
Australian Open,20230116,Hard,R128,2023,John Millman,Marc Andrea Huesler,140.0,51.0,1,0.3103,0,0.3152,0,0.3338,0
Australian Open,20230116,Hard,R128,2023,Marcos Giron,Daniil Medvedev,56.0,8.0,0,0.2355,0,0.1809,0,0.1117,0
Australian Open,20230116,Hard,R128,2023,Quentin Halys,Stefanos Tsitsipas,61.0,4.0,0,0.1373,0,0.1168,0,0.0829,0
Australian Open,20230116,Hard,R128,2023,Yannick Hanfmann,Rinky Hijikata,128.0,169.0,0,0.5378,1,0.5624,1,0.5671,1
Australian Open,20230116,Hard,R128,2023,Tallon Griekspoor,Pavel Kotov,63.0,117.0,1,0.6707,1,0.6449,1,0.6181,1
Australian Open,20230116,Hard,R128,2023,Botic Van De Zandschulp,Ilya Ivashka,34.0,73.0,1,0.6401,1,0.612,1,0.5216,1
Australian Open,20230116,Hard,R128,2023,Lloyd Harris,Lorenzo Musetti,186.0,19.0,1,0.231,0,0.235,0,0.2549,0
Australian Open,20230116,Hard,R128,2023,Marton Fucsovics,Federico Coria,78.0,76.0,1,0.5648,1,0.5709,1,0.5864,1
Australian Open,20230116,Hard,R128,2023,Gregoire Barrere,Tomas Martin Etcheverry,83.0,79.0,0,0.5736,1,0.5659,1,0.5338,1
Australian Open,20230116,Hard,R128,2023,Kyle Edmund,Jannik Sinner,581.0,16.0,0,0.07,0,0.1433,0,0.1549,0
Australian Open,20230116,Hard,R128,2023,Cameron Norrie,Luca Van Assche,12.0,143.0,1,0.8781,1,0.9084,1,0.8821,1
Australian Open,20230116,Hard,R128,2023,Constant Lestienne,Thiago Monteiro,55.0,77.0,1,0.6683,1,0.686,1,0.7201,1
Australian Open,20230116,Hard,R128,2023,Christopher Eubanks,Soon Woo Kwon,116.0,52.0,1,0.4059,0,0.3497,0,0.3814,0
Australian Open,20230116,Hard,R128,2023,Borna Coric,Jiri Lehecka,23.0,71.0,0,0.6466,1,0.6905,1,0.6948,1
Australian Open,20230116,Hard,R128,2023,Guido Pella,Francisco Cerundolo,,29.0,0,0.4923,0,0.297,0,0.2608,0
Australian Open,20230116,Hard,R128,2023,Corentin Moutet,Yibing Wu,62.0,114.0,1,0.5154,1,0.513,1,0.4549,0
Australian Open,20230116,Hard,R128,2023,Stan Wawrinka,Alex Molcan,139.0,53.0,0,0.4722,0,0.4328,0,0.3947,0
Australian Open,20230116,Hard,R128,2023,Vasek Pospisil,Felix Auger Aliassime,99.0,7.0,0,0.156,0,0.2401,0,0.258,0
Australian Open,20230116,Hard,R128,2023,Dominic Thiem,Andrey Rublev,98.0,6.0,0,0.1938,0,0.2214,0,0.2093,0
Australian Open,20230116,Hard,R128,2023,Max Purcell,Emil Ruusuvuori,205.0,46.0,0,0.3207,0,0.2993,0,0.3423,0
Australian Open,20230116,Hard,R128,2023,Jeremy Chardy,Daniel Elahi Galan,,70.0,1,0.4506,0,0.2695,0,0.1937,0
Australian Open,20230116,Hard,R128,2023,Facundo Bagnis,Daniel Evans,91.0,30.0,0,0.3449,0,0.2722,0,0.2703,0
Australian Open,20230116,Hard,R128,2023,Denis Kudla,Roman Safiullin,108.0,97.0,1,0.3209,0,0.3424,0,0.3824,0
Australian Open,20230116,Hard,R128,2023,Richard Gasquet,Ugo Humbert,42.0,106.0,0,0.6937,1,0.6731,1,0.6557,1
Australian Open,20230116,Hard,R128,2023,Albert Ramos,Maxime Cressy,37.0,41.0,0,0.4247,0,0.4256,0,0.4135,0
Australian Open,20230116,Hard,R128,2023,Filip Krajinovic,Holger Rune,54.0,10.0,0,0.3405,0,0.3005,0,0.2794,0
Australian Open,20230116,Hard,R128,2023,Pablo Carreno Busta,Pedro Cachin,15.0,58.0,1,0.6564,1,0.6775,1,0.7108,1
Australian Open,20230116,Hard,R128,2023,Benjamin Bonzi,Mattia Bellucci,48.0,152.0,1,0.7837,1,0.7279,1,0.6995,1
Australian Open,20230116,Hard,R128,2023,John Isner,Adrian Mannarino,43.0,45.0,0,0.4991,0,0.4817,0,0.4987,0
Australian Open,20230116,Hard,R128,2023,Alex De Minaur,Yu Hsiou Hsu,24.0,209.0,1,0.8695,1,0.8724,1,0.9096,1
Australian Open,20230116,Hard,R128,2023,Grigor Dimitrov,Aslan Karatsev,28.0,82.0,1,0.5784,1,0.6228,1,0.6491,1
Australian Open,20230116,Hard,R128,2023,Laslo Djere,Zizou Bergs,68.0,130.0,1,0.693,1,0.7106,1,0.7344,1
Australian Open,20230116,Hard,R128,2023,Hugo Dellien,Enzo Couacaud,131.0,191.0,0,0.5224,1,0.5847,1,0.4899,0
Australian Open,20230116,Hard,R128,2023,Novak Djokovic,Roberto Carballes Baena,5.0,75.0,1,0.8708,1,0.8683,1,0.8654,1
Australian Open,20230116,Hard,R128,2023,Nikoloz Basilashvili,Taylor Fritz,90.0,9.0,0,0.1343,0,0.0744,0,0.0446,0
Australian Open,20230116,Hard,R128,2023,Alexei Popyrin,Chun Hsin Tseng,113.0,115.0,1,0.6216,1,0.6074,1,0.6532,1
Australian Open,20230116,Hard,R128,2023,Zhizhen Zhang,Ben Shelton,96.0,89.0,0,0.3835,0,0.3942,0,0.4114,0
Australian Open,20230116,Hard,R128,2023,Nicolas Jarry,Miomir Kecmanovic,154.0,27.0,1,0.2478,0,0.2661,0,0.3273,0
Australian Open,20230116,Hard,R128,2023,Diego Schwartzman,Oleksii Krutykh,26.0,188.0,1,0.7081,1,0.7589,1,0.7738,1
Australian Open,20230116,Hard,R128,2023,Jordan Thompson,J J Wolf,88.0,67.0,0,0.4343,0,0.3782,0,0.3714,0
Australian Open,20230116,Hard,R128,2023,Laurent Lokoli,Michael Mmoh,175.0,107.0,0,0.2803,0,0.2907,0,0.3194,0
Australian Open,20230116,Hard,R128,2023,Alexander Zverev,Juan Pablo Varillas,13.0,103.0,1,0.8161,1,0.7906,1,0.8238,1
Australian Open,20230116,Hard,R128,2023,Andy Murray,Matteo Berrettini,66.0,14.0,1,0.2215,0,0.2189,0,0.214,0
Australian Open,20230116,Hard,R128,2023,Fabio Fognini,Thanasi Kokkinakis,57.0,159.0,0,0.4342,0,0.5437,1,0.5891,1
Australian Open,20230116,Hard,R128,2023,Aleksandar Vukic,Brandon Holt,146.0,215.0,0,0.6095,1,0.6331,1,0.58,1
Australian Open,20230116,Hard,R128,2023,Roberto Bautista Agut,Joao Sousa,25.0,81.0,1,0.694,1,0.7296,1,0.7185,1
Australian Open,20230116,Hard,R128,2023,Alexander Bublik,Alejandro Davidovich Fokina,36.0,32.0,0,0.4567,0,0.5054,1,0.5163,1
Australian Open,20230116,Hard,R128,2023,Jan Lennard Struff,Tommy Paul,167.0,35.0,0,0.4175,0,0.3465,0,0.4395,0
Australian Open,20230116,Hard,R128,2023,Christopher Oconnell,Jenson Brooksby,80.0,39.0,0,0.2756,0,0.2831,0,0.3025,0
Australian Open,20230116,Hard,R128,2023,Casper Ruud,Tomas Machac,3.0,110.0,1,0.879,1,0.8611,1,0.8782,1
Australian Open,20230116,Hard,R64,2023,Rafael Nadal,Mackenzie Mcdonald,2.0,65.0,0,0.7906,1,0.8022,1,0.8015,1
Australian Open,20230116,Hard,R64,2023,Yoshihito Nishioka,Dalibor Svrcina,33.0,216.0,1,0.8055,1,0.802,1,0.7766,1
Australian Open,20230116,Hard,R64,2023,Jason Kubler,Karen Khachanov,84.0,20.0,0,0.3428,0,0.412,0,0.4739,0
Australian Open,20230116,Hard,R64,2023,Frances Tiafoe,Juncheng Shang,17.0,194.0,1,0.8775,1,0.9099,1,0.9392,1
Australian Open,20230116,Hard,R64,2023,Hubert Hurkacz,Lorenzo Sonego,11.0,47.0,1,0.6944,1,0.7501,1,0.7446,1
Australian Open,20230116,Hard,R64,2023,Taro Daniel,Denis Shapovalov,94.0,22.0,0,0.2717,0,0.2751,0,0.257,0
Australian Open,20230116,Hard,R64,2023,Yosuke Watanuki,Sebastian Korda,138.0,31.0,0,0.1908,0,0.1684,0,0.1068,0
Australian Open,20230116,Hard,R64,2023,John Millman,Daniil Medvedev,140.0,8.0,0,0.1696,0,0.1714,0,0.1511,0
Australian Open,20230116,Hard,R64,2023,Stefanos Tsitsipas,Rinky Hijikata,4.0,169.0,1,0.93,1,0.9134,1,0.9509,1
Australian Open,20230116,Hard,R64,2023,Botic Van De Zandschulp,Tallon Griekspoor,34.0,63.0,0,0.5361,1,0.5786,1,0.5104,1
Australian Open,20230116,Hard,R64,2023,Marton Fucsovics,Lloyd Harris,78.0,186.0,1,0.5707,1,0.6114,1,0.6076,1
Australian Open,20230116,Hard,R64,2023,Tomas Martin Etcheverry,Jannik Sinner,79.0,16.0,0,0.2064,0,0.1506,0,0.1652,0
Australian Open,20230116,Hard,R64,2023,Constant Lestienne,Cameron Norrie,55.0,12.0,0,0.2957,0,0.2903,0,0.2324,0
Australian Open,20230116,Hard,R64,2023,Christopher Eubanks,Jiri Lehecka,116.0,71.0,0,0.4467,0,0.4088,0,0.4639,0
Australian Open,20230116,Hard,R64,2023,Corentin Moutet,Francisco Cerundolo,62.0,29.0,0,0.4668,0,0.4715,0,0.4487,0
Australian Open,20230116,Hard,R64,2023,Alex Molcan,Felix Auger Aliassime,53.0,7.0,0,0.1505,0,0.1671,0,0.1254,0
Australian Open,20230116,Hard,R64,2023,Andrey Rublev,Emil Ruusuvuori,6.0,46.0,1,0.7592,1,0.8136,1,0.8652,1
Australian Open,20230116,Hard,R64,2023,Jeremy Chardy,Daniel Evans,,30.0,0,0.4801,0,0.2356,0,0.1734,0
Australian Open,20230116,Hard,R64,2023,Denis Kudla,Ugo Humbert,108.0,106.0,0,0.4607,0,0.4389,0,0.4107,0
Australian Open,20230116,Hard,R64,2023,Maxime Cressy,Holger Rune,41.0,10.0,0,0.3049,0,0.239,0,0.2763,0
Australian Open,20230116,Hard,R64,2023,Pablo Carreno Busta,Benjamin Bonzi,15.0,48.0,0,0.5457,1,0.5945,1,0.6408,1
Australian Open,20230116,Hard,R64,2023,Adrian Mannarino,Alex De Minaur,45.0,24.0,0,0.3352,0,0.3117,0,0.2416,0
Australian Open,20230116,Hard,R64,2023,Grigor Dimitrov,Laslo Djere,28.0,68.0,1,0.5429,1,0.5471,1,0.5545,1
Australian Open,20230116,Hard,R64,2023,Novak Djokovic,Enzo Couacaud,5.0,191.0,1,0.9503,1,0.9652,1,0.9657,1
Australian Open,20230116,Hard,R64,2023,Taylor Fritz,Alexei Popyrin,9.0,113.0,0,0.8085,1,0.8249,1,0.8359,1
Australian Open,20230116,Hard,R64,2023,Nicolas Jarry,Ben Shelton,154.0,89.0,0,0.3183,0,0.3015,0,0.2619,0
Australian Open,20230116,Hard,R64,2023,Diego Schwartzman,J J Wolf,26.0,67.0,0,0.4072,0,0.4601,0,0.5309,1
Australian Open,20230116,Hard,R64,2023,Alexander Zverev,Michael Mmoh,13.0,107.0,0,0.6831,1,0.765,1,0.7897,1
Australian Open,20230116,Hard,R64,2023,Andy Murray,Thanasi Kokkinakis,66.0,159.0,1,0.4785,0,0.559,1,0.5871,1
Australian Open,20230116,Hard,R64,2023,Roberto Bautista Agut,Brandon Holt,25.0,215.0,1,0.7691,1,0.7879,1,0.7876,1
Australian Open,20230116,Hard,R64,2023,Tommy Paul,Alejandro Davidovich Fokina,35.0,32.0,1,0.5198,1,0.5234,1,0.4983,0
Australian Open,20230116,Hard,R64,2023,Casper Ruud,Jenson Brooksby,3.0,39.0,0,0.7453,1,0.6742,1,0.6959,1
Australian Open,20230116,Hard,R32,2023,Yoshihito Nishioka,Mackenzie Mcdonald,33.0,65.0,1,0.588,1,0.6209,1,0.6225,1
Australian Open,20230116,Hard,R32,2023,Karen Khachanov,Frances Tiafoe,20.0,17.0,1,0.4375,0,0.3832,0,0.375,0
Australian Open,20230116,Hard,R32,2023,Hubert Hurkacz,Denis Shapovalov,11.0,22.0,1,0.5885,1,0.607,1,0.5917,1
Australian Open,20230116,Hard,R32,2023,Daniil Medvedev,Sebastian Korda,8.0,31.0,0,0.6156,1,0.6297,1,0.5724,1
Australian Open,20230116,Hard,R32,2023,Stefanos Tsitsipas,Tallon Griekspoor,4.0,63.0,1,0.8403,1,0.8156,1,0.8277,1
Australian Open,20230116,Hard,R32,2023,Marton Fucsovics,Jannik Sinner,78.0,16.0,0,0.2052,0,0.2018,0,0.1848,0
Australian Open,20230116,Hard,R32,2023,Cameron Norrie,Jiri Lehecka,12.0,71.0,0,0.7073,1,0.7917,1,0.7791,1
Australian Open,20230116,Hard,R32,2023,Felix Auger Aliassime,Francisco Cerundolo,7.0,29.0,1,0.804,1,0.8063,1,0.821,1
Australian Open,20230116,Hard,R32,2023,Daniel Evans,Andrey Rublev,30.0,6.0,0,0.2417,0,0.2148,0,0.2241,0
Australian Open,20230116,Hard,R32,2023,Ugo Humbert,Holger Rune,106.0,10.0,0,0.2139,0,0.1764,0,0.1615,0
Australian Open,20230116,Hard,R32,2023,Benjamin Bonzi,Alex De Minaur,48.0,24.0,0,0.3877,0,0.3098,0,0.3441,0
Australian Open,20230116,Hard,R32,2023,Novak Djokovic,Grigor Dimitrov,5.0,28.0,1,0.8222,1,0.8593,1,0.8667,1
Australian Open,20230116,Hard,R32,2023,Alexei Popyrin,Ben Shelton,113.0,89.0,0,0.4258,0,0.3844,0,0.4307,0
Australian Open,20230116,Hard,R32,2023,Michael Mmoh,J J Wolf,107.0,67.0,0,0.4227,0,0.3518,0,0.402,0
Australian Open,20230116,Hard,R32,2023,Andy Murray,Roberto Bautista Agut,66.0,25.0,0,0.3313,0,0.3139,0,0.3455,0
Australian Open,20230116,Hard,R32,2023,Tommy Paul,Jenson Brooksby,35.0,39.0,1,0.4627,0,0.4701,0,0.4983,0
Australian Open,20230116,Hard,R16,2023,Yoshihito Nishioka,Karen Khachanov,33.0,20.0,0,0.419,0,0.4556,0,0.3269,0
Australian Open,20230116,Hard,R16,2023,Hubert Hurkacz,Sebastian Korda,11.0,31.0,0,0.5427,1,0.5237,1,0.4669,0
Australian Open,20230116,Hard,R16,2023,Stefanos Tsitsipas,Jannik Sinner,4.0,16.0,1,0.7035,1,0.6465,1,0.6451,1
Australian Open,20230116,Hard,R16,2023,Felix Auger Aliassime,Jiri Lehecka,7.0,71.0,0,0.7705,1,0.8083,1,0.815,1
Australian Open,20230116,Hard,R16,2023,Andrey Rublev,Holger Rune,6.0,10.0,1,0.5921,1,0.6346,1,0.6657,1
Australian Open,20230116,Hard,R16,2023,Novak Djokovic,Alex De Minaur,5.0,24.0,1,0.7605,1,0.8006,1,0.7912,1
Australian Open,20230116,Hard,R16,2023,J J Wolf,Ben Shelton,67.0,89.0,0,0.4911,0,0.5081,1,0.5375,1
Australian Open,20230116,Hard,R16,2023,Roberto Bautista Agut,Tommy Paul,25.0,35.0,0,0.5032,1,0.5346,1,0.5604,1
Australian Open,20230116,Hard,QF,2023,Karen Khachanov,Sebastian Korda,20.0,31.0,1,0.4823,0,0.4626,0,0.4535,0
Australian Open,20230116,Hard,QF,2023,Stefanos Tsitsipas,Jiri Lehecka,4.0,71.0,1,0.8447,1,0.829,1,0.862,1
Australian Open,20230116,Hard,QF,2023,Novak Djokovic,Andrey Rublev,5.0,6.0,1,0.656,1,0.6728,1,0.5911,1
Australian Open,20230116,Hard,QF,2023,Tommy Paul,Ben Shelton,35.0,89.0,1,0.5503,1,0.5986,1,0.5788,1
Australian Open,20230116,Hard,SF,2023,Karen Khachanov,Stefanos Tsitsipas,20.0,4.0,0,0.2375,0,0.2433,0,0.2218,0
Australian Open,20230116,Hard,SF,2023,Novak Djokovic,Tommy Paul,5.0,35.0,1,0.8055,1,0.833,1,0.8831,1
Australian Open,20230116,Hard,F,2023,Novak Djokovic,Stefanos Tsitsipas,5.0,4.0,1,0.4831,0,0.4882,0,0.4544,0
Davis Cup WG2 PO: BOL vs GEO,20230202,,RR,2023,Aleksandre Bakshi,Juan Carlos Prado Angelo,704.0,831.0,1,0.5295,1,0.5768,1,0.5335,1
Davis Cup WG2 PO: BOL vs GEO,20230202,,RR,2023,Zura Tkemaladze,Raul Garcia,681.0,,1,0.6957,1,0.7397,1,0.7381,1
Davis Cup WG2 PO: BOL vs GEO,20230202,,RR,2023,Saba Purtseladze,Juan Carlos Prado Angelo,551.0,831.0,1,0.6442,1,0.6972,1,0.6713,1
Davis Cup QLS R1: FRA vs HUN,20230203,Hard,RR,2023,Benjamin Bonzi,Zsombor Piros,45.0,182.0,0,0.7271,1,0.7298,1,0.7731,1
Davis Cup QLS R1: FRA vs HUN,20230203,Hard,RR,2023,Marton Fucsovics,Ugo Humbert,71.0,86.0,0,0.548,1,0.5883,1,0.5652,1
Davis Cup QLS R1: FRA vs HUN,20230203,Hard,RR,2023,Adrian Mannarino,Marton Fucsovics,58.0,71.0,1,0.448,0,0.4639,0,0.4247,0
Davis Cup QLS R1: FRA vs HUN,20230203,Hard,RR,2023,Ugo Humbert,Fabian Marozsan,86.0,161.0,1,0.7147,1,0.6631,1,0.6836,1
Davis Cup QLS R1: GBR vs COL,20230203,Clay,RR,2023,Daniel Evans,Nicolas Mejia,30.0,253.0,0,0.5664,1,0.6644,1,0.4997,0
Davis Cup QLS R1: GBR vs COL,20230203,Clay,RR,2023,Nicolas Barrientos,Cameron Norrie,510.0,11.0,0,0.1074,0,0.2431,0,0.1722,0
Davis Cup QLS R1: GBR vs COL,20230203,Clay,RR,2023,Cameron Norrie,Nicolas Mejia,11.0,253.0,1,0.7952,1,0.8369,1,0.8936,1
Davis Cup QLS R1: GER vs SUI,20230203,Hard,RR,2023,Oscar Otte,Marc Andrea Huesler,80.0,53.0,0,0.3517,0,0.328,0,0.2986,0
Davis Cup QLS R1: GER vs SUI,20230203,Hard,RR,2023,Alexander Zverev,Stan Wawrinka,14.0,135.0,1,0.7579,1,0.7485,1,0.807,1
Davis Cup QLS R1: GER vs SUI,20230203,Hard,RR,2023,Alexander Zverev,Marc Andrea Huesler,14.0,53.0,0,0.5582,1,0.6129,1,0.5985,1
Davis Cup QLS R1: GER vs SUI,20230203,Hard,RR,2023,Stan Wawrinka,Daniel Altmaier,135.0,91.0,1,0.5311,1,0.5007,1,0.4549,0
Davis Cup QLS R1: SRB vs NOR,20230203,Hard,RR,2023,Miomir Kecmanovic,Andreja Petrovic,34.0,1265.0,1,0.9753,1,0.884,1,0.9607,1
Davis Cup QLS R1: SRB vs NOR,20230203,Hard,RR,2023,Laslo Djere,Viktor Durasovic,65.0,362.0,1,0.7819,1,0.7621,1,0.741,1
Davis Cup QLS R1: SRB vs NOR,20230203,Hard,RR,2023,Viktor Durasovic,Hamad Medjedovic,362.0,258.0,0,0.4906,0,0.5271,1,0.5516,1
Davis Cup QLS R1: SWE vs BIH,20230203,Hard,RR,2023,Mirza Basic,Mikael Ymer,394.0,60.0,0,0.1616,0,0.2475,0,0.207,0
Davis Cup QLS R1: SWE vs BIH,20230203,Hard,RR,2023,Damir Dzumhur,Elias Ymer,197.0,120.0,0,0.2875,0,0.3062,0,0.3297,0
Davis Cup QLS R1: SWE vs BIH,20230203,Hard,RR,2023,Damir Dzumhur,Mikael Ymer,197.0,60.0,0,0.212,0,0.2425,0,0.2627,0
Davis Cup QLS R1: USA vs UZB,20230203,Hard,RR,2023,Mackenzie Mcdonald,Sergey Fomin,63.0,366.0,1,0.7418,1,0.7293,1,0.7363,1
Davis Cup QLS R1: USA vs UZB,20230203,Hard,RR,2023,Tommy Paul,Khumoun Sultanov,19.0,480.0,1,0.9284,1,0.9075,1,0.9407,1
Davis Cup QLS R1: USA vs UZB,20230203,Hard,RR,2023,Denis Kudla,Amir Milushev,93.0,,1,0.7926,1,0.8652,1,0.8917,1
Davis Cup WG1 PO: BRA vs CHN,20230203,,RR,2023,Rigele Te,Matheus Pucinelli De Almeida,568.0,212.0,0,0.3364,0,0.3436,0,0.2594,0
Davis Cup WG1 PO: BRA vs CHN,20230203,,RR,2023,Thiago Monteiro,Jie Cui,78.0,913.0,1,0.8651,1,0.8627,1,0.9246,1
Davis Cup WG1 PO: BRA vs CHN,20230203,,RR,2023,Rigele Te,Gustavo Heide,568.0,414.0,0,0.4368,0,0.4074,0,0.4238,0
Davis Cup WG1 PO: IND vs DEN,20230203,Hard,RR,2023,Yuki Bhambri,Holger Rune,571.0,9.0,0,0.044,0,0.1731,0,0.075,0
Davis Cup WG1 PO: IND vs DEN,20230203,Hard,RR,2023,Sumit Nagal,August Holmgren,506.0,484.0,1,0.6233,1,0.5678,1,0.5568,1
Davis Cup WG1 PO: IND vs DEN,20230203,Hard,RR,2023,Sumit Nagal,Holger Rune,506.0,9.0,0,0.0805,0,0.2141,0,0.1569,0
Davis Cup WG1 PO: IND vs DEN,20230203,Hard,RR,2023,Prajnesh Gunneswaran,Elmer Moller,342.0,718.0,1,0.5334,1,0.6624,1,0.7932,1
Davis Cup WG1 PO: PAK vs LTU,20230203,,RR,2023,Ricardas Berankis,Muhammad Shoaib,193.0,,1,0.6696,1,0.7511,1,0.8412,1
Davis Cup WG1 PO: PAK vs LTU,20230203,,RR,2023,Aqeel Khan,Edas Butvilas,,784.0,0,0.6167,1,0.7478,1,0.771,1
Davis Cup WG1 PO: PAK vs LTU,20230203,,RR,2023,Mahammad Abid,Vilius Gaubas,,760.0,0,0.6619,1,0.7341,1,0.677,1
Davis Cup WG1 PO: PER vs IRL,20230203,,RR,2023,Simon Carr,Gonzalo Bueno,738.0,544.0,0,0.432,0,0.438,0,0.5268,1
Davis Cup WG1 PO: PER vs IRL,20230203,,RR,2023,Osgar Ohoisin,Arklon Huertas Del Pino,771.0,491.0,0,0.4173,0,0.419,0,0.4574,0
Davis Cup WG1 PO: PER vs IRL,20230203,,RR,2023,Conner Huertas Del Pino,Michael Agwi,586.0,1218.0,1,0.7534,1,0.7348,1,0.7563,1
Davis Cup WG1 PO: ROU vs THA,20230203,,RR,2023,Nicholas David Ionel,Yuttana Charoenphon,225.0,976.0,0,0.848,1,0.7915,1,0.868,1
Davis Cup WG1 PO: ROU vs THA,20230203,,RR,2023,Filip Cristian Jianu,Kasidit Samrej,267.0,605.0,1,0.628,1,0.663,1,0.5307,1
Davis Cup WG1 PO: ROU vs THA,20230203,,RR,2023,Nicholas David Ionel,Kasidit Samrej,225.0,605.0,1,0.7259,1,0.743,1,0.8515,1
Davis Cup WG1 PO: ROU vs THA,20230203,,RR,2023,Filip Cristian Jianu,Yuttana Charoenphon,267.0,976.0,1,0.7994,1,0.7382,1,0.8325,1
Davis Cup WG1 PO: TUR vs SLO,20230203,,RR,2023,Altug Celikbilek,Sebastian Dominko,205.0,937.0,1,0.7879,1,0.7135,1,0.541,1
Davis Cup WG1 PO: TUR vs SLO,20230203,,RR,2023,Cem Ilkel,Bor Artnak,304.0,678.0,1,0.6322,1,0.6876,1,0.7313,1
Davis Cup WG1 PO: TUR vs SLO,20230203,,RR,2023,Ergi Kirkin,Matic Kriznik,378.0,,1,0.6469,1,0.5414,1,0.6195,1
Davis Cup WG1 PO: UKR vs LBN,20230203,,RR,2023,Hady Habib,Vladyslav Orlov,451.0,385.0,0,0.5173,1,0.4559,0,0.4661,0
Davis Cup WG1 PO: UKR vs LBN,20230203,,RR,2023,Benjamin Hassan,Viacheslav Bielinskyi,324.0,622.0,0,0.8224,1,0.6815,1,0.768,1
Davis Cup WG1 PO: UKR vs LBN,20230203,,RR,2023,Benjamin Hassan,Oleksandr Ovcharenko,324.0,379.0,1,0.5214,1,0.5589,1,0.4324,0
Davis Cup WG2 PO: BAR vs POC,20230203,,RR,2023,Darian King,Clement Mainguy,765.0,,1,0.6879,1,0.8007,1,0.8424,1
Davis Cup WG2 PO: BAR vs POC,20230203,,RR,2023,Colin Sinclair,Kaipo Marshall,461.0,,1,0.6711,1,0.6444,1,0.6472,1
Davis Cup WG2 PO: BAR vs POC,20230203,,RR,2023,Darian King,Colin Sinclair,765.0,461.0,1,0.379,0,0.3534,0,0.288,0
Davis Cup WG2 PO: BAR vs POC,20230203,,RR,2023,Kaipo Marshall,Clement Mainguy,,,1,0.699,1,0.7425,1,0.7254,1
Davis Cup WG2 PO: EGY vs PAR,20230203,,RR,2023,Hernando Jose Escurra Isnardi,Amr Elsayed Abdou Ahmed Mohamed,1329.0,574.0,0,0.1725,0,0.3384,0,0.4351,0
Davis Cup WG2 PO: EGY vs PAR,20230203,,RR,2023,Mohamed Safwat,Daniel Vallejo,666.0,,0,0.7423,1,0.854,1,0.896,1
Davis Cup WG2 PO: EGY vs PAR,20230203,,RR,2023,Daniel Vallejo,Amr Elsayed Abdou Ahmed Mohamed,,574.0,1,0.6282,1,0.5214,1,0.4778,0
Davis Cup WG2 PO: EGY vs PAR,20230203,,RR,2023,Mohamed Safwat,Juan Borba,666.0,,1,0.7011,1,0.8129,1,0.8105,1
Davis Cup WG2 PO: ESA vs JOR,20230203,,RR,2023,Marcelo Arevalo,Karam Hatamleh,,,1,0.6897,1,0.8004,1,0.8517,1
Davis Cup WG2 PO: ESA vs JOR,20230203,,RR,2023,Mousa Alkotop,Diego Duran,1594.0,,1,0.0077,0,0.7379,1,0.717,1
Davis Cup WG2 PO: ESA vs JOR,20230203,,RR,2023,Marcelo Arevalo,Mousa Alkotop,,1594.0,1,0.6993,1,0.8079,1,0.8479,1
Davis Cup WG2 PO: TUN vs CYP,20230203,,RR,2023,Skander Mansouri,Petros Chrysochos,279.0,990.0,0,0.8126,1,0.7619,1,0.8195,1
Davis Cup WG2 PO: TUN vs CYP,20230203,,RR,2023,Moez Echargui,Menelaos Efstathiou,364.0,894.0,1,0.7203,1,0.7125,1,0.768,1
Davis Cup WG2 PO: TUN vs CYP,20230203,,RR,2023,Aziz Dougaz,Menelaos Efstathiou,285.0,894.0,0,0.782,1,0.7497,1,0.746,1
Davis Cup WG2 PO: TUN vs CYP,20230203,,RR,2023,Petros Chrysochos,Moez Echargui,990.0,364.0,0,0.2615,0,0.3785,0,0.2414,0
Davis Cup QLS R1: ARG vs FIN,20230204,Hard,RR,2023,Pedro Cachin,Emil Ruusuvuori,68.0,43.0,0,0.3838,0,0.3377,0,0.3618,0
Davis Cup QLS R1: ARG vs FIN,20230204,Hard,RR,2023,Francisco Cerundolo,Otto Virtanen,31.0,181.0,1,0.695,1,0.7281,1,0.7406,1
Davis Cup QLS R1: ARG vs FIN,20230204,Hard,RR,2023,Facundo Bagnis,Emil Ruusuvuori,88.0,43.0,0,0.3243,0,0.3093,0,0.3326,0
Davis Cup QLS R1: BEL vs KOR,20230204,Hard,RR,2023,Soon Woo Kwon,Zizou Bergs,61.0,115.0,0,0.7178,1,0.7107,1,0.6829,1
Davis Cup QLS R1: BEL vs KOR,20230204,Hard,RR,2023,David Goffin,Seong Chan Hong,41.0,237.0,1,0.762,1,0.7556,1,0.7429,1
Davis Cup QLS R1: BEL vs KOR,20230204,Hard,RR,2023,David Goffin,Soon Woo Kwon,41.0,61.0,0,0.4087,0,0.4094,0,0.3675,0
Davis Cup QLS R1: BEL vs KOR,20230204,Hard,RR,2023,Seong Chan Hong,Zizou Bergs,237.0,115.0,1,0.366,0,0.3698,0,0.3908,0
Davis Cup QLS R1: CRO vs AUT,20230204,Hard,RR,2023,Borna Coric,Dennis Novak,23.0,144.0,1,0.8029,1,0.7873,1,0.7631,1
Davis Cup QLS R1: CRO vs AUT,20230204,Hard,RR,2023,Dominic Thiem,Borna Gojo,99.0,121.0,0,0.348,0,0.4612,0,0.4694,0
Davis Cup QLS R1: CRO vs AUT,20230204,Hard,RR,2023,Dominic Thiem,Borna Coric,99.0,23.0,0,0.2939,0,0.3017,0,0.357,0
Davis Cup QLS R1: CZE vs POR,20230204,Clay,RR,2023,Nuno Borges,Jiri Lehecka,105.0,39.0,0,0.3304,0,0.3251,0,0.2806,0
Davis Cup QLS R1: CZE vs POR,20230204,Clay,RR,2023,Joao Sousa,Tomas Machac,84.0,122.0,0,0.5833,1,0.5963,1,0.5916,1
Davis Cup QLS R1: CZE vs POR,20230204,Clay,RR,2023,Joao Sousa,Jiri Lehecka,84.0,39.0,0,0.3374,0,0.3902,0,0.2984,0
Davis Cup QLS R1: KAZ vs CHI,20230204,Clay,RR,2023,Cristian Garin,Timofey Skatov,102.0,129.0,0,0.5699,1,0.6687,1,0.7368,1
Davis Cup QLS R1: KAZ vs CHI,20230204,Clay,RR,2023,Nicolas Jarry,Alexander Bublik,126.0,36.0,1,0.5259,1,0.4512,0,0.4731,0
Davis Cup QLS R1: KAZ vs CHI,20230204,Clay,RR,2023,Cristian Garin,Alexander Bublik,102.0,36.0,1,0.4509,0,0.4325,0,0.3888,0
Davis Cup QLS R1: NED vs SVK,20230204,Hard,RR,2023,Lukas Klein,Tallon Griekspoor,143.0,59.0,0,0.2286,0,0.2617,0,0.2918,0
Davis Cup QLS R1: NED vs SVK,20230204,Hard,RR,2023,Tim Van Rijthoven,Alex Molcan,107.0,55.0,1,0.5021,1,0.4669,0,0.5025,1
Davis Cup QLS R1: NED vs SVK,20230204,Hard,RR,2023,Matwe Middelkoop,Jozef Kovalik,,134.0,1,0.6137,1,0.469,0,0.4736,0
Davis Cup WG1 PO: ISR vs LAT,20230204,,RR,2023,Edan Leshem,Karlis Ozolins,359.0,1215.0,0,0.8185,1,0.6974,1,0.8215,1
Davis Cup WG1 PO: ISR vs LAT,20230204,,RR,2023,Ernests Gulbis,Daniel Cukierman,289.0,367.0,1,0.5633,1,0.5872,1,0.5066,1
Davis Cup WG1 PO: ISR vs LAT,20230204,,RR,2023,Yshai Oliel,Robert Strombachs,476.0,486.0,1,0.477,0,0.5223,1,0.6166,1
Davis Cup WG1 PO: ISR vs LAT,20230204,,RR,2023,Daniel Cukierman,Karlis Ozolins,367.0,1215.0,1,0.849,1,0.7989,1,0.9197,1
Davis Cup WG2 PO: EST vs JAM,20230204,,RR,2023,Kristjan Tamm,Rowland Phillips,663.0,1387.0,0,0.84,1,0.7737,1,0.8859,1
Davis Cup WG2 PO: EST vs JAM,20230204,,RR,2023,Kenneth Raisma,Blaise Bicknell,1640.0,769.0,0,0.1422,0,0.3537,0,0.4731,0
Davis Cup WG2 PO: EST vs JAM,20230204,,RR,2023,Kristjan Tamm,Blaise Bicknell,663.0,769.0,0,0.5165,1,0.5842,1,0.5041,1
Davis Cup WG2 PO: EST vs JAM,20230204,,RR,2023,Johannes Seeman,Jacob Bicknell,,,1,0.7059,1,0.753,1,0.7502,1
Davis Cup WG2 PO: INA vs VIE,20230204,,RR,2023,Minhtuan Pham,Fitriadi M Rifqi,1578.0,1132.0,0,0.3189,0,0.296,0,0.2693,0
Davis Cup WG2 PO: INA vs VIE,20230204,,RR,2023,Nam Hoang Ly,Anthony Susanto,243.0,1717.0,1,0.9597,1,0.831,1,0.926,1
Davis Cup WG2 PO: INA vs VIE,20230204,,RR,2023,Nam Hoang Ly,Fitriadi M Rifqi,243.0,1132.0,1,0.8573,1,0.796,1,0.9014,1
Davis Cup WG2 PO: INA vs VIE,20230204,,RR,2023,Christopher Rungkat,Dac Tien Nguyen,,1859.0,1,0.6681,1,0.7343,1,0.7327,1
Davis Cup WG2 PO: RSA vs LUX,20230204,,RR,2023,Alex Knaff,Alec Beckley,608.0,687.0,1,0.5566,1,0.5756,1,0.5328,1
Davis Cup WG2 PO: RSA vs LUX,20230204,,RR,2023,Kris Van Wyk,Chris Rodesch,516.0,724.0,0,0.5651,1,0.5773,1,0.3983,0
Davis Cup WG2 PO: RSA vs LUX,20230204,,RR,2023,Kris Van Wyk,Alex Knaff,516.0,608.0,0,0.534,1,0.5765,1,0.4659,0
Davis Cup WG2 PO: RSA vs LUX,20230204,,RR,2023,Raphael Calzi,Devin Badenhorst,,1717.0,1,0.6761,1,0.7436,1,0.7242,1
Montpellier,20230206,Hard,R32,2023,Marton Fucsovics,Geoffrey Blancaneaux,69.0,151.0,1,0.7229,1,0.7124,1,0.6725,1
Montpellier,20230206,Hard,R32,2023,Filip Krajinovic,Aslan Karatsev,71.0,95.0,1,0.5266,1,0.559,1,0.5424,1
Montpellier,20230206,Hard,R32,2023,Benjamin Bonzi,Lorenzo Sonego,42.0,56.0,0,0.5659,1,0.5803,1,0.5837,1
Montpellier,20230206,Hard,R32,2023,Richard Gasquet,Arthur Fils,45.0,163.0,0,0.749,1,0.7436,1,0.6486,1
Montpellier,20230206,Hard,R32,2023,Quentin Halys,Clement Chidekh,70.0,434.0,1,0.8279,1,0.8481,1,0.832,1
Montpellier,20230206,Hard,R32,2023,Ugo Humbert,Alejandro Davidovich Fokina,85.0,32.0,0,0.4526,0,0.4222,0,0.504,1
Montpellier,20230206,Hard,R32,2023,Mikael Ymer,Emil Ruusuvuori,73.0,53.0,0,0.4884,0,0.4998,0,0.5026,1
Montpellier,20230206,Hard,R32,2023,Antoine Bellier,Maxime Cressy,190.0,51.0,0,0.3823,0,0.3181,0,0.2326,0
Montpellier,20230206,Hard,R32,2023,Arthur Rinderknech,Luca Nardi,68.0,164.0,1,0.6606,1,0.6843,1,0.6605,1
Montpellier,20230206,Hard,R32,2023,Gregoire Barrere,Alexander Bublik,75.0,50.0,1,0.463,0,0.4542,0,0.4668,0
Montpellier,20230206,Hard,R32,2023,Nikoloz Basilashvili,Constant Lestienne,87.0,48.0,1,0.3299,0,0.3173,0,0.3485,0
Montpellier,20230206,Hard,R32,2023,Marc Andrea Huesler,Luca Van Assche,49.0,145.0,1,0.785,1,0.7438,1,0.6904,1
Montpellier,20230206,Hard,R16,2023,Marton Fucsovics,Jannik Sinner,69.0,17.0,0,0.2613,0,0.2231,0,0.2885,0
Montpellier,20230206,Hard,R16,2023,Filip Krajinovic,Lorenzo Sonego,71.0,56.0,0,0.4936,0,0.5024,1,0.5395,1
Montpellier,20230206,Hard,R16,2023,Roberto Bautista Agut,Arthur Fils,24.0,163.0,0,0.8014,1,0.833,1,0.8097,1
Montpellier,20230206,Hard,R16,2023,Quentin Halys,Alejandro Davidovich Fokina,70.0,32.0,1,0.4042,0,0.3441,0,0.3582,0
Montpellier,20230206,Hard,R16,2023,Emil Ruusuvuori,Maxime Cressy,53.0,51.0,0,0.5515,1,0.5503,1,0.5112,1
Montpellier,20230206,Hard,R16,2023,Borna Coric,Arthur Rinderknech,23.0,68.0,1,0.6585,1,0.6833,1,0.6533,1
Montpellier,20230206,Hard,R16,2023,Nikoloz Basilashvili,Gregoire Barrere,87.0,75.0,0,0.4172,0,0.3852,0,0.3687,0
Montpellier,20230206,Hard,R16,2023,Marc Andrea Huesler,Holger Rune,49.0,9.0,0,0.3101,0,0.2933,0,0.3018,0
Montpellier,20230206,Hard,QF,2023,Lorenzo Sonego,Jannik Sinner,56.0,17.0,0,0.2592,0,0.178,0,0.1808,0
Montpellier,20230206,Hard,QF,2023,Quentin Halys,Arthur Fils,70.0,163.0,0,0.6893,1,0.6971,1,0.669,1
Montpellier,20230206,Hard,QF,2023,Borna Coric,Maxime Cressy,23.0,51.0,0,0.6622,1,0.7138,1,0.7911,1
Montpellier,20230206,Hard,QF,2023,Gregoire Barrere,Holger Rune,75.0,9.0,0,0.1913,0,0.1754,0,0.2107,0
Montpellier,20230206,Hard,SF,2023,Jannik Sinner,Arthur Fils,17.0,163.0,1,0.868,1,0.8881,1,0.8994,1
Montpellier,20230206,Hard,SF,2023,Maxime Cressy,Holger Rune,51.0,9.0,1,0.2298,0,0.2107,0,0.2015,0
Montpellier,20230206,Hard,F,2023,Maxime Cressy,Jannik Sinner,51.0,17.0,0,0.2811,0,0.1927,0,0.179,0
Dallas,20230206,Hard,R32,2023,Fernando Verdasco,Mackenzie Mcdonald,118.0,59.0,0,0.2617,0,0.2735,0,0.1862,0
Dallas,20230206,Hard,R32,2023,Radu Albot,Liam Krall,123.0,,1,0.713,1,0.7656,1,0.7915,1
Dallas,20230206,Hard,R32,2023,Brandon Holt,J J Wolf,195.0,43.0,0,0.3333,0,0.3169,0,0.3441,0
Dallas,20230206,Hard,R32,2023,Emilio Gomez,Gabriel Diallo,102.0,211.0,1,0.5823,1,0.5957,1,0.4878,0
Dallas,20230206,Hard,R32,2023,Daniel Altmaier,Zachary Svajda,99.0,265.0,1,0.6327,1,0.623,1,0.6433,1
Dallas,20230206,Hard,R32,2023,John Isner,Chun Hsin Tseng,39.0,108.0,1,0.6367,1,0.6297,1,0.5877,1
Dallas,20230206,Hard,R32,2023,Adrian Mannarino,Steve Johnson,63.0,120.0,1,0.6295,1,0.6172,1,0.5915,1
Dallas,20230206,Hard,R32,2023,Denis Kudla,Jordan Thompson,92.0,84.0,0,0.5556,1,0.4923,0,0.5311,1
Dallas,20230206,Hard,R32,2023,Michael Mmoh,Yibing Wu,86.0,97.0,0,0.5898,1,0.5502,1,0.5997,1
Dallas,20230206,Hard,R32,2023,Marcos Giron,Alex Rybakov,55.0,378.0,1,0.8327,1,0.8379,1,0.8547,1
Dallas,20230206,Hard,R32,2023,Oscar Otte,Christopher Eubanks,80.0,104.0,1,0.4182,0,0.4414,0,0.4729,0
Dallas,20230206,Hard,R32,2023,Jack Sock,Ilya Ivashka,141.0,74.0,1,0.3852,0,0.358,0,0.2952,0
Dallas,20230206,Hard,R16,2023,Mackenzie Mcdonald,Frances Tiafoe,59.0,14.0,0,0.2958,0,0.2704,0,0.2725,0
Dallas,20230206,Hard,R16,2023,Radu Albot,J J Wolf,123.0,43.0,0,0.282,0,0.3135,0,0.3031,0
Dallas,20230206,Hard,R16,2023,Emilio Gomez,Miomir Kecmanovic,102.0,33.0,1,0.2654,0,0.2363,0,0.205,0
Dallas,20230206,Hard,R16,2023,John Isner,Daniel Altmaier,39.0,99.0,1,0.6632,1,0.646,1,0.6736,1
Dallas,20230206,Hard,R16,2023,Adrian Mannarino,Jordan Thompson,63.0,84.0,1,0.583,1,0.6079,1,0.5778,1
Dallas,20230206,Hard,R16,2023,Denis Shapovalov,Yibing Wu,27.0,97.0,0,0.6993,1,0.6789,1,0.8221,1
Dallas,20230206,Hard,R16,2023,Oscar Otte,Marcos Giron,80.0,55.0,0,0.4182,0,0.3787,0,0.4217,0
Dallas,20230206,Hard,R16,2023,Jack Sock,Taylor Fritz,141.0,8.0,0,0.1306,0,0.0763,0,0.0603,0
Dallas,20230206,Hard,QF,2023,Frances Tiafoe,J J Wolf,14.0,43.0,0,0.6584,1,0.6703,1,0.692,1
Dallas,20230206,Hard,QF,2023,John Isner,Emilio Gomez,39.0,102.0,1,0.6442,1,0.6621,1,0.6614,1
Dallas,20230206,Hard,QF,2023,Adrian Mannarino,Yibing Wu,63.0,97.0,0,0.5525,1,0.5247,1,0.5049,1
Dallas,20230206,Hard,QF,2023,Marcos Giron,Taylor Fritz,55.0,8.0,0,0.2191,0,0.1873,0,0.1465,0
Dallas,20230206,Hard,SF,2023,John Isner,J J Wolf,39.0,43.0,1,0.4057,0,0.4688,0,0.475,0
Dallas,20230206,Hard,SF,2023,Taylor Fritz,Yibing Wu,8.0,97.0,0,0.8243,1,0.8436,1,0.883,1
Dallas,20230206,Hard,F,2023,John Isner,Yibing Wu,39.0,97.0,0,0.5557,1,0.5681,1,0.6174,1
Cordoba,20230206,Clay,R32,2023,Federico Delbonis,Alejandro Tabilo,131.0,146.0,1,0.4577,0,0.4397,0,0.4154,0
Cordoba,20230206,Clay,R32,2023,Facundo Bagnis,Marco Cecchinato,88.0,93.0,0,0.4192,0,0.4671,0,0.5086,1
Cordoba,20230206,Clay,R32,2023,Federico Coria,Thiago Monteiro,67.0,78.0,1,0.4781,0,0.4733,0,0.4593,0
Cordoba,20230206,Clay,R32,2023,Dusan Lajovic,Juan Pablo Varillas,89.0,98.0,1,0.45,0,0.4358,0,0.4315,0
Cordoba,20230206,Clay,R32,2023,Joao Sousa,Tomas Martin Etcheverry,162.0,81.0,1,0.4219,0,0.4238,0,0.6633,1
Cordoba,20230206,Clay,R32,2023,Cristian Garin,Pedro Martinez,103.0,72.0,1,0.4352,0,0.3818,0,0.3933,0
Cordoba,20230206,Clay,R32,2023,Roberto Carballes Baena,Bernabe Zapata Miralles,77.0,76.0,0,0.5217,1,0.516,1,0.5435,1
Cordoba,20230206,Clay,R32,2023,Daniel Elahi Galan,Tomas Barrios Vera,83.0,212.0,0,0.7017,1,0.6895,1,0.6738,1
Cordoba,20230206,Clay,R32,2023,Hugo Gaston,Luciano Darderi,101.0,200.0,0,0.6695,1,0.6017,1,0.5399,1
Cordoba,20230206,Clay,R32,2023,Hugo Dellien,Pedro Cachin,138.0,66.0,1,0.4229,0,0.4127,0,0.38,0
Cordoba,20230206,Clay,R32,2023,Guido Pella,Andrea Vavassori,1018.0,221.0,1,0.1486,0,0.3369,0,0.4061,0
Cordoba,20230206,Clay,R32,2023,Pablo Andujar,Juan Manuel Cerundolo,153.0,114.0,0,0.501,1,0.4725,0,0.4602,0
Cordoba,20230206,Clay,R16,2023,Federico Delbonis,Francisco Cerundolo,131.0,31.0,0,0.251,0,0.2277,0,0.2159,0
Cordoba,20230206,Clay,R16,2023,Federico Coria,Marco Cecchinato,67.0,93.0,1,0.4759,0,0.5314,1,0.525,1
Cordoba,20230206,Clay,R16,2023,Albert Ramos,Dusan Lajovic,54.0,89.0,1,0.563,1,0.5953,1,0.6129,1
Cordoba,20230206,Clay,R16,2023,Joao Sousa,Cristian Garin,162.0,103.0,1,0.3705,0,0.3398,0,0.3136,0
Cordoba,20230206,Clay,R16,2023,Bernabe Zapata Miralles,Tomas Barrios Vera,76.0,212.0,0,0.7097,1,0.6843,1,0.7178,1
Cordoba,20230206,Clay,R16,2023,Sebastian Baez,Luciano Darderi,47.0,200.0,1,0.7447,1,0.7305,1,0.7171,1
Cordoba,20230206,Clay,R16,2023,Guido Pella,Hugo Dellien,1018.0,138.0,0,0.0942,0,0.2651,0,0.3066,0
Cordoba,20230206,Clay,R16,2023,Diego Schwartzman,Juan Manuel Cerundolo,28.0,114.0,0,0.7307,1,0.7226,1,0.7819,1
Cordoba,20230206,Clay,QF,2023,Federico Coria,Francisco Cerundolo,67.0,31.0,1,0.3116,0,0.3259,0,0.3075,0
Cordoba,20230206,Clay,QF,2023,Albert Ramos,Joao Sousa,54.0,162.0,1,0.6053,1,0.5968,1,0.5727,1
Cordoba,20230206,Clay,QF,2023,Tomas Barrios Vera,Sebastian Baez,212.0,47.0,0,0.2571,0,0.2965,0,0.4152,0
Cordoba,20230206,Clay,QF,2023,Hugo Dellien,Juan Manuel Cerundolo,138.0,114.0,1,0.5297,1,0.5242,1,0.5751,1
Cordoba,20230206,Clay,SF,2023,Albert Ramos,Federico Coria,54.0,67.0,0,0.5013,1,0.4983,0,0.5191,1
Cordoba,20230206,Clay,SF,2023,Hugo Dellien,Sebastian Baez,138.0,47.0,0,0.351,0,0.3125,0,0.3699,0
Cordoba,20230206,Clay,F,2023,Federico Coria,Sebastian Baez,67.0,47.0,0,0.4474,0,0.4463,0,0.3846,0
Rotterdam,20230213,Hard,R32,2023,Andrey Rublev,Alex De Minaur,5.0,25.0,0,0.6617,1,0.5869,1,0.6238,1
Rotterdam,20230213,Hard,R32,2023,Tim Van Rijthoven,Maxime Cressy,110.0,40.0,0,0.4092,0,0.4375,0,0.5474,1
Rotterdam,20230213,Hard,R32,2023,Grigor Dimitrov,Aslan Karatsev,28.0,98.0,1,0.6497,1,0.702,1,0.7287,1
Rotterdam,20230213,Hard,R32,2023,Roberto Bautista Agut,Hubert Hurkacz,24.0,10.0,0,0.3521,0,0.41,0,0.4155,0
Rotterdam,20230213,Hard,R32,2023,Lorenzo Sonego,Felix Auger Aliassime,60.0,8.0,0,0.235,0,0.1974,0,0.2073,0
Rotterdam,20230213,Hard,R32,2023,David Goffin,Gregoire Barrere,41.0,71.0,0,0.4746,0,0.476,0,0.4889,0
Rotterdam,20230213,Hard,R32,2023,Quentin Halys,Botic Van De Zandschulp,62.0,35.0,0,0.4131,0,0.362,0,0.4503,0
Rotterdam,20230213,Hard,R32,2023,Daniil Medvedev,Alejandro Davidovich Fokina,11.0,31.0,1,0.6883,1,0.7218,1,0.6964,1
Rotterdam,20230213,Hard,R32,2023,Alexander Zverev,Soon Woo Kwon,17.0,63.0,1,0.5935,1,0.6093,1,0.515,1
Rotterdam,20230213,Hard,R32,2023,Tallon Griekspoor,Mikael Ymer,61.0,72.0,1,0.5357,1,0.5043,1,0.5673,1
Rotterdam,20230213,Hard,R32,2023,Gijs Brouwer,Marc Andrea Huesler,160.0,47.0,1,0.2982,0,0.3225,0,0.2567,0
Rotterdam,20230213,Hard,R32,2023,Constant Lestienne,Holger Rune,54.0,9.0,0,0.2366,0,0.2721,0,0.3234,0
Rotterdam,20230213,Hard,R32,2023,Richard Gasquet,Pablo Carreno Busta,45.0,16.0,1,0.41,0,0.4595,0,0.4461,0
Rotterdam,20230213,Hard,R32,2023,Stan Wawrinka,Alexander Bublik,130.0,50.0,1,0.3875,0,0.4317,0,0.4131,0
Rotterdam,20230213,Hard,R32,2023,Benjamin Bonzi,Jannik Sinner,48.0,14.0,0,0.2667,0,0.2064,0,0.1871,0
Rotterdam,20230213,Hard,R32,2023,Stefanos Tsitsipas,Emil Ruusuvuori,3.0,52.0,1,0.8567,1,0.8363,1,0.8432,1
Rotterdam,20230213,Hard,R16,2023,Alex De Minaur,Maxime Cressy,25.0,40.0,1,0.5803,1,0.645,1,0.6217,1
Rotterdam,20230213,Hard,R16,2023,Grigor Dimitrov,Hubert Hurkacz,28.0,10.0,1,0.3313,0,0.2993,0,0.3339,0
Rotterdam,20230213,Hard,R16,2023,Gregoire Barrere,Felix Auger Aliassime,71.0,8.0,0,0.2313,0,0.2234,0,0.2185,0
Rotterdam,20230213,Hard,R16,2023,Daniil Medvedev,Botic Van De Zandschulp,11.0,35.0,1,0.671,1,0.6663,1,0.6179,1
Rotterdam,20230213,Hard,R16,2023,Alexander Zverev,Tallon Griekspoor,17.0,61.0,0,0.5709,1,0.6435,1,0.7228,1
Rotterdam,20230213,Hard,R16,2023,Gijs Brouwer,Holger Rune,160.0,9.0,1,0.1553,0,0.2352,0,0.2802,0
Rotterdam,20230213,Hard,R16,2023,Stan Wawrinka,Richard Gasquet,130.0,45.0,1,0.3491,0,0.2998,0,0.3032,0
Rotterdam,20230213,Hard,R16,2023,Stefanos Tsitsipas,Jannik Sinner,3.0,14.0,0,0.7108,1,0.6406,1,0.6263,1
Rotterdam,20230213,Hard,QF,2023,Grigor Dimitrov,Alex De Minaur,28.0,25.0,1,0.4242,0,0.3913,0,0.3642,0
Rotterdam,20230213,Hard,QF,2023,Daniil Medvedev,Felix Auger Aliassime,11.0,8.0,1,0.4697,0,0.4898,0,0.5251,1
Rotterdam,20230213,Hard,QF,2023,Gijs Brouwer,Tallon Griekspoor,160.0,61.0,0,0.3253,0,0.3697,0,0.4165,0
Rotterdam,20230213,Hard,QF,2023,Stan Wawrinka,Jannik Sinner,130.0,14.0,0,0.1635,0,0.1739,0,0.169,0
Rotterdam,20230213,Hard,SF,2023,Grigor Dimitrov,Daniil Medvedev,28.0,11.0,0,0.3241,0,0.2732,0,0.3266,0
Rotterdam,20230213,Hard,SF,2023,Tallon Griekspoor,Jannik Sinner,61.0,14.0,0,0.3034,0,0.2025,0,0.2105,0
Rotterdam,20230213,Hard,F,2023,Daniil Medvedev,Jannik Sinner,11.0,14.0,1,0.4897,0,0.4463,0,0.4531,0
Delray Beach,20230213,Hard,R32,2023,Denis Kudla,Jordan Thompson,95.0,93.0,1,0.5135,1,0.4922,0,0.5061,1
Delray Beach,20230213,Hard,R32,2023,Fernando Verdasco,Radu Albot,133.0,113.0,0,0.3632,0,0.3167,0,0.3347,0
Delray Beach,20230213,Hard,R32,2023,Christopher Eubanks,Aleksandar Vukic,102.0,171.0,0,0.5992,1,0.5597,1,0.5337,1
Delray Beach,20230213,Hard,R32,2023,Steve Johnson,Nuno Borges,118.0,104.0,0,0.4565,0,0.487,0,0.4896,0
Delray Beach,20230213,Hard,R32,2023,Jack Sock,Matija Pecotic,143.0,784.0,0,0.9025,1,0.8613,1,0.8741,1
Delray Beach,20230213,Hard,R32,2023,Marcos Giron,Ben Shelton,55.0,42.0,1,0.3601,0,0.3338,0,0.3532,0
Delray Beach,20230213,Hard,R32,2023,Oscar Otte,Yoshihito Nishioka,80.0,34.0,0,0.3404,0,0.3095,0,0.3509,0
Delray Beach,20230213,Hard,R32,2023,Taro Daniel,Mackenzie Mcdonald,106.0,56.0,0,0.4288,0,0.3656,0,0.3788,0
Delray Beach,20230213,Hard,R32,2023,Michael Mmoh,Aleksandar Kovacevic,87.0,122.0,1,0.5418,1,0.5029,1,0.4303,0
Delray Beach,20230213,Hard,R32,2023,Ilya Ivashka,J J Wolf,77.0,39.0,0,0.358,0,0.3527,0,0.3615,0
Delray Beach,20230213,Hard,R32,2023,Adrian Mannarino,Daniel Altmaier,59.0,97.0,1,0.615,1,0.6754,1,0.7503,1
Delray Beach,20230213,Hard,R32,2023,Emilio Gomez,Tung Lin Wu,94.0,172.0,1,0.6116,1,0.6009,1,0.5785,1
Delray Beach,20230213,Hard,R16,2023,Denis Kudla,Tommy Paul,95.0,18.0,0,0.2642,0,0.1791,0,0.2094,0
Delray Beach,20230213,Hard,R16,2023,Radu Albot,Aleksandar Vukic,113.0,171.0,1,0.522,1,0.5127,1,0.5342,1
Delray Beach,20230213,Hard,R16,2023,Nuno Borges,Miomir Kecmanovic,104.0,33.0,0,0.3298,0,0.2891,0,0.2654,0
Delray Beach,20230213,Hard,R16,2023,Marcos Giron,Matija Pecotic,55.0,784.0,1,0.9284,1,0.8819,1,0.8784,1
Delray Beach,20230213,Hard,R16,2023,Yoshihito Nishioka,Mackenzie Mcdonald,34.0,56.0,0,0.574,1,0.6114,1,0.6047,1
Delray Beach,20230213,Hard,R16,2023,Michael Mmoh,Denis Shapovalov,87.0,27.0,1,0.3662,0,0.2933,0,0.2491,0
Delray Beach,20230213,Hard,R16,2023,Adrian Mannarino,J J Wolf,59.0,39.0,1,0.3961,0,0.3439,0,0.2487,0
Delray Beach,20230213,Hard,R16,2023,Emilio Gomez,Taylor Fritz,94.0,7.0,0,0.2054,0,0.1997,0,0.1707,0
Delray Beach,20230213,Hard,QF,2023,Radu Albot,Tommy Paul,113.0,18.0,1,0.2404,0,0.2403,0,0.2116,0
Delray Beach,20230213,Hard,QF,2023,Marcos Giron,Miomir Kecmanovic,55.0,33.0,0,0.4077,0,0.3721,0,0.3696,0
Delray Beach,20230213,Hard,QF,2023,Mackenzie Mcdonald,Michael Mmoh,56.0,87.0,1,0.5348,1,0.5947,1,0.5761,1
Delray Beach,20230213,Hard,QF,2023,Adrian Mannarino,Taylor Fritz,59.0,7.0,0,0.2132,0,0.2204,0,0.2508,0
Delray Beach,20230213,Hard,SF,2023,Radu Albot,Miomir Kecmanovic,113.0,33.0,0,0.3161,0,0.2985,0,0.2987,0
Delray Beach,20230213,Hard,SF,2023,Mackenzie Mcdonald,Taylor Fritz,56.0,7.0,0,0.2358,0,0.2329,0,0.2231,0
Delray Beach,20230213,Hard,F,2023,Taylor Fritz,Miomir Kecmanovic,7.0,33.0,1,0.7126,1,0.6842,1,0.7097,1
Buenos Aires,20230213,Clay,R32,2023,Federico Coria,Facundo Diaz Acosta,49.0,191.0,0,0.7666,1,0.7608,1,0.7647,1
Buenos Aires,20230213,Clay,R32,2023,Hugo Dellien,Tomas Martin Etcheverry,107.0,82.0,0,0.5712,1,0.5569,1,0.4449,0
Buenos Aires,20230213,Clay,R32,2023,Albert Ramos,Roberto Carballes Baena,44.0,76.0,0,0.5561,1,0.5694,1,0.5599,1
Buenos Aires,20230213,Clay,R32,2023,Thiago Monteiro,Pedro Cachin,78.0,68.0,0,0.5504,1,0.5825,1,0.5789,1
Buenos Aires,20230213,Clay,R32,2023,Joao Sousa,Juan Pablo Varillas,142.0,101.0,0,0.4788,0,0.477,0,0.5333,1
Buenos Aires,20230213,Clay,R32,2023,Dominic Thiem,Alex Molcan,99.0,51.0,1,0.3681,0,0.3542,0,0.3437,0
Buenos Aires,20230213,Clay,R32,2023,Yannick Hanfmann,Francisco Cerundolo,134.0,30.0,0,0.3042,0,0.3463,0,0.3789,0
Buenos Aires,20230213,Clay,R32,2023,Guido Pella,Jaume Munar,723.0,67.0,0,0.1945,0,0.35,0,0.3701,0
Buenos Aires,20230213,Clay,R32,2023,Pedro Martinez,Bernabe Zapata Miralles,73.0,74.0,0,0.5361,1,0.5354,1,0.5335,1
Buenos Aires,20230213,Clay,R32,2023,Dusan Lajovic,Sebastian Baez,90.0,36.0,1,0.3274,0,0.3137,0,0.3286,0
Buenos Aires,20230213,Clay,R32,2023,Daniel Elahi Galan,Camilo Ugo Carabelli,85.0,127.0,0,0.5149,1,0.5008,1,0.489,0
Buenos Aires,20230213,Clay,R32,2023,Fabio Fognini,Laslo Djere,66.0,57.0,0,0.3513,0,0.3831,0,0.4589,0
Buenos Aires,20230213,Clay,R16,2023,Cameron Norrie,Facundo Diaz Acosta,12.0,191.0,1,0.9014,1,0.926,1,0.9446,1
Buenos Aires,20230213,Clay,R16,2023,Roberto Carballes Baena,Tomas Martin Etcheverry,76.0,82.0,0,0.5391,1,0.6055,1,0.6261,1
Buenos Aires,20230213,Clay,R16,2023,Pedro Cachin,Lorenzo Musetti,68.0,20.0,0,0.2281,0,0.1939,0,0.2015,0
Buenos Aires,20230213,Clay,R16,2023,Dominic Thiem,Juan Pablo Varillas,99.0,101.0,0,0.4915,0,0.5038,1,0.5473,1
Buenos Aires,20230213,Clay,R16,2023,Jaume Munar,Francisco Cerundolo,67.0,30.0,0,0.3322,0,0.2898,0,0.2531,0
Buenos Aires,20230213,Clay,R16,2023,Diego Schwartzman,Bernabe Zapata Miralles,32.0,74.0,0,0.5511,1,0.5921,1,0.5702,1
Buenos Aires,20230213,Clay,R16,2023,Dusan Lajovic,Camilo Ugo Carabelli,90.0,127.0,1,0.5169,1,0.5233,1,0.458,0
Buenos Aires,20230213,Clay,R16,2023,Laslo Djere,Carlos Alcaraz,57.0,2.0,0,0.1678,0,0.1832,0,0.1055,0
Buenos Aires,20230213,Clay,QF,2023,Cameron Norrie,Tomas Martin Etcheverry,12.0,82.0,1,0.8195,1,0.8506,1,0.8094,1
Buenos Aires,20230213,Clay,QF,2023,Juan Pablo Varillas,Lorenzo Musetti,101.0,20.0,1,0.2413,0,0.2547,0,0.3083,0
Buenos Aires,20230213,Clay,QF,2023,Bernabe Zapata Miralles,Francisco Cerundolo,74.0,30.0,1,0.3478,0,0.2972,0,0.2772,0
Buenos Aires,20230213,Clay,QF,2023,Dusan Lajovic,Carlos Alcaraz,90.0,2.0,0,0.1041,0,0.1791,0,0.0856,0
Buenos Aires,20230213,Clay,SF,2023,Cameron Norrie,Juan Pablo Varillas,12.0,101.0,1,0.8109,1,0.8364,1,0.8678,1
Buenos Aires,20230213,Clay,SF,2023,Bernabe Zapata Miralles,Carlos Alcaraz,74.0,2.0,0,0.1261,0,0.1761,0,0.0999,0
Buenos Aires,20230213,Clay,F,2023,Cameron Norrie,Carlos Alcaraz,12.0,2.0,0,0.3266,0,0.3142,0,0.2846,0
Doha,20230220,Hard,R32,2023,Jason Kubler,Aslan Karatsev,74.0,101.0,1,0.5936,1,0.6214,1,0.5344,1
Doha,20230220,Hard,R32,2023,Soon Woo Kwon,Abedallah Shelbayh,68.0,276.0,1,0.8089,1,0.7557,1,0.7755,1
Doha,20230220,Hard,R32,2023,Constant Lestienne,Alejandro Davidovich Fokina,53.0,31.0,0,0.4593,0,0.4939,0,0.4878,0
Doha,20230220,Hard,R32,2023,Liam Broady,Oleksii Krutykh,147.0,167.0,1,0.5948,1,0.6357,1,0.5297,1
Doha,20230220,Hard,R32,2023,Fernando Verdasco,Christopher Oconnell,154.0,94.0,0,0.389,0,0.3825,0,0.2992,0
Doha,20230220,Hard,R32,2023,Roberto Bautista Agut,Marton Fucsovics,28.0,78.0,1,0.6092,1,0.6321,1,0.5998,1
Doha,20230220,Hard,R32,2023,Botic Van De Zandschulp,Ilya Ivashka,34.0,79.0,1,0.6466,1,0.6325,1,0.6289,1
Doha,20230220,Hard,R32,2023,Nikoloz Basilashvili,Alexandre Muller,113.0,170.0,0,0.6488,1,0.6247,1,0.5879,1
Doha,20230220,Hard,R32,2023,Andy Murray,Lorenzo Sonego,70.0,71.0,1,0.5016,1,0.5558,1,0.5601,1
Doha,20230220,Hard,R32,2023,Daniel Evans,Emil Ruusuvuori,29.0,51.0,0,0.4695,0,0.4713,0,0.454,0
Doha,20230220,Hard,R32,2023,Damir Dzumhur,Jiri Lehecka,213.0,52.0,0,0.1683,0,0.2135,0,0.154,0
Doha,20230220,Hard,R32,2023,Quentin Halys,Tallon Griekspoor,64.0,40.0,0,0.3905,0,0.3258,0,0.3403,0
Doha,20230220,Hard,R16,2023,Jason Kubler,Felix Auger Aliassime,74.0,9.0,0,0.2377,0,0.2896,0,0.2831,0
Doha,20230220,Hard,R16,2023,Soon Woo Kwon,Alejandro Davidovich Fokina,68.0,31.0,0,0.4857,0,0.4924,0,0.498,0
Doha,20230220,Hard,R16,2023,Liam Broady,Daniil Medvedev,147.0,8.0,0,0.1372,0,0.1605,0,0.1193,0
Doha,20230220,Hard,R16,2023,Roberto Bautista Agut,Christopher Oconnell,28.0,94.0,0,0.7029,1,0.754,1,0.7538,1
Doha,20230220,Hard,R16,2023,Botic Van De Zandschulp,Alexandre Muller,34.0,170.0,0,0.8205,1,0.8176,1,0.8218,1
Doha,20230220,Hard,R16,2023,Alexander Zverev,Andy Murray,16.0,70.0,0,0.6606,1,0.6357,1,0.7021,1
Doha,20230220,Hard,R16,2023,Emil Ruusuvuori,Jiri Lehecka,51.0,52.0,0,0.4556,0,0.4551,0,0.4563,0
Doha,20230220,Hard,R16,2023,Andrey Rublev,Tallon Griekspoor,5.0,40.0,1,0.687,1,0.7114,1,0.7248,1
Doha,20230220,Hard,QF,2023,Felix Auger Aliassime,Alejandro Davidovich Fokina,9.0,31.0,1,0.7323,1,0.745,1,0.7339,1
Doha,20230220,Hard,QF,2023,Christopher Oconnell,Daniil Medvedev,94.0,8.0,0,0.1328,0,0.0808,0,0.0423,0
Doha,20230220,Hard,QF,2023,Andy Murray,Alexandre Muller,70.0,170.0,1,0.7514,1,0.7269,1,0.7136,1
Doha,20230220,Hard,QF,2023,Andrey Rublev,Jiri Lehecka,5.0,52.0,0,0.694,1,0.7522,1,0.743,1
Doha,20230220,Hard,SF,2023,Daniil Medvedev,Felix Auger Aliassime,8.0,9.0,1,0.5282,1,0.53,1,0.5349,1
Doha,20230220,Hard,SF,2023,Andy Murray,Jiri Lehecka,70.0,52.0,1,0.3954,0,0.3849,0,0.3387,0
Doha,20230220,Hard,F,2023,Andy Murray,Daniil Medvedev,70.0,8.0,0,0.2053,0,0.2297,0,0.2181,0
Marseille,20230220,Hard,R32,2023,Roman Safiullin,Arthur Fils,97.0,118.0,0,0.4076,0,0.4417,0,0.4799,0
Marseille,20230220,Hard,R32,2023,Stan Wawrinka,Zizou Bergs,105.0,132.0,1,0.5488,1,0.5802,1,0.4816,0
Marseille,20230220,Hard,R32,2023,Richard Gasquet,Laurent Lokoli,43.0,173.0,1,0.753,1,0.7465,1,0.6727,1
Marseille,20230220,Hard,R32,2023,Pablo Andujar,Alexander Ritschard,211.0,187.0,0,0.4018,0,0.4177,0,0.488,0
Marseille,20230220,Hard,R32,2023,Benjamin Bonzi,Luca Van Assche,60.0,146.0,1,0.7003,1,0.7109,1,0.67,1
Marseille,20230220,Hard,R32,2023,Geoffrey Blancaneaux,Maxime Cressy,152.0,37.0,0,0.2148,0,0.262,0,0.3428,0
Marseille,20230220,Hard,R32,2023,Gregoire Barrere,Marc Andrea Huesler,58.0,48.0,1,0.4212,0,0.3878,0,0.4086,0
Marseille,20230220,Hard,R32,2023,Filip Krajinovic,Alexander Bublik,67.0,50.0,0,0.5029,1,0.4583,0,0.4583,0
Marseille,20230220,Hard,R32,2023,Elias Ymer,Gijs Brouwer,172.0,116.0,0,0.4436,0,0.3908,0,0.3546,0
Marseille,20230220,Hard,R32,2023,David Goffin,Lukas Klein,41.0,142.0,1,0.6657,1,0.697,1,0.662,1
Marseille,20230220,Hard,R32,2023,Radu Albot,Mikael Ymer,99.0,69.0,0,0.4305,0,0.4574,0,0.4726,0
Marseille,20230220,Hard,R32,2023,Arthur Rinderknech,Leandro Riedi,72.0,133.0,0,0.716,1,0.68,1,0.6938,1
Marseille,20230220,Hard,R16,2023,Jannik Sinner,Arthur Fils,12.0,118.0,0,0.7191,1,0.7045,1,0.692,1
Marseille,20230220,Hard,R16,2023,Stan Wawrinka,Richard Gasquet,105.0,43.0,1,0.3873,0,0.3315,0,0.3033,0
Marseille,20230220,Hard,R16,2023,Alexander Ritschard,Alex De Minaur,187.0,23.0,0,0.2278,0,0.2241,0,0.2731,0
Marseille,20230220,Hard,R16,2023,Benjamin Bonzi,Maxime Cressy,60.0,37.0,1,0.413,0,0.3878,0,0.4361,0
Marseille,20230220,Hard,R16,2023,Gregoire Barrere,Alexander Bublik,58.0,50.0,0,0.5264,1,0.4862,0,0.4906,0
Marseille,20230220,Hard,R16,2023,Grigor Dimitrov,Gijs Brouwer,25.0,116.0,1,0.5768,1,0.579,1,0.5731,1
Marseille,20230220,Hard,R16,2023,David Goffin,Mikael Ymer,41.0,69.0,0,0.4348,0,0.4354,0,0.4193,0
Marseille,20230220,Hard,R16,2023,Hubert Hurkacz,Leandro Riedi,11.0,133.0,1,0.873,1,0.8561,1,0.8707,1
Marseille,20230220,Hard,QF,2023,Stan Wawrinka,Arthur Fils,105.0,118.0,0,0.3507,0,0.3867,0,0.3725,0
Marseille,20230220,Hard,QF,2023,Benjamin Bonzi,Alex De Minaur,60.0,23.0,1,0.3361,0,0.2254,0,0.232,0
Marseille,20230220,Hard,QF,2023,Grigor Dimitrov,Alexander Bublik,25.0,50.0,0,0.626,1,0.6123,1,0.6191,1
Marseille,20230220,Hard,QF,2023,Hubert Hurkacz,Mikael Ymer,11.0,69.0,1,0.7127,1,0.667,1,0.6637,1
Marseille,20230220,Hard,SF,2023,Benjamin Bonzi,Arthur Fils,60.0,118.0,1,0.4319,0,0.4607,0,0.4543,0
Marseille,20230220,Hard,SF,2023,Alexander Bublik,Hubert Hurkacz,50.0,11.0,0,0.2497,0,0.2311,0,0.2632,0
Marseille,20230220,Hard,F,2023,Benjamin Bonzi,Hubert Hurkacz,60.0,11.0,0,0.2607,0,0.2238,0,0.2611,0
Rio De Janeiro,20230220,Clay,R32,2023,Cameron Norrie,Juan Manuel Cerundolo,13.0,107.0,1,0.7201,1,0.7369,1,0.7375,1
Rio De Janeiro,20230220,Clay,R32,2023,Dominic Thiem,Thiago Monteiro,96.0,83.0,0,0.5085,1,0.5372,1,0.554,1
Rio De Janeiro,20230220,Clay,R32,2023,Joao Sousa,Hugo Dellien,143.0,111.0,0,0.4352,0,0.4046,0,0.3829,0
Rio De Janeiro,20230220,Clay,R32,2023,Alex Molcan,Joao Fonseca,54.0,827.0,1,0.918,1,0.8697,1,0.9215,1
Rio De Janeiro,20230220,Clay,R32,2023,Roberto Carballes Baena,Francisco Cerundolo,73.0,33.0,0,0.3425,0,0.3296,0,0.3056,0
Rio De Janeiro,20230220,Clay,R32,2023,Bernabe Zapata Miralles,Jaume Munar,63.0,66.0,1,0.5396,1,0.5428,1,0.5742,1
Rio De Janeiro,20230220,Clay,R32,2023,Pedro Cachin,Daniel Elahi Galan,59.0,88.0,0,0.5244,1,0.51,1,0.5146,1
Rio De Janeiro,20230220,Clay,R32,2023,Albert Ramos,Tomas Martin Etcheverry,47.0,75.0,1,0.5085,1,0.5431,1,0.4697,0
Rio De Janeiro,20230220,Clay,R32,2023,Thomaz Bellucci,Sebastian Baez,915.0,35.0,0,0.0431,0,0.2215,0,0.2442,0
Rio De Janeiro,20230220,Clay,R32,2023,Juan Pablo Varillas,Hugo Gaston,81.0,106.0,1,0.6229,1,0.6124,1,0.5589,1
Rio De Janeiro,20230220,Clay,R32,2023,Cristian Garin,Pedro Martinez,98.0,76.0,0,0.4931,0,0.5104,1,0.5141,1
Rio De Janeiro,20230220,Clay,R32,2023,Nicolas Jarry,Lorenzo Musetti,139.0,18.0,1,0.3462,0,0.3646,0,0.4041,0
Rio De Janeiro,20230220,Clay,R32,2023,Dusan Lajovic,Diego Schwartzman,80.0,38.0,1,0.4832,0,0.4562,0,0.5184,1
Rio De Janeiro,20230220,Clay,R32,2023,Facundo Bagnis,Laslo Djere,87.0,57.0,0,0.3369,0,0.3447,0,0.3719,0
Rio De Janeiro,20230220,Clay,R32,2023,Fabio Fognini,Tomas Barrios Vera,86.0,196.0,1,0.3499,0,0.5503,1,0.5967,1
Rio De Janeiro,20230220,Clay,R32,2023,Mateus Alves,Carlos Alcaraz,556.0,2.0,0,0.0158,0,0.0928,0,0.0248,0
Rio De Janeiro,20230220,Clay,R16,2023,Thiago Monteiro,Cameron Norrie,83.0,13.0,0,0.2035,0,0.1328,0,0.0863,0
Rio De Janeiro,20230220,Clay,R16,2023,Hugo Dellien,Alex Molcan,111.0,54.0,1,0.4228,0,0.3698,0,0.3941,0
Rio De Janeiro,20230220,Clay,R16,2023,Bernabe Zapata Miralles,Francisco Cerundolo,63.0,33.0,1,0.4084,0,0.3763,0,0.4928,0
Rio De Janeiro,20230220,Clay,R16,2023,Albert Ramos,Daniel Elahi Galan,47.0,88.0,1,0.5672,1,0.5751,1,0.5604,1
Rio De Janeiro,20230220,Clay,R16,2023,Juan Pablo Varillas,Sebastian Baez,81.0,35.0,0,0.4279,0,0.4155,0,0.4244,0
Rio De Janeiro,20230220,Clay,R16,2023,Nicolas Jarry,Pedro Martinez,139.0,76.0,1,0.5458,1,0.5324,1,0.5597,1
Rio De Janeiro,20230220,Clay,R16,2023,Dusan Lajovic,Laslo Djere,80.0,57.0,1,0.4081,0,0.364,0,0.3295,0
Rio De Janeiro,20230220,Clay,R16,2023,Fabio Fognini,Carlos Alcaraz,86.0,2.0,0,0.0507,0,0.0761,0,0.0246,0
Rio De Janeiro,20230220,Clay,QF,2023,Hugo Dellien,Cameron Norrie,111.0,13.0,0,0.2174,0,0.1628,0,0.1981,0
Rio De Janeiro,20230220,Clay,QF,2023,Albert Ramos,Bernabe Zapata Miralles,47.0,63.0,0,0.452,0,0.4465,0,0.3996,0
Rio De Janeiro,20230220,Clay,QF,2023,Nicolas Jarry,Sebastian Baez,139.0,35.0,1,0.4464,0,0.4349,0,0.3803,0
Rio De Janeiro,20230220,Clay,QF,2023,Dusan Lajovic,Carlos Alcaraz,80.0,2.0,0,0.075,0,0.0808,0,0.0447,0
Rio De Janeiro,20230220,Clay,SF,2023,Cameron Norrie,Bernabe Zapata Miralles,13.0,63.0,1,0.7217,1,0.7968,1,0.7444,1
Rio De Janeiro,20230220,Clay,SF,2023,Nicolas Jarry,Carlos Alcaraz,139.0,2.0,0,0.0964,0,0.1352,0,0.124,0
Rio De Janeiro,20230220,Clay,F,2023,Cameron Norrie,Carlos Alcaraz,13.0,2.0,1,0.2131,0,0.2736,0,0.2628,0
Dubai,20230227,Hard,R32,2023,Filip Krajinovic,Andrey Rublev,70.0,6.0,0,0.2339,0,0.2364,0,0.2455,0
Dubai,20230227,Hard,R32,2023,Malek Jaziri,Alejandro Davidovich Fokina,444.0,29.0,0,0.1053,0,0.2172,0,0.1331,0
Dubai,20230227,Hard,R32,2023,Mikael Ymer,Francesco Passaro,59.0,110.0,1,0.6805,1,0.6888,1,0.687,1
Dubai,20230227,Hard,R32,2023,Karen Khachanov,Botic Van De Zandschulp,14.0,33.0,0,0.644,1,0.6048,1,0.5893,1
Dubai,20230227,Hard,R32,2023,Felix Auger Aliassime,Maxime Cressy,9.0,36.0,1,0.7052,1,0.7479,1,0.7668,1
Dubai,20230227,Hard,R32,2023,Lorenzo Sonego,Marc Andrea Huesler,67.0,51.0,1,0.408,0,0.361,0,0.3186,0
Dubai,20230227,Hard,R32,2023,Christopher Oconnell,Emil Ruusuvuori,92.0,54.0,1,0.3852,0,0.3412,0,0.3308,0
Dubai,20230227,Hard,R32,2023,Alexander Zverev,Jiri Lehecka,16.0,47.0,1,0.5296,1,0.5638,1,0.4407,0
Dubai,20230227,Hard,R32,2023,Daniel Evans,Borna Coric,28.0,20.0,0,0.3469,0,0.3258,0,0.2971,0
Dubai,20230227,Hard,R32,2023,Thanasi Kokkinakis,Quentin Halys,101.0,73.0,1,0.5372,1,0.5446,1,0.5221,1
Dubai,20230227,Hard,R32,2023,Alexander Bublik,Alexandar Lazarov,46.0,301.0,1,0.7152,1,0.7231,1,0.7852,1
Dubai,20230227,Hard,R32,2023,Daniil Medvedev,Matteo Arnaldi,7.0,111.0,1,0.9004,1,0.9206,1,0.9081,1
Dubai,20230227,Hard,R32,2023,Hubert Hurkacz,Alexander Shevchenko,11.0,119.0,1,0.8808,1,0.8881,1,0.8729,1
Dubai,20230227,Hard,R32,2023,Pavel Kotov,Alexei Popyrin,138.0,98.0,1,0.3496,0,0.3295,0,0.3136,0
Dubai,20230227,Hard,R32,2023,Constant Lestienne,Tallon Griekspoor,56.0,39.0,0,0.3959,0,0.374,0,0.3581,0
Dubai,20230227,Hard,R32,2023,Novak Djokovic,Tomas Machac,1.0,130.0,1,0.9386,1,0.9225,1,0.943,1
Dubai,20230227,Hard,R16,2023,Andrey Rublev,Alejandro Davidovich Fokina,6.0,29.0,1,0.6812,1,0.6781,1,0.6912,1
Dubai,20230227,Hard,R16,2023,Botic Van De Zandschulp,Mikael Ymer,33.0,59.0,1,0.5388,1,0.5327,1,0.5456,1
Dubai,20230227,Hard,R16,2023,Lorenzo Sonego,Felix Auger Aliassime,67.0,9.0,1,0.2177,0,0.1917,0,0.1705,0
Dubai,20230227,Hard,R16,2023,Alexander Zverev,Christopher Oconnell,16.0,92.0,1,0.6977,1,0.73,1,0.7489,1
Dubai,20230227,Hard,R16,2023,Thanasi Kokkinakis,Borna Coric,101.0,20.0,0,0.3416,0,0.2919,0,0.311,0
Dubai,20230227,Hard,R16,2023,Daniil Medvedev,Alexander Bublik,7.0,46.0,1,0.7743,1,0.8295,1,0.8503,1
Dubai,20230227,Hard,R16,2023,Hubert Hurkacz,Pavel Kotov,11.0,138.0,1,0.8462,1,0.8615,1,0.8437,1
Dubai,20230227,Hard,R16,2023,Novak Djokovic,Tallon Griekspoor,1.0,39.0,1,0.8728,1,0.8889,1,0.9499,1
Dubai,20230227,Hard,QF,2023,Botic Van De Zandschulp,Andrey Rublev,33.0,6.0,0,0.3361,0,0.3957,0,0.3452,0
Dubai,20230227,Hard,QF,2023,Alexander Zverev,Lorenzo Sonego,16.0,67.0,1,0.6524,1,0.7179,1,0.7367,1
Dubai,20230227,Hard,QF,2023,Daniil Medvedev,Borna Coric,7.0,20.0,1,0.6644,1,0.6808,1,0.6747,1
Dubai,20230227,Hard,QF,2023,Novak Djokovic,Hubert Hurkacz,1.0,11.0,1,0.7647,1,0.8223,1,0.8507,1
Dubai,20230227,Hard,SF,2023,Alexander Zverev,Andrey Rublev,16.0,6.0,0,0.383,0,0.3516,0,0.3767,0
Dubai,20230227,Hard,SF,2023,Novak Djokovic,Daniil Medvedev,1.0,7.0,0,0.721,1,0.7437,1,0.7458,1
Dubai,20230227,Hard,F,2023,Daniil Medvedev,Andrey Rublev,7.0,6.0,1,0.5826,1,0.5854,1,0.5997,1
Acapulco,20230227,Hard,R32,2023,Guido Andreozzi,Casper Ruud,342.0,4.0,0,0.0441,0,0.0866,0,0.046,0
Acapulco,20230227,Hard,R32,2023,Taro Daniel,J J Wolf,125.0,44.0,1,0.3335,0,0.2998,0,0.306,0
Acapulco,20230227,Hard,R32,2023,Oscar Otte,Jacopo Berrettini,78.0,842.0,0,0.8943,1,0.8999,1,0.9424,1
Acapulco,20230227,Hard,R32,2023,Alex De Minaur,Rodrigo Pacheco Mendez,22.0,1244.0,1,0.977,1,0.8923,1,0.9374,1
Acapulco,20230227,Hard,R32,2023,Holger Rune,Ben Shelton,10.0,41.0,1,0.679,1,0.6886,1,0.6903,1
Acapulco,20230227,Hard,R32,2023,Nick Chappell,Nuno Borges,432.0,85.0,0,0.17,0,0.2683,0,0.3036,0
Acapulco,20230227,Hard,R32,2023,Matteo Berrettini,Alex Molcan,24.0,57.0,1,0.7163,1,0.7131,1,0.7371,1
Acapulco,20230227,Hard,R32,2023,Adrian Mannarino,Elias Ymer,64.0,170.0,0,0.5587,1,0.5887,1,0.6284,1
Acapulco,20230227,Hard,R32,2023,Yoshihito Nishioka,Frances Tiafoe,34.0,15.0,0,0.3573,0,0.3914,0,0.4737,0
Acapulco,20230227,Hard,R32,2023,Feliciano Lopez,Christopher Eubanks,1035.0,105.0,1,0.0519,0,0.2579,0,0.2406,0
Acapulco,20230227,Hard,R32,2023,Denis Shapovalov,Miomir Kecmanovic,30.0,31.0,1,0.4878,0,0.4536,0,0.4579,0
Acapulco,20230227,Hard,R32,2023,John Isner,Taylor Fritz,38.0,5.0,0,0.2491,0,0.2674,0,0.3584,0
Acapulco,20230227,Hard,R32,2023,Emilio Gomez,Tommy Paul,90.0,23.0,0,0.3284,0,0.3052,0,0.2851,0
Acapulco,20230227,Hard,R32,2023,Marcos Giron,Michael Mmoh,69.0,86.0,0,0.475,0,0.4683,0,0.4507,0
Acapulco,20230227,Hard,R32,2023,Daniel Altmaier,Brandon Nakashima,95.0,49.0,0,0.3519,0,0.3058,0,0.3084,0
Acapulco,20230227,Hard,R32,2023,Mackenzie Mcdonald,Luciano Darderi,62.0,184.0,1,0.6953,1,0.7091,1,0.7387,1
Acapulco,20230227,Hard,R16,2023,Taro Daniel,Casper Ruud,125.0,4.0,1,0.1408,0,0.1879,0,0.1947,0
Acapulco,20230227,Hard,R16,2023,Alex De Minaur,Jacopo Berrettini,22.0,842.0,1,0.9571,1,0.9115,1,0.923,1
Acapulco,20230227,Hard,R16,2023,Nuno Borges,Holger Rune,85.0,10.0,0,0.2028,0,0.1658,0,0.1592,0
Acapulco,20230227,Hard,R16,2023,Elias Ymer,Matteo Berrettini,170.0,24.0,0,0.2961,0,0.2891,0,0.1916,0
Acapulco,20230227,Hard,R16,2023,Feliciano Lopez,Frances Tiafoe,1035.0,15.0,0,0.0184,0,0.0981,0,0.0282,0
Acapulco,20230227,Hard,R16,2023,Taylor Fritz,Denis Shapovalov,5.0,30.0,1,0.7353,1,0.8026,1,0.8076,1
Acapulco,20230227,Hard,R16,2023,Michael Mmoh,Tommy Paul,86.0,23.0,0,0.3538,0,0.2829,0,0.2991,0
Acapulco,20230227,Hard,R16,2023,Mackenzie Mcdonald,Brandon Nakashima,62.0,49.0,1,0.5077,1,0.4563,0,0.4856,0
Acapulco,20230227,Hard,QF,2023,Taro Daniel,Alex De Minaur,125.0,22.0,0,0.2696,0,0.2135,0,0.2388,0
Acapulco,20230227,Hard,QF,2023,Matteo Berrettini,Holger Rune,24.0,10.0,0,0.353,0,0.3711,0,0.3492,0
Acapulco,20230227,Hard,QF,2023,Taylor Fritz,Frances Tiafoe,5.0,15.0,1,0.6144,1,0.6354,1,0.6381,1
Acapulco,20230227,Hard,QF,2023,Mackenzie Mcdonald,Tommy Paul,62.0,23.0,0,0.3691,0,0.3561,0,0.3533,0
Acapulco,20230227,Hard,SF,2023,Alex De Minaur,Holger Rune,22.0,10.0,1,0.3613,0,0.3526,0,0.3498,0
Acapulco,20230227,Hard,SF,2023,Taylor Fritz,Tommy Paul,5.0,23.0,0,0.6761,1,0.6457,1,0.6081,1
Acapulco,20230227,Hard,F,2023,Tommy Paul,Alex De Minaur,23.0,22.0,0,0.5041,1,0.472,0,0.4824,0
Santiago,20230227,Clay,R32,2023,Fabio Fognini,Tomas Martin Etcheverry,82.0,76.0,0,0.4313,0,0.4381,0,0.2595,0
Santiago,20230227,Clay,R32,2023,Dusan Lajovic,Camilo Ugo Carabelli,75.0,122.0,1,0.4938,0,0.4811,0,0.4892,0
Santiago,20230227,Clay,R32,2023,Pedro Cachin,Juan Manuel Cerundolo,61.0,108.0,0,0.4156,0,0.4533,0,0.428,0
Santiago,20230227,Clay,R32,2023,Dominic Thiem,Cristian Garin,99.0,100.0,0,0.4512,0,0.4295,0,0.4168,0
Santiago,20230227,Clay,R32,2023,Riccardo Bonadio,Daniel Elahi Galan,182.0,83.0,1,0.2635,0,0.3226,0,0.319,0
Santiago,20230227,Clay,R32,2023,Joao Sousa,Laslo Djere,147.0,55.0,0,0.3199,0,0.3159,0,0.3118,0
Santiago,20230227,Clay,R32,2023,Roberto Carballes Baena,Carlos Taberner,74.0,181.0,1,0.6294,1,0.6738,1,0.6562,1
Santiago,20230227,Clay,R32,2023,Yannick Hanfmann,Pedro Martinez,153.0,117.0,1,0.4539,0,0.4507,0,0.4348,0
Santiago,20230227,Clay,R32,2023,Nicolas Jarry,Juan Pablo Varillas,87.0,77.0,1,0.5782,1,0.5494,1,0.5397,1
Santiago,20230227,Clay,R32,2023,Albert Ramos,Thiago Monteiro,50.0,84.0,0,0.5708,1,0.6031,1,0.6204,1
Santiago,20230227,Clay,R32,2023,Facundo Bagnis,Marco Cecchinato,94.0,91.0,0,0.3753,0,0.362,0,0.4205,0
Santiago,20230227,Clay,R32,2023,Alejandro Tabilo,Jaume Munar,186.0,66.0,0,0.4049,0,0.3605,0,0.3842,0
Santiago,20230227,Clay,R16,2023,Tomas Martin Etcheverry,Francisco Cerundolo,76.0,32.0,1,0.3487,0,0.3139,0,0.3602,0
Santiago,20230227,Clay,R16,2023,Dusan Lajovic,Juan Manuel Cerundolo,75.0,108.0,1,0.4772,0,0.4662,0,0.5355,1
Santiago,20230227,Clay,R16,2023,Cristian Garin,Sebastian Baez,100.0,35.0,0,0.3881,0,0.3836,0,0.3259,0
Santiago,20230227,Clay,R16,2023,Riccardo Bonadio,Laslo Djere,182.0,55.0,0,0.1917,0,0.2594,0,0.2537,0
Santiago,20230227,Clay,R16,2023,Yannick Hanfmann,Roberto Carballes Baena,153.0,74.0,1,0.4425,0,0.4112,0,0.4396,0
Santiago,20230227,Clay,R16,2023,Diego Schwartzman,Nicolas Jarry,37.0,87.0,0,0.3717,0,0.4853,0,0.5558,1
Santiago,20230227,Clay,R16,2023,Marco Cecchinato,Thiago Monteiro,91.0,84.0,0,0.5527,1,0.5832,1,0.6155,1
Santiago,20230227,Clay,R16,2023,Jaume Munar,Lorenzo Musetti,66.0,18.0,1,0.3099,0,0.2919,0,0.2809,0
Santiago,20230227,Clay,QF,2023,Dusan Lajovic,Tomas Martin Etcheverry,75.0,76.0,0,0.5216,1,0.5585,1,0.5114,1
Santiago,20230227,Clay,QF,2023,Laslo Djere,Sebastian Baez,55.0,35.0,0,0.4738,0,0.4627,0,0.4568,0
Santiago,20230227,Clay,QF,2023,Yannick Hanfmann,Nicolas Jarry,153.0,87.0,0,0.2954,0,0.3238,0,0.3463,0
Santiago,20230227,Clay,QF,2023,Thiago Monteiro,Jaume Munar,84.0,66.0,0,0.4465,0,0.4486,0,0.4751,0
Santiago,20230227,Clay,SF,2023,Tomas Martin Etcheverry,Sebastian Baez,76.0,35.0,1,0.3817,0,0.336,0,0.418,0
Santiago,20230227,Clay,SF,2023,Nicolas Jarry,Jaume Munar,87.0,66.0,1,0.6252,1,0.5804,1,0.6083,1
Santiago,20230227,Clay,F,2023,Nicolas Jarry,Tomas Martin Etcheverry,87.0,76.0,1,0.6374,1,0.6336,1,0.6433,1
Indian Wells Masters,20230306,Hard,R128,2023,Gael Monfils,Jordan Thompson,210.0,87.0,0,0.4288,0,0.414,0,0.3949,0
Indian Wells Masters,20230306,Hard,R128,2023,Maximilian Marterer,Alejandro Tabilo,156.0,187.0,0,0.6026,1,0.5965,1,0.6365,1
Indian Wells Masters,20230306,Hard,R128,2023,Jason Kubler,Lorenzo Sonego,75.0,60.0,1,0.4909,0,0.5072,1,0.5314,1
Indian Wells Masters,20230306,Hard,R128,2023,Marcos Giron,Aleksandar Kovacevic,73.0,107.0,1,0.5358,1,0.4961,0,0.4807,0
Indian Wells Masters,20230306,Hard,R128,2023,Alexander Bublik,Tung Lin Wu,46.0,175.0,0,0.6647,1,0.669,1,0.6807,1
Indian Wells Masters,20230306,Hard,R128,2023,Taro Daniel,Roberto Carballes Baena,103.0,79.0,1,0.5189,1,0.5117,1,0.5163,1
Indian Wells Masters,20230306,Hard,R128,2023,Bernabe Zapata Miralles,Ugo Humbert,42.0,77.0,0,0.4756,0,0.5158,1,0.5572,1
Indian Wells Masters,20230306,Hard,R128,2023,Arthur Rinderknech,Jiri Lehecka,72.0,47.0,0,0.402,0,0.3707,0,0.3586,0
Indian Wells Masters,20230306,Hard,R128,2023,Federico Coria,Diego Schwartzman,64.0,38.0,0,0.498,0,0.4638,0,0.5096,1
Indian Wells Masters,20230306,Hard,R128,2023,Cristian Garin,Daniel Elahi Galan,97.0,89.0,1,0.4502,0,0.4357,0,0.4333,0
Indian Wells Masters,20230306,Hard,R128,2023,Jaume Munar,Yibing Wu,58.0,67.0,0,0.3356,0,0.4041,0,0.4157,0
Indian Wells Masters,20230306,Hard,R128,2023,Oscar Otte,Laslo Djere,82.0,54.0,1,0.3678,0,0.3331,0,0.279,0
Indian Wells Masters,20230306,Hard,R128,2023,Nikoloz Basilashvili,Pedro Cachin,118.0,66.0,0,0.4341,0,0.4436,0,0.453,0
Indian Wells Masters,20230306,Hard,R128,2023,Constant Lestienne,Emil Ruusuvuori,62.0,59.0,0,0.4408,0,0.4213,0,0.3924,0
Indian Wells Masters,20230306,Hard,R128,2023,Ilya Ivashka,Roman Safiullin,85.0,113.0,1,0.4991,0,0.4896,0,0.5182,1
Indian Wells Masters,20230306,Hard,R128,2023,John Isner,Brandon Nakashima,39.0,48.0,0,0.4991,0,0.4854,0,0.4583,0
Indian Wells Masters,20230306,Hard,R128,2023,Filip Krajinovic,Mackenzie Mcdonald,74.0,53.0,0,0.4012,0,0.3696,0,0.3608,0
Indian Wells Masters,20230306,Hard,R128,2023,Stan Wawrinka,Aleksandar Vukic,100.0,186.0,1,0.5162,1,0.5182,1,0.566,1
Indian Wells Masters,20230306,Hard,R128,2023,Adrian Mannarino,Dominic Thiem,68.0,102.0,1,0.5538,1,0.5193,1,0.5116,1
Indian Wells Masters,20230306,Hard,R128,2023,Richard Gasquet,Borna Gojo,43.0,121.0,1,0.4293,0,0.518,1,0.5258,1
Indian Wells Masters,20230306,Hard,R128,2023,Marton Fucsovics,J J Wolf,84.0,44.0,1,0.372,0,0.3287,0,0.3309,0
Indian Wells Masters,20230306,Hard,R128,2023,Albert Ramos,Alex Molcan,50.0,63.0,0,0.5204,1,0.5279,1,0.5333,1
Indian Wells Masters,20230306,Hard,R128,2023,Mikael Ymer,Rinky Hijikata,57.0,130.0,0,0.6396,1,0.6674,1,0.64,1
Indian Wells Masters,20230306,Hard,R128,2023,Fabio Fognini,Ben Shelton,88.0,41.0,0,0.2812,0,0.3099,0,0.2925,0
Indian Wells Masters,20230306,Hard,R128,2023,Pedro Martinez,Marc Andrea Huesler,120.0,51.0,1,0.3661,0,0.3533,0,0.4135,0
Indian Wells Masters,20230306,Hard,R128,2023,Jack Sock,Gregoire Barrere,154.0,65.0,1,0.371,0,0.3167,0,0.2989,0
Indian Wells Masters,20230306,Hard,R128,2023,Jan Lennard Struff,Quentin Halys,134.0,81.0,1,0.4559,0,0.4729,0,0.4379,0
Indian Wells Masters,20230306,Hard,R128,2023,Zhizhen Zhang,Alexei Popyrin,93.0,101.0,0,0.4226,0,0.5076,1,0.5089,1
Indian Wells Masters,20230306,Hard,R128,2023,Andy Murray,Tomas Martin Etcheverry,55.0,61.0,1,0.509,1,0.5476,1,0.4417,0
Indian Wells Masters,20230306,Hard,R128,2023,Jack Draper,Leandro Riedi,56.0,135.0,1,0.5987,1,0.6253,1,0.5582,1
Indian Wells Masters,20230306,Hard,R128,2023,Guido Pella,Thiago Monteiro,739.0,78.0,1,0.142,0,0.327,0,0.3885,0
Indian Wells Masters,20230306,Hard,R128,2023,Thanasi Kokkinakis,Brandon Holt,94.0,193.0,1,0.6338,1,0.642,1,0.6659,1
Indian Wells Masters,20230306,Hard,R64,2023,Jordan Thompson,Stefanos Tsitsipas,87.0,3.0,1,0.0942,0,0.0819,0,0.0508,0
Indian Wells Masters,20230306,Hard,R64,2023,Alejandro Tabilo,Maxime Cressy,187.0,37.0,1,0.3076,0,0.3118,0,0.2698,0
Indian Wells Masters,20230306,Hard,R64,2023,Grigor Dimitrov,Jason Kubler,25.0,75.0,0,0.6106,1,0.5923,1,0.6433,1
Indian Wells Masters,20230306,Hard,R64,2023,Marcos Giron,Frances Tiafoe,73.0,16.0,0,0.266,0,0.216,0,0.226,0
Indian Wells Masters,20230306,Hard,R64,2023,Cameron Norrie,Tung Lin Wu,12.0,175.0,1,0.8348,1,0.8459,1,0.8804,1
Indian Wells Masters,20230306,Hard,R64,2023,Taro Daniel,Matteo Berrettini,103.0,23.0,1,0.3028,0,0.1968,0,0.1836,0
Indian Wells Masters,20230306,Hard,R64,2023,Denis Shapovalov,Ugo Humbert,30.0,77.0,0,0.5843,1,0.6032,1,0.5786,1
Indian Wells Masters,20230306,Hard,R64,2023,Andrey Rublev,Jiri Lehecka,7.0,47.0,1,0.6839,1,0.6731,1,0.6736,1
Indian Wells Masters,20230306,Hard,R64,2023,Diego Schwartzman,Casper Ruud,38.0,4.0,0,0.1372,0,0.1668,0,0.1753,0
Indian Wells Masters,20230306,Hard,R64,2023,Yoshihito Nishioka,Cristian Garin,34.0,97.0,0,0.6589,1,0.6754,1,0.7552,1
Indian Wells Masters,20230306,Hard,R64,2023,Yibing Wu,Alejandro Davidovich Fokina,67.0,28.0,0,0.5702,1,0.4741,0,0.3974,0
Indian Wells Masters,20230306,Hard,R64,2023,Oscar Otte,Karen Khachanov,82.0,15.0,0,0.2265,0,0.1915,0,0.2073,0
Indian Wells Masters,20230306,Hard,R64,2023,Alexander Zverev,Pedro Cachin,14.0,66.0,1,0.7406,1,0.7864,1,0.808,1
Indian Wells Masters,20230306,Hard,R64,2023,Roberto Bautista Agut,Emil Ruusuvuori,27.0,59.0,0,0.5311,1,0.5554,1,0.4624,0
Indian Wells Masters,20230306,Hard,R64,2023,Botic Van De Zandschulp,Ilya Ivashka,33.0,85.0,0,0.655,1,0.6453,1,0.7032,1
Indian Wells Masters,20230306,Hard,R64,2023,Daniil Medvedev,Brandon Nakashima,6.0,48.0,1,0.7813,1,0.7586,1,0.81,1
Indian Wells Masters,20230306,Hard,R64,2023,Mackenzie Mcdonald,Holger Rune,53.0,8.0,0,0.2484,0,0.2475,0,0.2578,0
Indian Wells Masters,20230306,Hard,R64,2023,Stan Wawrinka,Miomir Kecmanovic,100.0,31.0,1,0.3356,0,0.3401,0,0.3095,0
Indian Wells Masters,20230306,Hard,R64,2023,Adrian Mannarino,Lorenzo Musetti,68.0,21.0,1,0.344,0,0.3836,0,0.3206,0
Indian Wells Masters,20230306,Hard,R64,2023,Richard Gasquet,Jannik Sinner,43.0,13.0,0,0.2632,0,0.2912,0,0.2705,0
Indian Wells Masters,20230306,Hard,R64,2023,Marton Fucsovics,Alex De Minaur,84.0,18.0,1,0.2547,0,0.2055,0,0.216,0
Indian Wells Masters,20230306,Hard,R64,2023,Borna Coric,Alex Molcan,20.0,63.0,0,0.7407,1,0.7281,1,0.7262,1
Indian Wells Masters,20230306,Hard,R64,2023,Sebastian Baez,Rinky Hijikata,35.0,130.0,1,0.5483,1,0.5984,1,0.6763,1
Indian Wells Masters,20230306,Hard,R64,2023,Taylor Fritz,Ben Shelton,5.0,41.0,1,0.7363,1,0.7875,1,0.7962,1
Indian Wells Masters,20230306,Hard,R64,2023,Pedro Martinez,Felix Auger Aliassime,120.0,10.0,0,0.1857,0,0.1316,0,0.1311,0
Indian Wells Masters,20230306,Hard,R64,2023,Jack Sock,Francisco Cerundolo,154.0,32.0,0,0.3187,0,0.3097,0,0.2962,0
Indian Wells Masters,20230306,Hard,R64,2023,Jan Lennard Struff,Tommy Paul,134.0,19.0,0,0.2423,0,0.2956,0,0.3318,0
Indian Wells Masters,20230306,Hard,R64,2023,Hubert Hurkacz,Alexei Popyrin,11.0,101.0,1,0.7604,1,0.8158,1,0.7949,1
Indian Wells Masters,20230306,Hard,R64,2023,Andy Murray,Radu Albot,55.0,109.0,1,0.5979,1,0.6004,1,0.6009,1
Indian Wells Masters,20230306,Hard,R64,2023,Daniel Evans,Jack Draper,29.0,56.0,0,0.4091,0,0.4385,0,0.3955,0
Indian Wells Masters,20230306,Hard,R64,2023,Guido Pella,Tallon Griekspoor,739.0,36.0,0,0.0737,0,0.1994,0,0.1855,0
Indian Wells Masters,20230306,Hard,R64,2023,Thanasi Kokkinakis,Carlos Alcaraz,94.0,2.0,0,0.0954,0,0.1137,0,0.1104,0
Indian Wells Masters,20230306,Hard,R32,2023,Jordan Thompson,Alejandro Tabilo,87.0,187.0,0,0.5492,1,0.5307,1,0.5867,1
Indian Wells Masters,20230306,Hard,R32,2023,Jason Kubler,Frances Tiafoe,75.0,16.0,0,0.2819,0,0.272,0,0.2378,0
Indian Wells Masters,20230306,Hard,R32,2023,Taro Daniel,Cameron Norrie,103.0,12.0,0,0.2297,0,0.1839,0,0.2115,0
Indian Wells Masters,20230306,Hard,R32,2023,Andrey Rublev,Ugo Humbert,7.0,77.0,1,0.7507,1,0.7876,1,0.8528,1
Indian Wells Masters,20230306,Hard,R32,2023,Cristian Garin,Casper Ruud,97.0,4.0,1,0.136,0,0.1873,0,0.1727,0
Indian Wells Masters,20230306,Hard,R32,2023,Karen Khachanov,Alejandro Davidovich Fokina,15.0,28.0,0,0.6457,1,0.6356,1,0.6128,1
Indian Wells Masters,20230306,Hard,R32,2023,Alexander Zverev,Emil Ruusuvuori,14.0,59.0,1,0.6425,1,0.63,1,0.6177,1
Indian Wells Masters,20230306,Hard,R32,2023,Daniil Medvedev,Ilya Ivashka,6.0,85.0,1,0.8552,1,0.8348,1,0.8613,1
Indian Wells Masters,20230306,Hard,R32,2023,Stan Wawrinka,Holger Rune,100.0,8.0,1,0.1722,0,0.1828,0,0.2379,0
Indian Wells Masters,20230306,Hard,R32,2023,Adrian Mannarino,Jannik Sinner,68.0,13.0,0,0.2333,0,0.2182,0,0.2224,0
Indian Wells Masters,20230306,Hard,R32,2023,Marton Fucsovics,Alex Molcan,84.0,63.0,1,0.5323,1,0.5502,1,0.5828,1
Indian Wells Masters,20230306,Hard,R32,2023,Taylor Fritz,Sebastian Baez,5.0,35.0,1,0.8339,1,0.8241,1,0.8428,1
Indian Wells Masters,20230306,Hard,R32,2023,Felix Auger Aliassime,Francisco Cerundolo,10.0,32.0,1,0.7185,1,0.6984,1,0.7337,1
Indian Wells Masters,20230306,Hard,R32,2023,Tommy Paul,Hubert Hurkacz,19.0,11.0,1,0.411,0,0.4456,0,0.3671,0
Indian Wells Masters,20230306,Hard,R32,2023,Andy Murray,Jack Draper,55.0,56.0,0,0.44,0,0.4374,0,0.3583,0
Indian Wells Masters,20230306,Hard,R32,2023,Tallon Griekspoor,Carlos Alcaraz,36.0,2.0,0,0.1301,0,0.1469,0,0.1579,0
Indian Wells Masters,20230306,Hard,R16,2023,Frances Tiafoe,Alejandro Tabilo,16.0,187.0,1,0.8113,1,0.8273,1,0.8386,1
Indian Wells Masters,20230306,Hard,R16,2023,Cameron Norrie,Andrey Rublev,12.0,7.0,1,0.475,0,0.499,0,0.5637,1
Indian Wells Masters,20230306,Hard,R16,2023,Cristian Garin,Alejandro Davidovich Fokina,97.0,28.0,0,0.3457,0,0.3097,0,0.2776,0
Indian Wells Masters,20230306,Hard,R16,2023,Alexander Zverev,Daniil Medvedev,14.0,6.0,0,0.3134,0,0.3249,0,0.3373,0
Indian Wells Masters,20230306,Hard,R16,2023,Stan Wawrinka,Jannik Sinner,100.0,13.0,0,0.1969,0,0.2049,0,0.239,0
Indian Wells Masters,20230306,Hard,R16,2023,Marton Fucsovics,Taylor Fritz,84.0,5.0,0,0.1617,0,0.1236,0,0.1109,0
Indian Wells Masters,20230306,Hard,R16,2023,Tommy Paul,Felix Auger Aliassime,19.0,10.0,0,0.3998,0,0.4683,0,0.5078,1
Indian Wells Masters,20230306,Hard,R16,2023,Jack Draper,Carlos Alcaraz,56.0,2.0,0,0.1303,0,0.1753,0,0.1878,0
Indian Wells Masters,20230306,Hard,QF,2023,Cameron Norrie,Frances Tiafoe,12.0,16.0,0,0.5306,1,0.5676,1,0.5822,1
Indian Wells Masters,20230306,Hard,QF,2023,Daniil Medvedev,Alejandro Davidovich Fokina,6.0,28.0,1,0.7738,1,0.8112,1,0.7985,1
Indian Wells Masters,20230306,Hard,QF,2023,Taylor Fritz,Jannik Sinner,5.0,13.0,0,0.5772,1,0.5375,1,0.5232,1
Indian Wells Masters,20230306,Hard,QF,2023,Felix Auger Aliassime,Carlos Alcaraz,10.0,2.0,0,0.2506,0,0.2692,0,0.224,0
Indian Wells Masters,20230306,Hard,SF,2023,Daniil Medvedev,Frances Tiafoe,6.0,16.0,1,0.641,1,0.6393,1,0.6337,1
Indian Wells Masters,20230306,Hard,SF,2023,Jannik Sinner,Carlos Alcaraz,13.0,2.0,0,0.2397,0,0.2926,0,0.243,0
Indian Wells Masters,20230306,Hard,F,2023,Daniil Medvedev,Carlos Alcaraz,6.0,2.0,0,0.3175,0,0.3999,0,0.4054,0
Miami Masters,20230320,Hard,R128,2023,Richard Gasquet,Christopher Oconnell,40.0,86.0,1,0.5804,1,0.6437,1,0.636,1
Miami Masters,20230320,Hard,R128,2023,Marcos Giron,Cristian Garin,71.0,82.0,0,0.5089,1,0.5111,1,0.5007,1
Miami Masters,20230320,Hard,R128,2023,Federico Coria,Jiri Lehecka,67.0,44.0,0,0.3073,0,0.3255,0,0.2852,0
Miami Masters,20230320,Hard,R128,2023,Tomas Martin Etcheverry,Pavel Kotov,73.0,117.0,1,0.5667,1,0.5317,1,0.53,1
Miami Masters,20230320,Hard,R128,2023,Benoit Paire,Yosuke Watanuki,170.0,123.0,0,0.3688,0,0.3602,0,0.4895,0
Miami Masters,20230320,Hard,R128,2023,Dominic Thiem,Lorenzo Sonego,106.0,59.0,0,0.4104,0,0.3699,0,0.3523,0
Miami Masters,20230320,Hard,R128,2023,Jaume Munar,Aleksandar Kovacevic,66.0,102.0,0,0.522,1,0.5069,1,0.5136,1
Miami Masters,20230320,Hard,R128,2023,Jason Kubler,Thiago Monteiro,70.0,81.0,0,0.5892,1,0.5973,1,0.547,1
Miami Masters,20230320,Hard,R128,2023,Roberto Carballes Baena,Bernabe Zapata Miralles,84.0,41.0,1,0.445,0,0.4195,0,0.4029,0
Miami Masters,20230320,Hard,R128,2023,Jordan Thompson,Alex Molcan,83.0,56.0,0,0.5047,1,0.4688,0,0.5225,1
Miami Masters,20230320,Hard,R128,2023,Mackenzie Mcdonald,Daniel Elahi Galan,55.0,89.0,1,0.5887,1,0.6299,1,0.6525,1
Miami Masters,20230320,Hard,R128,2023,Quentin Halys,Pedro Martinez,79.0,121.0,1,0.5326,1,0.4995,0,0.496,0
Miami Masters,20230320,Hard,R128,2023,Gregoire Barrere,Roman Safiullin,65.0,104.0,1,0.5909,1,0.5541,1,0.5605,1
Miami Masters,20230320,Hard,R128,2023,Denis Kudla,Christopher Eubanks,122.0,119.0,0,0.488,0,0.4914,0,0.5137,1
Miami Masters,20230320,Hard,R128,2023,Adrian Mannarino,Juncheng Shang,62.0,181.0,1,0.5791,1,0.6081,1,0.555,1
Miami Masters,20230320,Hard,R128,2023,Thanasi Kokkinakis,Zizou Bergs,94.0,135.0,1,0.6627,1,0.6825,1,0.6549,1
Miami Masters,20230320,Hard,R128,2023,Alexander Bublik,J J Wolf,48.0,50.0,0,0.4648,0,0.4659,0,0.4716,0
Miami Masters,20230320,Hard,R128,2023,Gael Monfils,Ugo Humbert,280.0,78.0,0,0.269,0,0.3357,0,0.3729,0
Miami Masters,20230320,Hard,R128,2023,Fabio Fognini,Jan Lennard Struff,91.0,103.0,0,0.374,0,0.3864,0,0.3901,0
Miami Masters,20230320,Hard,R128,2023,Laslo Djere,Aleksandar Vukic,58.0,168.0,1,0.6389,1,0.6342,1,0.6845,1
Miami Masters,20230320,Hard,R128,2023,Taro Daniel,Arthur Rinderknech,97.0,72.0,1,0.5046,1,0.4983,0,0.4835,0
Miami Masters,20230320,Hard,R128,2023,Nuno Borges,Emil Ruusuvuori,68.0,54.0,0,0.4427,0,0.3836,0,0.4115,0
Miami Masters,20230320,Hard,R128,2023,Mikael Ymer,Alexei Popyrin,53.0,93.0,0,0.5491,1,0.6002,1,0.5817,1
Miami Masters,20230320,Hard,R128,2023,Ilya Ivashka,Daniel Altmaier,80.0,114.0,1,0.6269,1,0.6744,1,0.6744,1
Miami Masters,20230320,Hard,R128,2023,Marton Fucsovics,Pedro Cachin,74.0,63.0,1,0.5531,1,0.5878,1,0.5897,1
Miami Masters,20230320,Hard,R128,2023,Kyle Edmund,Yibing Wu,544.0,64.0,0,0.1153,0,0.1646,0,0.1531,0
Miami Masters,20230320,Hard,R128,2023,Guido Pella,Juan Pablo Varillas,581.0,88.0,1,0.2657,0,0.3659,0,0.312,0
Miami Masters,20230320,Hard,R128,2023,John Isner,Emilio Nava,46.0,182.0,0,0.7205,1,0.6603,1,0.6266,1
Miami Masters,20230320,Hard,R128,2023,Albert Ramos,Marc Andrea Huesler,51.0,47.0,0,0.3929,0,0.3837,0,0.3895,0
Miami Masters,20230320,Hard,R128,2023,Oscar Otte,Brandon Nakashima,85.0,45.0,0,0.3448,0,0.3176,0,0.3166,0
Miami Masters,20230320,Hard,R128,2023,Andy Murray,Dusan Lajovic,52.0,76.0,0,0.6299,1,0.6539,1,0.6307,1
Miami Masters,20230320,Hard,R128,2023,Facundo Bagnis,Felipe Meligeni Alves,100.0,164.0,1,0.4841,0,0.502,1,0.5219,1
Miami Masters,20230320,Hard,R64,2023,Richard Gasquet,Stefanos Tsitsipas,40.0,3.0,0,0.1525,0,0.258,0,0.2459,0
Miami Masters,20230320,Hard,R64,2023,Cristian Garin,Sebastian Baez,82.0,33.0,1,0.5043,1,0.4895,0,0.5096,1
Miami Masters,20230320,Hard,R64,2023,Lorenzo Musetti,Jiri Lehecka,21.0,44.0,0,0.4983,0,0.511,1,0.4888,0
Miami Masters,20230320,Hard,R64,2023,Karen Khachanov,Tomas Martin Etcheverry,16.0,73.0,1,0.7066,1,0.7582,1,0.7204,1
Miami Masters,20230320,Hard,R64,2023,Frances Tiafoe,Yosuke Watanuki,14.0,123.0,1,0.7942,1,0.7945,1,0.8083,1
Miami Masters,20230320,Hard,R64,2023,Daniel Evans,Lorenzo Sonego,29.0,59.0,0,0.4812,0,0.4795,0,0.4233,0
Miami Masters,20230320,Hard,R64,2023,Francisco Cerundolo,Aleksandar Kovacevic,31.0,102.0,1,0.6484,1,0.6503,1,0.7266,1
Miami Masters,20230320,Hard,R64,2023,Thiago Monteiro,Felix Auger Aliassime,81.0,6.0,0,0.1624,0,0.1042,0,0.0588,0
Miami Masters,20230320,Hard,R64,2023,Roberto Carballes Baena,Daniil Medvedev,84.0,5.0,0,0.1242,0,0.0942,0,0.0706,0
Miami Masters,20230320,Hard,R64,2023,Yoshihito Nishioka,Alex Molcan,34.0,56.0,0,0.5949,1,0.6287,1,0.6773,1
Miami Masters,20230320,Hard,R64,2023,Mackenzie Mcdonald,Matteo Berrettini,55.0,23.0,1,0.4058,0,0.3808,0,0.3942,0
Miami Masters,20230320,Hard,R64,2023,Quentin Halys,Alex De Minaur,79.0,18.0,1,0.2624,0,0.1706,0,0.1502,0
Miami Masters,20230320,Hard,R64,2023,Gregoire Barrere,Cameron Norrie,65.0,12.0,1,0.2541,0,0.1923,0,0.1903,0
Miami Masters,20230320,Hard,R64,2023,Borna Coric,Christopher Eubanks,20.0,119.0,0,0.7127,1,0.7452,1,0.7148,1
Miami Masters,20230320,Hard,R64,2023,Adrian Mannarino,Ben Shelton,62.0,39.0,1,0.3974,0,0.4001,0,0.3394,0
Miami Masters,20230320,Hard,R64,2023,Thanasi Kokkinakis,Hubert Hurkacz,94.0,9.0,0,0.254,0,0.1981,0,0.2106,0
Miami Masters,20230320,Hard,R64,2023,Andrey Rublev,J J Wolf,7.0,50.0,1,0.7016,1,0.6738,1,0.6975,1
Miami Masters,20230320,Hard,R64,2023,Ugo Humbert,Miomir Kecmanovic,78.0,35.0,0,0.4621,0,0.3962,0,0.4062,0
Miami Masters,20230320,Hard,R64,2023,Jan Lennard Struff,Grigor Dimitrov,103.0,27.0,0,0.4,0,0.3524,0,0.326,0
Miami Masters,20230320,Hard,R64,2023,Laslo Djere,Jannik Sinner,58.0,11.0,0,0.256,0,0.2182,0,0.2359,0
Miami Masters,20230320,Hard,R64,2023,Alexander Zverev,Taro Daniel,15.0,97.0,0,0.7127,1,0.7284,1,0.7688,1
Miami Masters,20230320,Hard,R64,2023,Roberto Bautista Agut,Emil Ruusuvuori,28.0,54.0,0,0.5031,1,0.5476,1,0.4869,0
Miami Masters,20230320,Hard,R64,2023,Botic Van De Zandschulp,Alexei Popyrin,32.0,93.0,1,0.5752,1,0.627,1,0.6316,1
Miami Masters,20230320,Hard,R64,2023,Ilya Ivashka,Casper Ruud,80.0,4.0,0,0.174,0,0.2692,0,0.2321,0
Miami Masters,20230320,Hard,R64,2023,Marton Fucsovics,Holger Rune,74.0,8.0,0,0.2098,0,0.2036,0,0.2353,0
Miami Masters,20230320,Hard,R64,2023,Diego Schwartzman,Yibing Wu,38.0,64.0,1,0.3129,0,0.3912,0,0.3554,0
Miami Masters,20230320,Hard,R64,2023,Guido Pella,Denis Shapovalov,581.0,30.0,0,0.1415,0,0.2581,0,0.2148,0
Miami Masters,20230320,Hard,R64,2023,Taylor Fritz,Emilio Nava,10.0,182.0,1,0.8808,1,0.8704,1,0.8335,1
Miami Masters,20230320,Hard,R64,2023,Tommy Paul,Marc Andrea Huesler,19.0,47.0,1,0.6473,1,0.6826,1,0.5338,1
Miami Masters,20230320,Hard,R64,2023,Alejandro Davidovich Fokina,Brandon Nakashima,25.0,45.0,1,0.5264,1,0.5154,1,0.6164,1
Miami Masters,20230320,Hard,R64,2023,Dusan Lajovic,Maxime Cressy,76.0,37.0,1,0.3484,0,0.3761,0,0.3335,0
Miami Masters,20230320,Hard,R64,2023,Facundo Bagnis,Carlos Alcaraz,100.0,1.0,0,0.0368,0,0.0667,0,0.0144,0
Miami Masters,20230320,Hard,R32,2023,Cristian Garin,Stefanos Tsitsipas,82.0,3.0,0,0.1262,0,0.1498,0,0.1384,0
Miami Masters,20230320,Hard,R32,2023,Karen Khachanov,Jiri Lehecka,16.0,44.0,1,0.6204,1,0.611,1,0.6149,1
Miami Masters,20230320,Hard,R32,2023,Frances Tiafoe,Lorenzo Sonego,14.0,59.0,0,0.7228,1,0.7685,1,0.7907,1
Miami Masters,20230320,Hard,R32,2023,Felix Auger Aliassime,Francisco Cerundolo,6.0,31.0,0,0.7279,1,0.7062,1,0.7333,1
Miami Masters,20230320,Hard,R32,2023,Daniil Medvedev,Alex Molcan,5.0,56.0,1,0.8636,1,0.8382,1,0.8414,1
Miami Masters,20230320,Hard,R32,2023,Mackenzie Mcdonald,Quentin Halys,55.0,79.0,0,0.5969,1,0.6322,1,0.6076,1
Miami Masters,20230320,Hard,R32,2023,Gregoire Barrere,Christopher Eubanks,65.0,119.0,0,0.5505,1,0.605,1,0.625,1
Miami Masters,20230320,Hard,R32,2023,Adrian Mannarino,Hubert Hurkacz,62.0,9.0,1,0.2417,0,0.2693,0,0.2077,0
Miami Masters,20230320,Hard,R32,2023,Andrey Rublev,Miomir Kecmanovic,7.0,35.0,1,0.6926,1,0.6693,1,0.6775,1
Miami Masters,20230320,Hard,R32,2023,Grigor Dimitrov,Jannik Sinner,27.0,11.0,0,0.2929,0,0.2417,0,0.2618,0
Miami Masters,20230320,Hard,R32,2023,Taro Daniel,Emil Ruusuvuori,97.0,54.0,0,0.4328,0,0.436,0,0.4681,0
Miami Masters,20230320,Hard,R32,2023,Botic Van De Zandschulp,Casper Ruud,32.0,4.0,1,0.2334,0,0.3442,0,0.2832,0
Miami Masters,20230320,Hard,R32,2023,Diego Schwartzman,Holger Rune,38.0,8.0,0,0.1674,0,0.2028,0,0.1772,0
Miami Masters,20230320,Hard,R32,2023,Taylor Fritz,Denis Shapovalov,10.0,30.0,1,0.7066,1,0.7506,1,0.809,1
Miami Masters,20230320,Hard,R32,2023,Tommy Paul,Alejandro Davidovich Fokina,19.0,25.0,1,0.5953,1,0.6213,1,0.6554,1
Miami Masters,20230320,Hard,R32,2023,Dusan Lajovic,Carlos Alcaraz,76.0,1.0,0,0.0557,0,0.081,0,0.0385,0
Miami Masters,20230320,Hard,R16,2023,Karen Khachanov,Stefanos Tsitsipas,16.0,3.0,1,0.2766,0,0.2633,0,0.2423,0
Miami Masters,20230320,Hard,R16,2023,Lorenzo Sonego,Francisco Cerundolo,59.0,31.0,0,0.4349,0,0.396,0,0.3928,0
Miami Masters,20230320,Hard,R16,2023,Daniil Medvedev,Quentin Halys,5.0,79.0,1,0.8689,1,0.8693,1,0.8706,1
Miami Masters,20230320,Hard,R16,2023,Adrian Mannarino,Christopher Eubanks,62.0,119.0,0,0.5592,1,0.6176,1,0.6689,1
Miami Masters,20230320,Hard,R16,2023,Andrey Rublev,Jannik Sinner,7.0,11.0,0,0.4707,0,0.4371,0,0.4027,0
Miami Masters,20230320,Hard,R16,2023,Botic Van De Zandschulp,Emil Ruusuvuori,32.0,54.0,0,0.5233,1,0.5273,1,0.5224,1
Miami Masters,20230320,Hard,R16,2023,Taylor Fritz,Holger Rune,10.0,8.0,1,0.4719,0,0.498,0,0.5271,1
Miami Masters,20230320,Hard,R16,2023,Tommy Paul,Carlos Alcaraz,19.0,1.0,0,0.152,0,0.1941,0,0.1708,0
Miami Masters,20230320,Hard,QF,2023,Karen Khachanov,Francisco Cerundolo,16.0,31.0,1,0.6415,1,0.6357,1,0.6388,1
Miami Masters,20230320,Hard,QF,2023,Daniil Medvedev,Christopher Eubanks,5.0,119.0,1,0.872,1,0.871,1,0.8924,1
Miami Masters,20230320,Hard,QF,2023,Emil Ruusuvuori,Jannik Sinner,54.0,11.0,0,0.268,0,0.2081,0,0.1982,0
Miami Masters,20230320,Hard,QF,2023,Taylor Fritz,Carlos Alcaraz,10.0,1.0,0,0.2121,0,0.2836,0,0.2498,0
Miami Masters,20230320,Hard,SF,2023,Daniil Medvedev,Karen Khachanov,5.0,16.0,1,0.6881,1,0.7466,1,0.7811,1
Miami Masters,20230320,Hard,SF,2023,Jannik Sinner,Carlos Alcaraz,11.0,1.0,1,0.2182,0,0.2845,0,0.2074,0
Miami Masters,20230320,Hard,F,2023,Daniil Medvedev,Jannik Sinner,5.0,11.0,1,0.6114,1,0.5925,1,0.5898,1
Marrakech,20230403,Clay,R32,2023,Alexei Popyrin,Younes Lalami Laaroussi,95.0,937.0,1,0.9056,1,0.8585,1,0.9292,1
Marrakech,20230403,Clay,R32,2023,Jaume Munar,Elliot Benchetrit,83.0,445.0,1,0.8299,1,0.8017,1,0.8103,1
Marrakech,20230403,Clay,R32,2023,Nicolas Jarry,Andrea Vavassori,59.0,201.0,0,0.8464,1,0.793,1,0.8446,1
Marrakech,20230403,Clay,R32,2023,Elias Ymer,Adam Moundir,157.0,720.0,1,0.888,1,0.8252,1,0.8269,1
Marrakech,20230403,Clay,R32,2023,Dimitar Kuzmanov,Hugo Grenier,207.0,129.0,1,0.648,1,0.4752,0,0.3916,0
Marrakech,20230403,Clay,R32,2023,Roberto Carballes Baena,Maxime Cressy,82.0,38.0,1,0.4298,0,0.4241,0,0.4368,0
Marrakech,20230403,Clay,R32,2023,Alexey Vatutin,Benjamin Bonzi,295.0,50.0,0,0.1949,0,0.2424,0,0.3163,0
Marrakech,20230403,Clay,R32,2023,Pedro Martinez,Pavel Kotov,125.0,114.0,0,0.4625,0,0.4266,0,0.4339,0
Marrakech,20230403,Clay,R32,2023,Christopher Oconnell,Riccardo Bonadio,87.0,181.0,1,0.5375,1,0.5096,1,0.5916,1
Marrakech,20230403,Clay,R32,2023,Richard Gasquet,Alexandre Muller,42.0,126.0,0,0.6292,1,0.6613,1,0.6295,1
Marrakech,20230403,Clay,R32,2023,Aslan Karatsev,Francesco Passaro,124.0,115.0,0,0.5523,1,0.5812,1,0.6312,1
Marrakech,20230403,Clay,R32,2023,Jan Lennard Struff,Hugo Gaston,100.0,104.0,0,0.4982,0,0.4766,0,0.3041,0
Marrakech,20230403,Clay,R16,2023,Daniel Evans,Alexei Popyrin,30.0,95.0,1,0.5124,1,0.6009,1,0.6594,1
Marrakech,20230403,Clay,R16,2023,Andrea Vavassori,Jaume Munar,201.0,83.0,1,0.262,0,0.296,0,0.3973,0
Marrakech,20230403,Clay,R16,2023,Elias Ymer,Tallon Griekspoor,157.0,35.0,0,0.3941,0,0.3499,0,0.2979,0
Marrakech,20230403,Clay,R16,2023,Roberto Carballes Baena,Dimitar Kuzmanov,82.0,207.0,1,0.5121,1,0.6284,1,0.6491,1
Marrakech,20230403,Clay,R16,2023,Benjamin Bonzi,Pavel Kotov,50.0,114.0,0,0.5372,1,0.5622,1,0.5122,1
Marrakech,20230403,Clay,R16,2023,Christopher Oconnell,Botic Van De Zandschulp,87.0,31.0,1,0.3499,0,0.2988,0,0.2866,0
Marrakech,20230403,Clay,R16,2023,Alexandre Muller,Francesco Passaro,126.0,115.0,1,0.5627,1,0.5101,1,0.5494,1
Marrakech,20230403,Clay,R16,2023,Hugo Gaston,Lorenzo Musetti,104.0,21.0,0,0.2824,0,0.2197,0,0.2266,0
Marrakech,20230403,Clay,QF,2023,Daniel Evans,Andrea Vavassori,30.0,201.0,1,0.6676,1,0.7131,1,0.6432,1
Marrakech,20230403,Clay,QF,2023,Roberto Carballes Baena,Tallon Griekspoor,82.0,35.0,1,0.3889,0,0.3616,0,0.3234,0
Marrakech,20230403,Clay,QF,2023,Christopher Oconnell,Pavel Kotov,87.0,114.0,0,0.5103,1,0.527,1,0.5191,1
Marrakech,20230403,Clay,QF,2023,Alexandre Muller,Lorenzo Musetti,126.0,21.0,1,0.2746,0,0.2832,0,0.1867,0
Marrakech,20230403,Clay,SF,2023,Daniel Evans,Roberto Carballes Baena,30.0,82.0,0,0.4774,0,0.5172,1,0.4461,0
Marrakech,20230403,Clay,SF,2023,Alexandre Muller,Pavel Kotov,126.0,114.0,1,0.4297,0,0.408,0,0.4752,0
Marrakech,20230403,Clay,F,2023,Roberto Carballes Baena,Alexandre Muller,82.0,126.0,1,0.57,1,0.6353,1,0.7368,1
Houston,20230403,Clay,R32,2023,Yannick Hanfmann,Yosuke Watanuki,134.0,107.0,1,0.4575,0,0.4629,0,0.4875,0
Houston,20230403,Clay,R32,2023,Jack Sock,Tomas Machac,166.0,138.0,0,0.2609,0,0.3562,0,0.3958,0
Houston,20230403,Clay,R32,2023,Emilio Gomez,Marcos Giron,99.0,69.0,0,0.4139,0,0.3865,0,0.4196,0
Houston,20230403,Clay,R32,2023,Hugo Dellien,Cristian Garin,112.0,74.0,0,0.4436,0,0.4433,0,0.4487,0
Houston,20230403,Clay,R32,2023,Max Purcell,Daniel Altmaier,86.0,108.0,1,0.4546,0,0.4686,0,0.5063,1
Houston,20230403,Clay,R32,2023,Tomas Martin Etcheverry,Juan Manuel Cerundolo,73.0,119.0,1,0.5354,1,0.5104,1,0.5324,1
Houston,20230403,Clay,R32,2023,Jordan Thompson,J J Wolf,84.0,54.0,0,0.3746,0,0.3171,0,0.3838,0
Houston,20230403,Clay,R32,2023,Denis Kudla,Aleksandar Vukic,137.0,151.0,1,0.5107,1,0.5133,1,0.5196,1
Houston,20230403,Clay,R32,2023,Gijs Brouwer,Aleksandar Kovacevic,123.0,101.0,1,0.6904,1,0.6638,1,0.814,1
Houston,20230403,Clay,R32,2023,Fernando Verdasco,Jason Kubler,232.0,71.0,0,0.304,0,0.3653,0,0.4343,0
Houston,20230403,Clay,R32,2023,Zhizhen Zhang,Daniel Elahi Galan,93.0,94.0,0,0.6228,1,0.5743,1,0.6111,1
Houston,20230403,Clay,R32,2023,Steve Johnson,Facundo Bagnis,152.0,113.0,1,0.5214,1,0.5193,1,0.473,0
Houston,20230403,Clay,R16,2023,Yannick Hanfmann,Tommy Paul,134.0,18.0,1,0.3676,0,0.3716,0,0.4235,0
Houston,20230403,Clay,R16,2023,Marcos Giron,Tomas Machac,69.0,138.0,0,0.3576,0,0.5187,1,0.5854,1
Houston,20230403,Clay,R16,2023,Cristian Garin,Zizou Bergs,74.0,167.0,1,0.7192,1,0.7048,1,0.6924,1
Houston,20230403,Clay,R16,2023,Max Purcell,Tomas Martin Etcheverry,86.0,73.0,0,0.3035,0,0.3058,0,0.2434,0
Houston,20230403,Clay,R16,2023,Denis Kudla,J J Wolf,137.0,54.0,0,0.284,0,0.283,0,0.2976,0
Houston,20230403,Clay,R16,2023,John Isner,Gijs Brouwer,46.0,123.0,0,0.5346,1,0.5566,1,0.6493,1
Houston,20230403,Clay,R16,2023,Jason Kubler,Daniel Elahi Galan,71.0,94.0,1,0.5579,1,0.5938,1,0.5608,1
Houston,20230403,Clay,R16,2023,Steve Johnson,Frances Tiafoe,152.0,15.0,0,0.1948,0,0.2486,0,0.2383,0
Houston,20230403,Clay,QF,2023,Yannick Hanfmann,Tomas Machac,134.0,138.0,1,0.3957,0,0.4346,0,0.2779,0
Houston,20230403,Clay,QF,2023,Cristian Garin,Tomas Martin Etcheverry,74.0,73.0,0,0.4923,0,0.5077,1,0.4547,0
Houston,20230403,Clay,QF,2023,Gijs Brouwer,J J Wolf,123.0,54.0,1,0.4981,0,0.5213,1,0.568,1
Houston,20230403,Clay,QF,2023,Jason Kubler,Frances Tiafoe,71.0,15.0,0,0.2851,0,0.2849,0,0.2563,0
Houston,20230403,Clay,SF,2023,Yannick Hanfmann,Tomas Martin Etcheverry,134.0,73.0,0,0.442,0,0.4484,0,0.4258,0
Houston,20230403,Clay,SF,2023,Frances Tiafoe,Gijs Brouwer,15.0,123.0,1,0.6738,1,0.636,1,0.6108,1
Houston,20230403,Clay,F,2023,Frances Tiafoe,Tomas Martin Etcheverry,15.0,73.0,1,0.6801,1,0.7583,1,0.6991,1
Estoril,20230403,Clay,R32,2023,Bernabe Zapata Miralles,Henrique Rocha,43.0,596.0,1,0.9035,1,0.8937,1,0.9208,1
Estoril,20230403,Clay,R32,2023,Albert Ramos,Jurij Rodionov,52.0,120.0,0,0.5179,1,0.5437,1,0.5789,1
Estoril,20230403,Clay,R32,2023,Miomir Kecmanovic,Luca Nardi,40.0,161.0,1,0.759,1,0.7466,1,0.746,1
Estoril,20230403,Clay,R32,2023,Pedro Sousa,Luca Van Assche,475.0,91.0,0,0.2475,0,0.3453,0,0.3532,0
Estoril,20230403,Clay,R32,2023,Fabio Fognini,Alessandro Giannessi,97.0,224.0,1,0.6841,1,0.6639,1,0.6441,1
Estoril,20230403,Clay,R32,2023,Diego Schwartzman,Marco Cecchinato,36.0,96.0,0,0.5012,1,0.5154,1,0.4885,0
Estoril,20230403,Clay,R32,2023,Constant Lestienne,Ben Shelton,63.0,39.0,0,0.3717,0,0.3634,0,0.2807,0
Estoril,20230403,Clay,R32,2023,Dominic Thiem,Sebastian Ofner,111.0,122.0,1,0.5357,1,0.572,1,0.5466,1
Estoril,20230403,Clay,R32,2023,Quentin Halys,Nuno Borges,80.0,65.0,1,0.4608,0,0.4493,0,0.4657,0
Estoril,20230403,Clay,R32,2023,Radu Albot,Sebastian Baez,106.0,32.0,0,0.2336,0,0.2854,0,0.2638,0
Estoril,20230403,Clay,R32,2023,Pedro Cachin,Chun Hsin Tseng,67.0,145.0,1,0.6399,1,0.641,1,0.6168,1
Estoril,20230403,Clay,R32,2023,Joao Sousa,Giulio Zeppieri,147.0,121.0,1,0.457,0,0.4705,0,0.5809,1
Estoril,20230403,Clay,R16,2023,Bernabe Zapata Miralles,Hubert Hurkacz,43.0,12.0,1,0.3103,0,0.2899,0,0.3538,0
Estoril,20230403,Clay,R16,2023,Miomir Kecmanovic,Jurij Rodionov,40.0,120.0,1,0.6104,1,0.6044,1,0.5861,1
Estoril,20230403,Clay,R16,2023,Alejandro Davidovich Fokina,Luca Van Assche,24.0,91.0,1,0.7786,1,0.7816,1,0.686,1
Estoril,20230403,Clay,R16,2023,Fabio Fognini,Marco Cecchinato,97.0,96.0,0,0.4004,0,0.3858,0,0.3292,0
Estoril,20230403,Clay,R16,2023,Dominic Thiem,Ben Shelton,111.0,39.0,1,0.4681,0,0.4683,0,0.5062,1
Estoril,20230403,Clay,R16,2023,Roberto Bautista Agut,Quentin Halys,28.0,80.0,0,0.6159,1,0.7038,1,0.7086,1
Estoril,20230403,Clay,R16,2023,Pedro Cachin,Sebastian Baez,67.0,32.0,0,0.3258,0,0.2818,0,0.2489,0
Estoril,20230403,Clay,R16,2023,Joao Sousa,Casper Ruud,147.0,5.0,0,0.1132,0,0.1385,0,0.2234,0
Estoril,20230403,Clay,QF,2023,Bernabe Zapata Miralles,Miomir Kecmanovic,43.0,40.0,0,0.4875,0,0.4621,0,0.477,0
Estoril,20230403,Clay,QF,2023,Marco Cecchinato,Alejandro Davidovich Fokina,96.0,24.0,1,0.3484,0,0.353,0,0.3383,0
Estoril,20230403,Clay,QF,2023,Dominic Thiem,Quentin Halys,111.0,80.0,0,0.492,0,0.4865,0,0.5932,1
Estoril,20230403,Clay,QF,2023,Casper Ruud,Sebastian Baez,5.0,32.0,1,0.7529,1,0.7429,1,0.8034,1
Estoril,20230403,Clay,SF,2023,Marco Cecchinato,Miomir Kecmanovic,96.0,40.0,0,0.3906,0,0.3839,0,0.358,0
Estoril,20230403,Clay,SF,2023,Quentin Halys,Casper Ruud,80.0,5.0,0,0.1312,0,0.1424,0,0.0985,0
Estoril,20230403,Clay,F,2023,Casper Ruud,Miomir Kecmanovic,5.0,40.0,1,0.7666,1,0.7315,1,0.7656,1
Monte Carlo Masters,20230410,Clay,R64,2023,Benjamin Bonzi,Bernabe Zapata Miralles,48.0,41.0,1,0.4159,0,0.3736,0,0.3439,0
Monte Carlo Masters,20230410,Clay,R64,2023,Dusan Lajovic,Alexei Popyrin,69.0,94.0,0,0.52,1,0.592,1,0.5565,1
Monte Carlo Masters,20230410,Clay,R64,2023,Borna Coric,Nicolas Jarry,20.0,58.0,0,0.4555,0,0.4912,0,0.5048,1
Monte Carlo Masters,20230410,Clay,R64,2023,Emil Ruusuvuori,Jiri Lehecka,38.0,42.0,0,0.488,0,0.4571,0,0.4684,0
Monte Carlo Masters,20230410,Clay,R64,2023,Grigor Dimitrov,Ben Shelton,25.0,39.0,1,0.5559,1,0.5822,1,0.5654,1
Monte Carlo Masters,20230410,Clay,R64,2023,Stan Wawrinka,Tallon Griekspoor,90.0,35.0,1,0.3676,0,0.4101,0,0.4312,0
Monte Carlo Masters,20230410,Clay,R64,2023,Marton Fucsovics,Botic Van De Zandschulp,73.0,31.0,0,0.4261,0,0.3845,0,0.4003,0
Monte Carlo Masters,20230410,Clay,R64,2023,Albert Ramos,Jan Lennard Struff,50.0,100.0,0,0.6202,1,0.5772,1,0.5829,1
Monte Carlo Masters,20230410,Clay,R64,2023,Andy Murray,Alex De Minaur,54.0,19.0,0,0.3898,0,0.4281,0,0.4566,0
Monte Carlo Masters,20230410,Clay,R64,2023,Karen Khachanov,Alejandro Davidovich Fokina,12.0,24.0,1,0.6112,1,0.6155,1,0.5212,1
Monte Carlo Masters,20230410,Clay,R64,2023,Daniel Evans,Ilya Ivashka,28.0,74.0,0,0.4966,0,0.5111,1,0.5436,1
Monte Carlo Masters,20230410,Clay,R64,2023,Jaume Munar,Marc Andrea Huesler,83.0,60.0,1,0.5088,1,0.5114,1,0.5166,1
Monte Carlo Masters,20230410,Clay,R64,2023,Richard Gasquet,Dominic Thiem,43.0,106.0,0,0.5533,1,0.5951,1,0.5671,1
Monte Carlo Masters,20230410,Clay,R64,2023,Matteo Berrettini,Maxime Cressy,22.0,40.0,1,0.6627,1,0.7157,1,0.7673,1
Monte Carlo Masters,20230410,Clay,R64,2023,Cameron Norrie,Francisco Cerundolo,14.0,33.0,0,0.6654,1,0.7442,1,0.7214,1
Monte Carlo Masters,20230410,Clay,R64,2023,Alexander Zverev,Alexander Bublik,16.0,53.0,1,0.7464,1,0.7518,1,0.6986,1
Monte Carlo Masters,20230410,Clay,R64,2023,Roberto Bautista Agut,Filip Krajinovic,29.0,78.0,1,0.5531,1,0.5678,1,0.6349,1
Monte Carlo Masters,20230410,Clay,R64,2023,Lorenzo Sonego,Ugo Humbert,45.0,79.0,1,0.5226,1,0.4989,0,0.4911,0
Monte Carlo Masters,20230410,Clay,R64,2023,David Goffin,Diego Schwartzman,85.0,37.0,0,0.5128,1,0.5146,1,0.5172,1
Monte Carlo Masters,20230410,Clay,R64,2023,Sebastian Baez,Jack Draper,32.0,56.0,0,0.4971,0,0.5084,1,0.4908,0
Monte Carlo Masters,20230410,Clay,R64,2023,Laslo Djere,Hubert Hurkacz,62.0,13.0,0,0.2988,0,0.2731,0,0.2485,0
Monte Carlo Masters,20230410,Clay,R64,2023,Miomir Kecmanovic,Lorenzo Musetti,34.0,21.0,0,0.4998,0,0.4855,0,0.4709,0
Monte Carlo Masters,20230410,Clay,R64,2023,Valentin Vacherot,Luca Nardi,357.0,159.0,0,0.3707,0,0.3546,0,0.2893,0
Monte Carlo Masters,20230410,Clay,R64,2023,Mackenzie Mcdonald,Ivan Gakhov,52.0,198.0,0,0.7722,1,0.7337,1,0.7896,1
Monte Carlo Masters,20230410,Clay,R32,2023,Benjamin Bonzi,Stefanos Tsitsipas,48.0,3.0,0,0.1343,0,0.1676,0,0.121,0
Monte Carlo Masters,20230410,Clay,R32,2023,Nicolas Jarry,Alexei Popyrin,58.0,94.0,1,0.658,1,0.6814,1,0.6688,1
Monte Carlo Masters,20230410,Clay,R32,2023,Grigor Dimitrov,Jiri Lehecka,25.0,42.0,0,0.5297,1,0.5169,1,0.5056,1
Monte Carlo Masters,20230410,Clay,R32,2023,Stan Wawrinka,Taylor Fritz,90.0,10.0,0,0.1866,0,0.2117,0,0.229,0
Monte Carlo Masters,20230410,Clay,R32,2023,Botic Van De Zandschulp,Casper Ruud,31.0,4.0,0,0.203,0,0.2488,0,0.245,0
Monte Carlo Masters,20230410,Clay,R32,2023,Jan Lennard Struff,Alex De Minaur,100.0,19.0,1,0.2198,0,0.2263,0,0.2137,0
Monte Carlo Masters,20230410,Clay,R32,2023,Karen Khachanov,Ilya Ivashka,12.0,74.0,1,0.7385,1,0.7498,1,0.8086,1
Monte Carlo Masters,20230410,Clay,R32,2023,Andrey Rublev,Jaume Munar,6.0,83.0,1,0.7614,1,0.7918,1,0.7386,1
Monte Carlo Masters,20230410,Clay,R32,2023,Dominic Thiem,Holger Rune,106.0,9.0,0,0.179,0,0.2089,0,0.2407,0
Monte Carlo Masters,20230410,Clay,R32,2023,Matteo Berrettini,Francisco Cerundolo,22.0,33.0,1,0.5651,1,0.6228,1,0.6497,1
Monte Carlo Masters,20230410,Clay,R32,2023,Alexander Zverev,Roberto Bautista Agut,16.0,29.0,1,0.7222,1,0.6829,1,0.7492,1
Monte Carlo Masters,20230410,Clay,R32,2023,Daniil Medvedev,Lorenzo Sonego,5.0,45.0,1,0.846,1,0.8359,1,0.7823,1
Monte Carlo Masters,20230410,Clay,R32,2023,Diego Schwartzman,Jannik Sinner,37.0,8.0,0,0.1715,0,0.1836,0,0.1975,0
Monte Carlo Masters,20230410,Clay,R32,2023,Hubert Hurkacz,Jack Draper,13.0,56.0,1,0.6396,1,0.5768,1,0.518,1
Monte Carlo Masters,20230410,Clay,R32,2023,Lorenzo Musetti,Luca Nardi,21.0,159.0,1,0.785,1,0.8208,1,0.8314,1
Monte Carlo Masters,20230410,Clay,R32,2023,Novak Djokovic,Ivan Gakhov,1.0,198.0,1,0.9598,1,0.9481,1,0.9516,1
Monte Carlo Masters,20230410,Clay,R16,2023,Nicolas Jarry,Stefanos Tsitsipas,58.0,3.0,0,0.2229,0,0.2993,0,0.3183,0
Monte Carlo Masters,20230410,Clay,R16,2023,Taylor Fritz,Jiri Lehecka,10.0,42.0,1,0.6991,1,0.6996,1,0.7096,1
Monte Carlo Masters,20230410,Clay,R16,2023,Jan Lennard Struff,Casper Ruud,100.0,4.0,1,0.0939,0,0.2052,0,0.1444,0
Monte Carlo Masters,20230410,Clay,R16,2023,Karen Khachanov,Andrey Rublev,12.0,6.0,0,0.4483,0,0.4224,0,0.4015,0
Monte Carlo Masters,20230410,Clay,R16,2023,Matteo Berrettini,Holger Rune,22.0,9.0,0,0.3654,0,0.42,0,0.4284,0
Monte Carlo Masters,20230410,Clay,R16,2023,Alexander Zverev,Daniil Medvedev,16.0,5.0,0,0.3107,0,0.3443,0,0.4495,0
Monte Carlo Masters,20230410,Clay,R16,2023,Hubert Hurkacz,Jannik Sinner,13.0,8.0,0,0.3972,0,0.3756,0,0.3984,0
Monte Carlo Masters,20230410,Clay,R16,2023,Novak Djokovic,Lorenzo Musetti,1.0,21.0,0,0.8354,1,0.8315,1,0.8154,1
Monte Carlo Masters,20230410,Clay,QF,2023,Taylor Fritz,Stefanos Tsitsipas,10.0,3.0,1,0.3449,0,0.3941,0,0.4324,0
Monte Carlo Masters,20230410,Clay,QF,2023,Jan Lennard Struff,Andrey Rublev,100.0,6.0,0,0.1493,0,0.2138,0,0.1781,0
Monte Carlo Masters,20230410,Clay,QF,2023,Daniil Medvedev,Holger Rune,5.0,9.0,0,0.6285,1,0.6151,1,0.6449,1
Monte Carlo Masters,20230410,Clay,QF,2023,Jannik Sinner,Lorenzo Musetti,8.0,21.0,1,0.721,1,0.7803,1,0.8241,1
Monte Carlo Masters,20230410,Clay,SF,2023,Andrey Rublev,Taylor Fritz,6.0,10.0,1,0.4962,0,0.4798,0,0.4453,0
Monte Carlo Masters,20230410,Clay,SF,2023,Jannik Sinner,Holger Rune,8.0,9.0,0,0.5452,1,0.5623,1,0.5519,1
Monte Carlo Masters,20230410,Clay,F,2023,Andrey Rublev,Holger Rune,6.0,9.0,1,0.4869,0,0.4551,0,0.4323,0
Munich,20230417,Clay,R32,2023,Marton Fucsovics,Max Hans Rehberg,75.0,412.0,1,0.8159,1,0.7896,1,0.8051,1
Munich,20230417,Clay,R32,2023,Constant Lestienne,Dominic Thiem,60.0,101.0,0,0.3771,0,0.4441,0,0.4045,0
Munich,20230417,Clay,R32,2023,Kyle Edmund,Marc Andrea Huesler,509.0,63.0,0,0.1684,0,0.2422,0,0.2914,0
Munich,20230417,Clay,R32,2023,Aslan Karatsev,Daniel Altmaier,129.0,93.0,1,0.4748,0,0.4886,0,0.4672,0
Munich,20230417,Clay,R32,2023,Jan Lennard Struff,Alexander Ritschard,64.0,209.0,0,0.596,1,0.5973,1,0.5996,1
Munich,20230417,Clay,R32,2023,Roberto Carballes Baena,Marcos Giron,53.0,68.0,0,0.5722,1,0.5835,1,0.5546,1
Munich,20230417,Clay,R32,2023,Oscar Otte,Sebastian Baez,94.0,30.0,1,0.396,0,0.3641,0,0.4494,0
Munich,20230417,Clay,R32,2023,Jordan Thompson,Flavio Cobolli,91.0,208.0,0,0.6171,1,0.6391,1,0.6445,1
Munich,20230417,Clay,R32,2023,Christopher Oconnell,Ugo Humbert,82.0,72.0,1,0.5271,1,0.558,1,0.5645,1
Munich,20230417,Clay,R32,2023,Quentin Halys,Lorenzo Sonego,65.0,45.0,0,0.5432,1,0.5123,1,0.5205,1
Munich,20230417,Clay,R32,2023,Cristian Garin,Marko Topo,86.0,478.0,1,0.8405,1,0.8347,1,0.8613,1
Munich,20230417,Clay,R32,2023,Yannick Hanfmann,Thiago Monteiro,112.0,89.0,1,0.5767,1,0.605,1,0.6376,1
Munich,20230417,Clay,R16,2023,Marton Fucsovics,Taylor Fritz,75.0,10.0,0,0.2234,0,0.2044,0,0.2011,0
Munich,20230417,Clay,R16,2023,Dominic Thiem,Marc Andrea Huesler,101.0,63.0,1,0.4929,0,0.5291,1,0.549,1
Munich,20230417,Clay,R16,2023,Aslan Karatsev,Botic Van De Zandschulp,129.0,29.0,0,0.278,0,0.2389,0,0.292,0
Munich,20230417,Clay,R16,2023,Marcos Giron,Alexander Ritschard,68.0,209.0,1,0.5326,1,0.5531,1,0.4859,0
Munich,20230417,Clay,R16,2023,Oscar Otte,Flavio Cobolli,94.0,208.0,0,0.735,1,0.7135,1,0.7006,1
Munich,20230417,Clay,R16,2023,Alexander Zverev,Christopher Oconnell,16.0,82.0,0,0.7133,1,0.7445,1,0.797,1
Munich,20230417,Clay,R16,2023,Cristian Garin,Lorenzo Sonego,86.0,45.0,1,0.498,0,0.4985,0,0.4944,0
Munich,20230417,Clay,R16,2023,Yannick Hanfmann,Holger Rune,112.0,7.0,0,0.2154,0,0.2907,0,0.3432,0
Munich,20230417,Clay,QF,2023,Dominic Thiem,Taylor Fritz,101.0,10.0,0,0.1886,0,0.1795,0,0.1525,0
Munich,20230417,Clay,QF,2023,Marcos Giron,Botic Van De Zandschulp,68.0,29.0,0,0.3673,0,0.3296,0,0.3,0
Munich,20230417,Clay,QF,2023,Christopher Oconnell,Flavio Cobolli,82.0,208.0,1,0.7398,1,0.7331,1,0.7005,1
Munich,20230417,Clay,QF,2023,Cristian Garin,Holger Rune,86.0,7.0,0,0.2043,0,0.2108,0,0.1956,0
Munich,20230417,Clay,SF,2023,Botic Van De Zandschulp,Taylor Fritz,29.0,10.0,1,0.2951,0,0.2804,0,0.2529,0
Munich,20230417,Clay,SF,2023,Christopher Oconnell,Holger Rune,82.0,7.0,0,0.1953,0,0.1678,0,0.1534,0
Munich,20230417,Clay,F,2023,Botic Van De Zandschulp,Holger Rune,29.0,7.0,0,0.2616,0,0.2703,0,0.2702,0
Barcelona,20230417,Clay,R64,2023,Pedro Cachin,Gijs Brouwer,69.0,121.0,1,0.3716,0,0.4629,0,0.38,0
Barcelona,20230417,Clay,R64,2023,Jozef Kovalik,Pedro Martinez,155.0,136.0,1,0.4733,0,0.4826,0,0.4903,0
Barcelona,20230417,Clay,R64,2023,Albert Ramos,Emilio Gomez,58.0,120.0,0,0.6208,1,0.6215,1,0.575,1
Barcelona,20230417,Clay,R64,2023,Lorenzo Giustino,Alexander Shevchenko,223.0,98.0,0,0.3422,0,0.337,0,0.3569,0
Barcelona,20230417,Clay,R64,2023,Diego Schwartzman,Yibing Wu,48.0,56.0,1,0.4853,0,0.5237,1,0.6259,1
Barcelona,20230417,Clay,R64,2023,Feliciano Lopez,David Goffin,593.0,99.0,0,0.1785,0,0.2752,0,0.2704,0
Barcelona,20230417,Clay,R64,2023,Jason Kubler,Daniel Rincon,66.0,300.0,1,0.8054,1,0.7739,1,0.7491,1
Barcelona,20230417,Clay,R64,2023,Pavel Kotov,Oleksii Krutykh,108.0,180.0,1,0.7629,1,0.7225,1,0.7329,1
Barcelona,20230417,Clay,R64,2023,Marco Trungelliti,Nicolas Jarry,240.0,51.0,0,0.1156,0,0.1675,0,0.0875,0
Barcelona,20230417,Clay,R64,2023,Jaume Munar,Matteo Arnaldi,83.0,105.0,0,0.6868,1,0.6896,1,0.7312,1
Barcelona,20230417,Clay,R64,2023,Fernando Verdasco,Francesco Passaro,244.0,125.0,0,0.3274,0,0.3522,0,0.3558,0
Barcelona,20230417,Clay,R64,2023,Mackenzie Mcdonald,Ben Shelton,54.0,37.0,0,0.4858,0,0.4898,0,0.5434,1
Barcelona,20230417,Clay,R64,2023,Alexander Bublik,Emil Ruusuvuori,55.0,40.0,0,0.4037,0,0.3546,0,0.3322,0
Barcelona,20230417,Clay,R64,2023,Pablo Andujar,Tomas Martin Etcheverry,323.0,59.0,0,0.1518,0,0.2516,0,0.1964,0
Barcelona,20230417,Clay,R64,2023,Attila Balazs,Bernabe Zapata Miralles,745.0,41.0,0,0.063,0,0.1938,0,0.1721,0
Barcelona,20230417,Clay,R64,2023,Ilya Ivashka,Nuno Borges,61.0,79.0,0,0.5866,1,0.5998,1,0.5824,1
Barcelona,20230417,Clay,R32,2023,Pedro Cachin,Stefanos Tsitsipas,69.0,5.0,0,0.1349,0,0.0883,0,0.0615,0
Barcelona,20230417,Clay,R32,2023,Jozef Kovalik,Denis Shapovalov,155.0,28.0,0,0.3042,0,0.2783,0,0.257,0
Barcelona,20230417,Clay,R32,2023,Grigor Dimitrov,Emilio Gomez,31.0,120.0,1,0.7219,1,0.6884,1,0.7466,1
Barcelona,20230417,Clay,R32,2023,Alex De Minaur,Alexander Shevchenko,19.0,98.0,1,0.8033,1,0.856,1,0.8521,1
Barcelona,20230417,Clay,R32,2023,Diego Schwartzman,Jannik Sinner,48.0,8.0,0,0.1565,0,0.1569,0,0.1902,0
Barcelona,20230417,Clay,R32,2023,David Goffin,Yoshihito Nishioka,99.0,35.0,0,0.5495,1,0.4922,0,0.4994,0
Barcelona,20230417,Clay,R32,2023,Jason Kubler,Lorenzo Musetti,66.0,20.0,0,0.3745,0,0.4373,0,0.4644,0
Barcelona,20230417,Clay,R32,2023,Cameron Norrie,Pavel Kotov,13.0,108.0,1,0.7157,1,0.7676,1,0.739,1
Barcelona,20230417,Clay,R32,2023,Karen Khachanov,Nicolas Jarry,11.0,51.0,1,0.6087,1,0.5688,1,0.5596,1
Barcelona,20230417,Clay,R32,2023,Daniel Evans,Matteo Arnaldi,26.0,105.0,1,0.6477,1,0.7152,1,0.628,1
Barcelona,20230417,Clay,R32,2023,Francisco Cerundolo,Francesco Passaro,32.0,125.0,1,0.6766,1,0.6926,1,0.6361,1
Barcelona,20230417,Clay,R32,2023,Casper Ruud,Ben Shelton,3.0,37.0,1,0.8317,1,0.8147,1,0.818,1
Barcelona,20230417,Clay,R32,2023,Frances Tiafoe,Emil Ruusuvuori,12.0,40.0,0,0.6997,1,0.7136,1,0.7187,1
Barcelona,20230417,Clay,R32,2023,Tomas Martin Etcheverry,Alejandro Davidovich Fokina,59.0,38.0,0,0.5222,1,0.487,0,0.5276,1
Barcelona,20230417,Clay,R32,2023,Roberto Bautista Agut,Bernabe Zapata Miralles,25.0,41.0,1,0.4418,0,0.4881,0,0.4576,0
Barcelona,20230417,Clay,R32,2023,Nuno Borges,Carlos Alcaraz,79.0,2.0,0,0.0636,0,0.0705,0,0.0582,0
Barcelona,20230417,Clay,R16,2023,Stefanos Tsitsipas,Denis Shapovalov,5.0,28.0,1,0.797,1,0.8141,1,0.8212,1
Barcelona,20230417,Clay,R16,2023,Grigor Dimitrov,Alex De Minaur,31.0,19.0,0,0.4042,0,0.3515,0,0.33,0
Barcelona,20230417,Clay,R16,2023,Yoshihito Nishioka,Jannik Sinner,35.0,8.0,0,0.1229,0,0.184,0,0.1678,0
Barcelona,20230417,Clay,R16,2023,Cameron Norrie,Lorenzo Musetti,13.0,20.0,0,0.6158,1,0.6465,1,0.6993,1
Barcelona,20230417,Clay,R16,2023,Daniel Evans,Karen Khachanov,26.0,11.0,1,0.2403,0,0.2263,0,0.1801,0
Barcelona,20230417,Clay,R16,2023,Casper Ruud,Francisco Cerundolo,3.0,32.0,0,0.7842,1,0.773,1,0.7138,1
Barcelona,20230417,Clay,R16,2023,Alejandro Davidovich Fokina,Emil Ruusuvuori,38.0,40.0,1,0.5008,1,0.5018,1,0.4767,0
Barcelona,20230417,Clay,R16,2023,Roberto Bautista Agut,Carlos Alcaraz,25.0,2.0,0,0.09,0,0.169,0,0.2167,0
Barcelona,20230417,Clay,QF,2023,Stefanos Tsitsipas,Alex De Minaur,5.0,19.0,1,0.7126,1,0.6619,1,0.7571,1
Barcelona,20230417,Clay,QF,2023,Jannik Sinner,Lorenzo Musetti,8.0,20.0,0,0.7026,1,0.7832,1,0.8193,1
Barcelona,20230417,Clay,QF,2023,Daniel Evans,Francisco Cerundolo,26.0,32.0,1,0.3716,0,0.3868,0,0.3386,0
Barcelona,20230417,Clay,QF,2023,Alejandro Davidovich Fokina,Carlos Alcaraz,38.0,2.0,0,0.1034,0,0.0833,0,0.046,0
Barcelona,20230417,Clay,SF,2023,Stefanos Tsitsipas,Lorenzo Musetti,5.0,20.0,1,0.7321,1,0.7042,1,0.6802,1
Barcelona,20230417,Clay,SF,2023,Daniel Evans,Carlos Alcaraz,26.0,2.0,0,0.076,0,0.1213,0,0.0518,0
Barcelona,20230417,Clay,F,2023,Stefanos Tsitsipas,Carlos Alcaraz,5.0,2.0,0,0.3162,0,0.3049,0,0.2915,0
Banja Luka,20230417,Clay,R32,2023,Juan Pablo Varillas,Hugo Gaston,92.0,107.0,1,0.586,1,0.597,1,0.5535,1
Banja Luka,20230417,Clay,R32,2023,Damir Dzumhur,Liam Broady,202.0,132.0,1,0.5874,1,0.4304,0,0.5529,1
Banja Luka,20230417,Clay,R32,2023,Richard Gasquet,Dino Prizmic,42.0,342.0,1,0.7601,1,0.7693,1,0.8206,1
Banja Luka,20230417,Clay,R32,2023,Laslo Djere,Roman Safiullin,78.0,106.0,1,0.579,1,0.5591,1,0.5858,1
Banja Luka,20230417,Clay,R32,2023,Taro Daniel,Alex Molcan,100.0,73.0,0,0.4652,0,0.464,0,0.4943,0
Banja Luka,20230417,Clay,R32,2023,Tallon Griekspoor,Alexei Popyrin,34.0,81.0,0,0.5456,1,0.587,1,0.5638,1
Banja Luka,20230417,Clay,R32,2023,Gael Monfils,Jiri Lehecka,322.0,36.0,0,0.2013,0,0.2935,0,0.2367,0
Banja Luka,20230417,Clay,R32,2023,Radu Albot,Federico Coria,110.0,76.0,1,0.3435,0,0.3303,0,0.2555,0
Banja Luka,20230417,Clay,R32,2023,Elias Ymer,Abedallah Shelbayh,139.0,267.0,0,0.7285,1,0.7143,1,0.6348,1
Banja Luka,20230417,Clay,R32,2023,Gregoire Barrere,Hamad Medjedovic,57.0,212.0,1,0.7136,1,0.688,1,0.6876,1
Banja Luka,20230417,Clay,R32,2023,Dusan Lajovic,Filip Krajinovic,70.0,74.0,1,0.5447,1,0.5008,1,0.5288,1
Banja Luka,20230417,Clay,R32,2023,Stan Wawrinka,Luca Van Assche,84.0,87.0,0,0.4811,0,0.5108,1,0.4094,0
Banja Luka,20230417,Clay,R16,2023,Juan Pablo Varillas,Andrey Rublev,92.0,6.0,0,0.1785,0,0.1919,0,0.1884,0
Banja Luka,20230417,Clay,R16,2023,Richard Gasquet,Damir Dzumhur,42.0,202.0,0,0.5557,1,0.6501,1,0.5529,1
Banja Luka,20230417,Clay,R16,2023,Borna Coric,Laslo Djere,21.0,78.0,0,0.5789,1,0.6159,1,0.6177,1
Banja Luka,20230417,Clay,R16,2023,Alex Molcan,Alexei Popyrin,73.0,81.0,1,0.5243,1,0.5681,1,0.5534,1
Banja Luka,20230417,Clay,R16,2023,Radu Albot,Jiri Lehecka,110.0,36.0,0,0.2382,0,0.2733,0,0.1984,0
Banja Luka,20230417,Clay,R16,2023,Miomir Kecmanovic,Abedallah Shelbayh,33.0,267.0,1,0.8326,1,0.8179,1,0.8485,1
Banja Luka,20230417,Clay,R16,2023,Dusan Lajovic,Gregoire Barrere,70.0,57.0,1,0.5102,1,0.5039,1,0.5479,1
Banja Luka,20230417,Clay,R16,2023,Novak Djokovic,Luca Van Assche,1.0,87.0,1,0.8971,1,0.8654,1,0.9393,1
Banja Luka,20230417,Clay,QF,2023,Damir Dzumhur,Andrey Rublev,202.0,6.0,0,0.1331,0,0.1868,0,0.0903,0
Banja Luka,20230417,Clay,QF,2023,Laslo Djere,Alex Molcan,78.0,73.0,0,0.4635,0,0.4361,0,0.4766,0
Banja Luka,20230417,Clay,QF,2023,Miomir Kecmanovic,Jiri Lehecka,33.0,36.0,1,0.4954,0,0.4746,0,0.4876,0
Banja Luka,20230417,Clay,QF,2023,Novak Djokovic,Dusan Lajovic,1.0,70.0,0,0.8917,1,0.8825,1,0.9401,1
Banja Luka,20230417,Clay,SF,2023,Andrey Rublev,Alex Molcan,6.0,73.0,1,0.8007,1,0.7888,1,0.8064,1
Banja Luka,20230417,Clay,SF,2023,Dusan Lajovic,Miomir Kecmanovic,70.0,33.0,1,0.3941,0,0.419,0,0.4651,0
Banja Luka,20230417,Clay,F,2023,Dusan Lajovic,Andrey Rublev,70.0,6.0,1,0.1732,0,0.1743,0,0.1934,0
Madrid Masters,20230424,Clay,R128,2023,Andy Murray,Andrea Vavassori,52.0,164.0,0,0.5436,1,0.5623,1,0.5335,1
Madrid Masters,20230424,Clay,R128,2023,J J Wolf,Alexander Shevchenko,49.0,96.0,0,0.6233,1,0.6679,1,0.6921,1
Madrid Masters,20230424,Clay,R128,2023,Aslan Karatsev,Laslo Djere,121.0,70.0,1,0.3815,0,0.3284,0,0.289,0
Madrid Masters,20230424,Clay,R128,2023,Marton Fucsovics,Marco Cecchinato,83.0,85.0,0,0.4365,0,0.4087,0,0.4375,0
Madrid Masters,20230424,Clay,R128,2023,Yosuke Watanuki,Corentin Moutet,117.0,64.0,1,0.5111,1,0.4521,0,0.5161,1
Madrid Masters,20230424,Clay,R128,2023,Zhizhen Zhang,Jurij Rodionov,99.0,119.0,1,0.4405,0,0.4777,0,0.4608,0
Madrid Masters,20230424,Clay,R128,2023,Cristian Garin,Marc Andrea Huesler,73.0,76.0,1,0.5733,1,0.5864,1,0.5222,1
Madrid Masters,20230424,Clay,R128,2023,Filip Krajinovic,Christopher Oconnell,79.0,81.0,0,0.3843,0,0.4305,0,0.385,0
Madrid Masters,20230424,Clay,R128,2023,Dominic Thiem,Kyle Edmund,93.0,498.0,1,0.8267,1,0.7705,1,0.754,1
Madrid Masters,20230424,Clay,R128,2023,Marcos Giron,Nuno Borges,61.0,74.0,1,0.5406,1,0.584,1,0.5947,1
Madrid Masters,20230424,Clay,R128,2023,Mackenzie Mcdonald,Bernabe Zapata Miralles,54.0,42.0,0,0.4132,0,0.3982,0,0.3413,0
Madrid Masters,20230424,Clay,R128,2023,Nicolas Jarry,Roman Safiullin,51.0,112.0,0,0.7914,1,0.7466,1,0.8051,1
Madrid Masters,20230424,Clay,R128,2023,Adrian Mannarino,Tomas Martin Etcheverry,46.0,59.0,0,0.3999,0,0.4214,0,0.4297,0
Madrid Masters,20230424,Clay,R128,2023,Pedro Cachin,Abedallah Shelbayh,67.0,243.0,1,0.5617,1,0.5895,1,0.5653,1
Madrid Masters,20230424,Clay,R128,2023,Jan Lennard Struff,Lorenzo Sonego,65.0,47.0,1,0.4894,0,0.5046,1,0.485,0
Madrid Masters,20230424,Clay,R128,2023,Dusan Lajovic,Jason Kubler,40.0,63.0,1,0.5504,1,0.5236,1,0.5278,1
Madrid Masters,20230424,Clay,R128,2023,Alexander Bublik,Daniel Elahi Galan,55.0,100.0,1,0.5048,1,0.5143,1,0.5316,1
Madrid Masters,20230424,Clay,R128,2023,Albert Ramos,Ilya Ivashka,60.0,69.0,1,0.4505,0,0.4355,0,0.3713,0
Madrid Masters,20230424,Clay,R128,2023,Jeremy Chardy,Hugo Gaston,635.0,106.0,0,0.141,0,0.3123,0,0.3599,0
Madrid Masters,20230424,Clay,R128,2023,Richard Gasquet,Martin Landaluce,43.0,894.0,1,0.9149,1,0.8646,1,0.9194,1
Madrid Masters,20230424,Clay,R128,2023,Yannick Hanfmann,Juan Pablo Varillas,108.0,87.0,1,0.5136,1,0.5316,1,0.5448,1
Madrid Masters,20230424,Clay,R128,2023,Oscar Otte,Pavel Kotov,98.0,101.0,1,0.4445,0,0.4369,0,0.3855,0
Madrid Masters,20230424,Clay,R128,2023,Thanasi Kokkinakis,Jaume Munar,111.0,88.0,0,0.5038,1,0.4873,0,0.502,1
Madrid Masters,20230424,Clay,R128,2023,Benoit Paire,Matteo Arnaldi,161.0,105.0,0,0.3581,0,0.3288,0,0.2379,0
Madrid Masters,20230424,Clay,R128,2023,Stan Wawrinka,Maxime Cressy,84.0,39.0,1,0.4642,0,0.4544,0,0.4055,0
Madrid Masters,20230424,Clay,R128,2023,Alex Molcan,Yibing Wu,58.0,57.0,1,0.6391,1,0.5517,1,0.6388,1
Madrid Masters,20230424,Clay,R128,2023,Quentin Halys,Alexei Popyrin,66.0,75.0,1,0.5014,1,0.5114,1,0.5169,1
Madrid Masters,20230424,Clay,R128,2023,Thiago Monteiro,Borna Gojo,97.0,110.0,1,0.4705,0,0.4766,0,0.5094,1
Madrid Masters,20230424,Clay,R128,2023,David Goffin,Roberto Carballes Baena,95.0,53.0,0,0.4195,0,0.383,0,0.416,0
Madrid Masters,20230424,Clay,R128,2023,Diego Schwartzman,Hugo Grenier,72.0,128.0,0,0.6037,1,0.6243,1,0.684,1
Madrid Masters,20230424,Clay,R128,2023,Gregoire Barrere,Emilio Nava,56.0,173.0,1,0.6526,1,0.7035,1,0.706,1
Madrid Masters,20230424,Clay,R128,2023,Ugo Humbert,Emil Ruusuvuori,77.0,41.0,0,0.3875,0,0.3061,0,0.3247,0
Madrid Masters,20230424,Clay,R64,2023,Daniil Medvedev,Andrea Vavassori,3.0,164.0,1,0.8679,1,0.8167,1,0.8388,1
Madrid Masters,20230424,Clay,R64,2023,Alexander Shevchenko,Jiri Lehecka,96.0,37.0,1,0.3385,0,0.2655,0,0.2385,0
Madrid Masters,20230424,Clay,R64,2023,Aslan Karatsev,Botic Van De Zandschulp,121.0,29.0,1,0.2926,0,0.2242,0,0.3359,0
Madrid Masters,20230424,Clay,R64,2023,Marco Cecchinato,Alex De Minaur,85.0,19.0,0,0.3733,0,0.3781,0,0.3326,0
Madrid Masters,20230424,Clay,R64,2023,Cameron Norrie,Yosuke Watanuki,13.0,117.0,1,0.7776,1,0.828,1,0.8187,1
Madrid Masters,20230424,Clay,R64,2023,Zhizhen Zhang,Denis Shapovalov,99.0,27.0,1,0.4046,0,0.3715,0,0.3532,0
Madrid Masters,20230424,Clay,R64,2023,Cristian Garin,Miomir Kecmanovic,73.0,33.0,1,0.4246,0,0.4085,0,0.4118,0
Madrid Masters,20230424,Clay,R64,2023,Christopher Oconnell,Taylor Fritz,81.0,10.0,0,0.2441,0,0.2052,0,0.1605,0
Madrid Masters,20230424,Clay,R64,2023,Dominic Thiem,Stefanos Tsitsipas,93.0,5.0,0,0.1359,0,0.1713,0,0.1393,0
Madrid Masters,20230424,Clay,R64,2023,Marcos Giron,Sebastian Baez,61.0,31.0,0,0.4129,0,0.4117,0,0.4528,0
Madrid Masters,20230424,Clay,R64,2023,Daniel Evans,Bernabe Zapata Miralles,24.0,42.0,0,0.4563,0,0.4635,0,0.4432,0
Madrid Masters,20230424,Clay,R64,2023,Roman Safiullin,Tommy Paul,112.0,17.0,1,0.2561,0,0.2288,0,0.2103,0
Madrid Masters,20230424,Clay,R64,2023,Frances Tiafoe,Tomas Martin Etcheverry,11.0,59.0,1,0.672,1,0.7345,1,0.6871,1
Madrid Masters,20230424,Clay,R64,2023,Pedro Cachin,Francisco Cerundolo,67.0,30.0,1,0.3479,0,0.295,0,0.311,0
Madrid Masters,20230424,Clay,R64,2023,Jan Lennard Struff,Ben Shelton,65.0,38.0,1,0.4515,0,0.4462,0,0.4494,0
Madrid Masters,20230424,Clay,R64,2023,Dusan Lajovic,Felix Auger Aliassime,40.0,9.0,1,0.2765,0,0.303,0,0.3727,0
Madrid Masters,20230424,Clay,R64,2023,Alexander Bublik,Holger Rune,55.0,7.0,0,0.1508,0,0.1318,0,0.0644,0
Madrid Masters,20230424,Clay,R64,2023,Albert Ramos,Alejandro Davidovich Fokina,60.0,35.0,0,0.3756,0,0.3328,0,0.3305,0
Madrid Masters,20230424,Clay,R64,2023,Borna Coric,Hugo Gaston,20.0,106.0,1,0.6446,1,0.6665,1,0.6054,1
Madrid Masters,20230424,Clay,R64,2023,Richard Gasquet,Hubert Hurkacz,43.0,15.0,0,0.2673,0,0.3195,0,0.2847,0
Madrid Masters,20230424,Clay,R64,2023,Yannick Hanfmann,Lorenzo Musetti,108.0,18.0,1,0.3549,0,0.3854,0,0.3009,0
Madrid Masters,20230424,Clay,R64,2023,Oscar Otte,Daniel Altmaier,98.0,92.0,0,0.6232,1,0.6417,1,0.7115,1
Madrid Masters,20230424,Clay,R64,2023,Tallon Griekspoor,Jaume Munar,36.0,88.0,0,0.5498,1,0.5513,1,0.5122,1
Madrid Masters,20230424,Clay,R64,2023,Casper Ruud,Matteo Arnaldi,4.0,105.0,0,0.871,1,0.8828,1,0.8761,1
Madrid Masters,20230424,Clay,R64,2023,Stan Wawrinka,Andrey Rublev,84.0,6.0,0,0.1532,0,0.1916,0,0.241,0
Madrid Masters,20230424,Clay,R64,2023,Yoshihito Nishioka,Alex Molcan,34.0,58.0,1,0.3804,0,0.4032,0,0.2842,0
Madrid Masters,20230424,Clay,R64,2023,Roberto Bautista Agut,Quentin Halys,25.0,66.0,1,0.5015,1,0.5802,1,0.5843,1
Madrid Masters,20230424,Clay,R64,2023,Thiago Monteiro,Karen Khachanov,97.0,12.0,0,0.2122,0,0.1572,0,0.1727,0
Madrid Masters,20230424,Clay,R64,2023,Alexander Zverev,Roberto Carballes Baena,16.0,53.0,1,0.676,1,0.6546,1,0.6901,1
Madrid Masters,20230424,Clay,R64,2023,Hugo Grenier,Sebastian Korda,128.0,28.0,1,0.2727,0,0.2223,0,0.1963,0
Madrid Masters,20230424,Clay,R64,2023,Grigor Dimitrov,Gregoire Barrere,32.0,56.0,1,0.583,1,0.603,1,0.6138,1
Madrid Masters,20230424,Clay,R64,2023,Emil Ruusuvuori,Carlos Alcaraz,41.0,2.0,0,0.1036,0,0.0881,0,0.0366,0
Madrid Masters,20230424,Clay,R32,2023,Daniil Medvedev,Alexander Shevchenko,3.0,96.0,1,0.8821,1,0.8903,1,0.9173,1
Madrid Masters,20230424,Clay,R32,2023,Aslan Karatsev,Alex De Minaur,121.0,19.0,1,0.2544,0,0.1877,0,0.1787,0
Madrid Masters,20230424,Clay,R32,2023,Zhizhen Zhang,Cameron Norrie,99.0,13.0,1,0.2439,0,0.2431,0,0.3215,0
Madrid Masters,20230424,Clay,R32,2023,Cristian Garin,Taylor Fritz,73.0,10.0,0,0.247,0,0.222,0,0.1523,0
Madrid Masters,20230424,Clay,R32,2023,Stefanos Tsitsipas,Sebastian Baez,5.0,31.0,1,0.8063,1,0.8016,1,0.8391,1
Madrid Masters,20230424,Clay,R32,2023,Roman Safiullin,Bernabe Zapata Miralles,112.0,42.0,0,0.2563,0,0.2896,0,0.163,0
Madrid Masters,20230424,Clay,R32,2023,Pedro Cachin,Frances Tiafoe,67.0,11.0,1,0.2297,0,0.1482,0,0.1623,0
Madrid Masters,20230424,Clay,R32,2023,Jan Lennard Struff,Dusan Lajovic,65.0,40.0,1,0.4317,0,0.3837,0,0.3655,0
Madrid Masters,20230424,Clay,R32,2023,Alejandro Davidovich Fokina,Holger Rune,35.0,7.0,1,0.2197,0,0.172,0,0.1196,0
Madrid Masters,20230424,Clay,R32,2023,Borna Coric,Hubert Hurkacz,20.0,15.0,1,0.3281,0,0.3208,0,0.3241,0
Madrid Masters,20230424,Clay,R32,2023,Yannick Hanfmann,Daniel Altmaier,108.0,92.0,0,0.6653,1,0.6055,1,0.5809,1
Madrid Masters,20230424,Clay,R32,2023,Jaume Munar,Matteo Arnaldi,88.0,105.0,1,0.5562,1,0.5963,1,0.5626,1
Madrid Masters,20230424,Clay,R32,2023,Yoshihito Nishioka,Andrey Rublev,34.0,6.0,0,0.1539,0,0.1864,0,0.0991,0
Madrid Masters,20230424,Clay,R32,2023,Roberto Bautista Agut,Karen Khachanov,25.0,12.0,0,0.2932,0,0.3278,0,0.3369,0
Madrid Masters,20230424,Clay,R32,2023,Alexander Zverev,Hugo Grenier,16.0,128.0,1,0.832,1,0.8511,1,0.872,1
Madrid Masters,20230424,Clay,R32,2023,Grigor Dimitrov,Carlos Alcaraz,32.0,2.0,0,0.1107,0,0.1506,0,0.1249,0
Madrid Masters,20230424,Clay,R16,2023,Aslan Karatsev,Daniil Medvedev,121.0,3.0,1,0.0991,0,0.124,0,0.0779,0
Madrid Masters,20230424,Clay,R16,2023,Zhizhen Zhang,Taylor Fritz,99.0,10.0,1,0.2073,0,0.1723,0,0.0826,0
Madrid Masters,20230424,Clay,R16,2023,Bernabe Zapata Miralles,Stefanos Tsitsipas,42.0,5.0,0,0.1918,0,0.2075,0,0.1737,0
Madrid Masters,20230424,Clay,R16,2023,Jan Lennard Struff,Pedro Cachin,65.0,67.0,1,0.543,1,0.5808,1,0.5722,1
Madrid Masters,20230424,Clay,R16,2023,Borna Coric,Alejandro Davidovich Fokina,20.0,35.0,1,0.488,0,0.5259,1,0.4858,0
Madrid Masters,20230424,Clay,R16,2023,Daniel Altmaier,Jaume Munar,92.0,88.0,1,0.3634,0,0.3557,0,0.406,0
Madrid Masters,20230424,Clay,R16,2023,Karen Khachanov,Andrey Rublev,12.0,6.0,1,0.382,0,0.3618,0,0.3632,0
Madrid Masters,20230424,Clay,R16,2023,Alexander Zverev,Carlos Alcaraz,16.0,2.0,0,0.1765,0,0.2135,0,0.1772,0
Madrid Masters,20230424,Clay,QF,2023,Aslan Karatsev,Zhizhen Zhang,121.0,99.0,1,0.4195,0,0.4033,0,0.4715,0
Madrid Masters,20230424,Clay,QF,2023,Jan Lennard Struff,Stefanos Tsitsipas,65.0,5.0,1,0.1486,0,0.2,0,0.1888,0
Madrid Masters,20230424,Clay,QF,2023,Borna Coric,Daniel Altmaier,20.0,92.0,1,0.6944,1,0.7857,1,0.8242,1
Madrid Masters,20230424,Clay,QF,2023,Karen Khachanov,Carlos Alcaraz,12.0,2.0,0,0.1982,0,0.2048,0,0.2033,0
Madrid Masters,20230424,Clay,SF,2023,Jan Lennard Struff,Aslan Karatsev,65.0,121.0,1,0.5999,1,0.6313,1,0.6234,1
Madrid Masters,20230424,Clay,SF,2023,Borna Coric,Carlos Alcaraz,20.0,2.0,0,0.1039,0,0.1529,0,0.0685,0
Madrid Masters,20230424,Clay,F,2023,Jan Lennard Struff,Carlos Alcaraz,65.0,2.0,0,0.0832,0,0.1142,0,0.0341,0
Rome Masters,20230508,Clay,R128,2023,Albert Ramos,Francesco Passaro,72.0,126.0,1,0.4756,0,0.4809,0,0.4821,0
Rome Masters,20230508,Clay,R128,2023,Corentin Moutet,Fabian Marozsan,67.0,135.0,0,0.6568,1,0.6262,1,0.6937,1
Rome Masters,20230508,Clay,R128,2023,Roberto Carballes Baena,Hugo Dellien,51.0,157.0,1,0.6674,1,0.6365,1,0.7079,1
Rome Masters,20230508,Clay,R128,2023,Adrian Mannarino,Thiago Monteiro,45.0,98.0,0,0.517,1,0.5379,1,0.5326,1
Rome Masters,20230508,Clay,R128,2023,Daniel Altmaier,Giulio Zeppieri,65.0,120.0,1,0.5545,1,0.4966,0,0.4753,0
Rome Masters,20230508,Clay,R128,2023,Diego Schwartzman,Matteo Arnaldi,91.0,99.0,0,0.3967,0,0.4141,0,0.3663,0
Rome Masters,20230508,Clay,R128,2023,Jeremy Chardy,Lorenzo Sonego,591.0,48.0,0,0.1155,0,0.2417,0,0.1878,0
Rome Masters,20230508,Clay,R128,2023,Dusan Lajovic,Nuno Borges,46.0,88.0,0,0.658,1,0.6769,1,0.6478,1
Rome Masters,20230508,Clay,R128,2023,Ugo Humbert,Emil Ruusuvuori,50.0,43.0,0,0.4093,0,0.3409,0,0.3595,0
Rome Masters,20230508,Clay,R128,2023,Jason Kubler,Marc Andrea Huesler,66.0,82.0,1,0.5419,1,0.5879,1,0.5673,1
Rome Masters,20230508,Clay,R128,2023,David Goffin,Luca Nardi,107.0,151.0,1,0.5144,1,0.5361,1,0.3986,0
Rome Masters,20230508,Clay,R128,2023,Hugo Grenier,J J Wolf,124.0,54.0,0,0.4729,0,0.4314,0,0.4302,0
Rome Masters,20230508,Clay,R128,2023,Yannick Hanfmann,Nicolas Jarry,101.0,56.0,1,0.4241,0,0.4024,0,0.4203,0
Rome Masters,20230508,Clay,R128,2023,Marco Cecchinato,Mackenzie Mcdonald,83.0,55.0,1,0.5615,1,0.596,1,0.5951,1
Rome Masters,20230508,Clay,R128,2023,Guido Pella,Maxime Cressy,484.0,41.0,1,0.3042,0,0.3547,0,0.2315,0
Rome Masters,20230508,Clay,R128,2023,Stefano Napolitano,Alex Molcan,555.0,59.0,0,0.1059,0,0.2213,0,0.1648,0
Rome Masters,20230508,Clay,R128,2023,Thanasi Kokkinakis,Jaume Munar,104.0,75.0,1,0.4445,0,0.3893,0,0.4698,0
Rome Masters,20230508,Clay,R128,2023,Juan Pablo Varillas,Sebastian Baez,97.0,40.0,0,0.4141,0,0.393,0,0.3623,0
Rome Masters,20230508,Clay,R128,2023,Richard Gasquet,Yibing Wu,44.0,57.0,0,0.5629,1,0.5632,1,0.4768,0
Rome Masters,20230508,Clay,R128,2023,Gregoire Barrere,Brandon Nakashima,63.0,47.0,1,0.4245,0,0.4023,0,0.3964,0
Rome Masters,20230508,Clay,R128,2023,Pedro Cachin,Cristian Garin,68.0,79.0,0,0.4516,0,0.4519,0,0.4668,0
Rome Masters,20230508,Clay,R128,2023,Constant Lestienne,Laslo Djere,70.0,62.0,0,0.3081,0,0.3339,0,0.279,0
Rome Masters,20230508,Clay,R128,2023,Alexander Bublik,Pedro Martinez,49.0,142.0,1,0.5905,1,0.5681,1,0.4417,0
Rome Masters,20230508,Clay,R128,2023,Arthur Rinderknech,Flavio Cobolli,89.0,183.0,1,0.3768,0,0.5351,1,0.5279,1
Rome Masters,20230508,Clay,R128,2023,Juan Manuel Cerundolo,Arthur Fils,105.0,119.0,0,0.6554,1,0.6445,1,0.6772,1
Rome Masters,20230508,Clay,R128,2023,Andy Murray,Fabio Fognini,42.0,130.0,0,0.5568,1,0.5507,1,0.5043,1
Rome Masters,20230508,Clay,R128,2023,Marcos Giron,Roman Safiullin,60.0,103.0,0,0.5266,1,0.5629,1,0.5712,1
Rome Masters,20230508,Clay,R128,2023,Christopher Oconnell,Alexei Popyrin,78.0,77.0,0,0.518,1,0.5556,1,0.5072,1
Rome Masters,20230508,Clay,R128,2023,Kyle Edmund,Alexandre Muller,473.0,100.0,0,0.1152,0,0.228,0,0.1859,0
Rome Masters,20230508,Clay,R128,2023,Marton Fucsovics,Filip Krajinovic,92.0,74.0,1,0.5356,1,0.4888,0,0.528,1
Rome Masters,20230508,Clay,R128,2023,Stan Wawrinka,Ilya Ivashka,84.0,73.0,1,0.4469,0,0.4346,0,0.4577,0
Rome Masters,20230508,Clay,R128,2023,Tomas Martin Etcheverry,Luca Van Assche,61.0,85.0,1,0.5624,1,0.5835,1,0.5306,1
Rome Masters,20230508,Clay,R64,2023,Albert Ramos,Carlos Alcaraz,72.0,2.0,0,0.0607,0,0.0682,0,0.0474,0
Rome Masters,20230508,Clay,R64,2023,Fabian Marozsan,Jiri Lehecka,135.0,39.0,1,0.2182,0,0.2739,0,0.2459,0
Rome Masters,20230508,Clay,R64,2023,Daniel Evans,Roberto Carballes Baena,24.0,51.0,0,0.4754,0,0.4879,0,0.4722,0
Rome Masters,20230508,Clay,R64,2023,Thiago Monteiro,Borna Coric,98.0,16.0,0,0.2909,0,0.1818,0,0.1665,0
Rome Masters,20230508,Clay,R64,2023,Frances Tiafoe,Daniel Altmaier,12.0,65.0,1,0.7493,1,0.8383,1,0.8455,1
Rome Masters,20230508,Clay,R64,2023,Lorenzo Musetti,Matteo Arnaldi,19.0,99.0,1,0.649,1,0.6954,1,0.7331,1
Rome Masters,20230508,Clay,R64,2023,Yoshihito Nishioka,Lorenzo Sonego,32.0,48.0,0,0.4645,0,0.5166,1,0.4436,0
Rome Masters,20230508,Clay,R64,2023,Stefanos Tsitsipas,Nuno Borges,5.0,88.0,1,0.8913,1,0.8523,1,0.8281,1
Rome Masters,20230508,Clay,R64,2023,Daniil Medvedev,Emil Ruusuvuori,3.0,43.0,1,0.831,1,0.8278,1,0.8307,1
Rome Masters,20230508,Clay,R64,2023,Jason Kubler,Bernabe Zapata Miralles,66.0,38.0,0,0.4173,0,0.4168,0,0.3963,0
Rome Masters,20230508,Clay,R64,2023,Alexander Zverev,David Goffin,22.0,107.0,1,0.7569,1,0.7417,1,0.7864,1
Rome Masters,20230508,Clay,R64,2023,Hubert Hurkacz,J J Wolf,15.0,54.0,0,0.6705,1,0.6458,1,0.6509,1
Rome Masters,20230508,Clay,R64,2023,Yannick Hanfmann,Taylor Fritz,101.0,9.0,1,0.2541,0,0.2807,0,0.2708,0
Rome Masters,20230508,Clay,R64,2023,Roberto Bautista Agut,Marco Cecchinato,25.0,83.0,0,0.5022,1,0.5296,1,0.5101,1
Rome Masters,20230508,Clay,R64,2023,Guido Pella,Alejandro Davidovich Fokina,484.0,34.0,0,0.1785,0,0.2826,0,0.223,0
Rome Masters,20230508,Clay,R64,2023,Andrey Rublev,Alex Molcan,6.0,59.0,1,0.7683,1,0.7041,1,0.7075,1
Rome Masters,20230508,Clay,R64,2023,Thanasi Kokkinakis,Jannik Sinner,104.0,8.0,0,0.1744,0,0.1071,0,0.0863,0
Rome Masters,20230508,Clay,R64,2023,Sebastian Baez,Alexander Shevchenko,40.0,93.0,0,0.5322,1,0.5432,1,0.5532,1
Rome Masters,20230508,Clay,R64,2023,Yibing Wu,Francisco Cerundolo,57.0,31.0,0,0.3228,0,0.3587,0,0.3739,0
Rome Masters,20230508,Clay,R64,2023,Gregoire Barrere,Karen Khachanov,63.0,11.0,1,0.2448,0,0.2115,0,0.2127,0
Rome Masters,20230508,Clay,R64,2023,Cristian Garin,Tommy Paul,79.0,17.0,1,0.4648,0,0.4188,0,0.4058,0
Rome Masters,20230508,Clay,R64,2023,Laslo Djere,Botic Van De Zandschulp,62.0,30.0,1,0.4328,0,0.38,0,0.3515,0
Rome Masters,20230508,Clay,R64,2023,Alexander Bublik,Ben Shelton,49.0,35.0,1,0.4287,0,0.3924,0,0.3801,0
Rome Masters,20230508,Clay,R64,2023,Arthur Rinderknech,Casper Ruud,89.0,4.0,0,0.0953,0,0.1594,0,0.1113,0
Rome Masters,20230508,Clay,R64,2023,Holger Rune,Arthur Fils,7.0,119.0,1,0.9009,1,0.8261,1,0.9284,1
Rome Masters,20230508,Clay,R64,2023,Fabio Fognini,Miomir Kecmanovic,130.0,37.0,1,0.2738,0,0.278,0,0.2261,0
Rome Masters,20230508,Clay,R64,2023,Roman Safiullin,Sebastian Korda,103.0,29.0,1,0.4447,0,0.3604,0,0.3031,0
Rome Masters,20230508,Clay,R64,2023,Felix Auger Aliassime,Alexei Popyrin,10.0,77.0,0,0.7455,1,0.7804,1,0.8239,1
Rome Masters,20230508,Clay,R64,2023,Cameron Norrie,Alexandre Muller,13.0,100.0,1,0.6234,1,0.6099,1,0.5714,1
Rome Masters,20230508,Clay,R64,2023,Marton Fucsovics,Alex De Minaur,92.0,18.0,1,0.299,0,0.2454,0,0.2329,0
Rome Masters,20230508,Clay,R64,2023,Stan Wawrinka,Grigor Dimitrov,84.0,33.0,0,0.3897,0,0.4209,0,0.4445,0
Rome Masters,20230508,Clay,R64,2023,Novak Djokovic,Tomas Martin Etcheverry,1.0,61.0,1,0.8332,1,0.8512,1,0.9019,1
Rome Masters,20230508,Clay,R32,2023,Fabian Marozsan,Carlos Alcaraz,135.0,2.0,1,0.0358,0,0.101,0,0.0469,0
Rome Masters,20230508,Clay,R32,2023,Roberto Carballes Baena,Borna Coric,51.0,16.0,0,0.3877,0,0.3714,0,0.3252,0
Rome Masters,20230508,Clay,R32,2023,Frances Tiafoe,Lorenzo Musetti,12.0,19.0,0,0.5767,1,0.6039,1,0.6475,1
Rome Masters,20230508,Clay,R32,2023,Stefanos Tsitsipas,Lorenzo Sonego,5.0,48.0,1,0.8408,1,0.8193,1,0.7552,1
Rome Masters,20230508,Clay,R32,2023,Daniil Medvedev,Bernabe Zapata Miralles,3.0,38.0,1,0.8155,1,0.8052,1,0.8125,1
Rome Masters,20230508,Clay,R32,2023,Alexander Zverev,J J Wolf,22.0,54.0,1,0.6597,1,0.639,1,0.6511,1
Rome Masters,20230508,Clay,R32,2023,Yannick Hanfmann,Marco Cecchinato,101.0,83.0,1,0.5133,1,0.514,1,0.5209,1
Rome Masters,20230508,Clay,R32,2023,Andrey Rublev,Alejandro Davidovich Fokina,6.0,34.0,1,0.7584,1,0.7682,1,0.7704,1
Rome Masters,20230508,Clay,R32,2023,Jannik Sinner,Alexander Shevchenko,8.0,93.0,1,0.8013,1,0.831,1,0.8211,1
Rome Masters,20230508,Clay,R32,2023,Gregoire Barrere,Francisco Cerundolo,63.0,31.0,0,0.3978,0,0.3837,0,0.3349,0
Rome Masters,20230508,Clay,R32,2023,Cristian Garin,Laslo Djere,79.0,62.0,0,0.5318,1,0.531,1,0.517,1
Rome Masters,20230508,Clay,R32,2023,Alexander Bublik,Casper Ruud,49.0,4.0,0,0.1434,0,0.1436,0,0.0592,0
Rome Masters,20230508,Clay,R32,2023,Fabio Fognini,Holger Rune,130.0,7.0,0,0.1088,0,0.1189,0,0.0966,0
Rome Masters,20230508,Clay,R32,2023,Roman Safiullin,Alexei Popyrin,103.0,77.0,0,0.4626,0,0.44,0,0.4054,0
Rome Masters,20230508,Clay,R32,2023,Marton Fucsovics,Cameron Norrie,92.0,13.0,0,0.2488,0,0.2011,0,0.2197,0
Rome Masters,20230508,Clay,R32,2023,Novak Djokovic,Grigor Dimitrov,1.0,33.0,1,0.8487,1,0.8795,1,0.9304,1
Rome Masters,20230508,Clay,R16,2023,Borna Coric,Fabian Marozsan,16.0,135.0,1,0.823,1,0.8544,1,0.8564,1
Rome Masters,20230508,Clay,R16,2023,Stefanos Tsitsipas,Lorenzo Musetti,5.0,19.0,1,0.7454,1,0.7738,1,0.7857,1
Rome Masters,20230508,Clay,R16,2023,Alexander Zverev,Daniil Medvedev,22.0,3.0,0,0.2609,0,0.2945,0,0.2823,0
Rome Masters,20230508,Clay,R16,2023,Yannick Hanfmann,Andrey Rublev,101.0,6.0,1,0.2138,0,0.2998,0,0.2823,0
Rome Masters,20230508,Clay,R16,2023,Francisco Cerundolo,Jannik Sinner,31.0,8.0,1,0.2583,0,0.1873,0,0.1888,0
Rome Masters,20230508,Clay,R16,2023,Laslo Djere,Casper Ruud,62.0,4.0,0,0.1705,0,0.2048,0,0.2038,0
Rome Masters,20230508,Clay,R16,2023,Alexei Popyrin,Holger Rune,77.0,7.0,0,0.1974,0,0.1272,0,0.1143,0
Rome Masters,20230508,Clay,R16,2023,Novak Djokovic,Cameron Norrie,1.0,13.0,1,0.7342,1,0.7484,1,0.7363,1
Rome Masters,20230508,Clay,QF,2023,Borna Coric,Stefanos Tsitsipas,16.0,5.0,0,0.2522,0,0.2511,0,0.2535,0
Rome Masters,20230508,Clay,QF,2023,Yannick Hanfmann,Daniil Medvedev,101.0,3.0,0,0.1652,0,0.219,0,0.1778,0
Rome Masters,20230508,Clay,QF,2023,Casper Ruud,Francisco Cerundolo,4.0,31.0,1,0.7787,1,0.7821,1,0.7238,1
Rome Masters,20230508,Clay,QF,2023,Novak Djokovic,Holger Rune,1.0,7.0,0,0.6214,1,0.672,1,0.6352,1
Rome Masters,20230508,Clay,SF,2023,Daniil Medvedev,Stefanos Tsitsipas,3.0,5.0,1,0.5203,1,0.475,0,0.431,0
Rome Masters,20230508,Clay,SF,2023,Casper Ruud,Holger Rune,4.0,7.0,0,0.5528,1,0.5122,1,0.4949,0
Rome Masters,20230508,Clay,F,2023,Daniil Medvedev,Holger Rune,3.0,7.0,1,0.589,1,0.5535,1,0.561,1
Geneva,20230522,Clay,R32,2023,Marcos Giron,Alexander Bublik,74.0,48.0,1,0.4506,0,0.4597,0,0.5123,1
Geneva,20230522,Clay,R32,2023,Guido Pella,Ilya Ivashka,421.0,86.0,0,0.3204,0,0.3736,0,0.4307,0
Geneva,20230522,Clay,R32,2023,Adrian Mannarino,Filip Krajinovic,47.0,92.0,1,0.5113,1,0.5312,1,0.5476,1
Geneva,20230522,Clay,R32,2023,Roberto Carballes Baena,Daniel Rincon,58.0,274.0,1,0.7893,1,0.7621,1,0.627,1
Geneva,20230522,Clay,R32,2023,Christopher Oconnell,Nino Serdarusic,85.0,307.0,1,0.8067,1,0.743,1,0.6854,1
Geneva,20230522,Clay,R32,2023,Bernabe Zapata Miralles,Vitaliy Sachko,37.0,286.0,1,0.835,1,0.8204,1,0.8535,1
Geneva,20230522,Clay,R32,2023,Marco Cecchinato,Ben Shelton,73.0,35.0,1,0.5291,1,0.4951,0,0.5199,1
Geneva,20230522,Clay,R32,2023,Marc Andrea Huesler,Yibing Wu,81.0,59.0,0,0.4858,0,0.4058,0,0.4653,0
Geneva,20230522,Clay,R32,2023,Benoit Paire,Christopher Eubanks,149.0,75.0,0,0.3095,0,0.3498,0,0.4061,0
Geneva,20230522,Clay,R32,2023,Stefano Travaglia,Tallon Griekspoor,282.0,39.0,0,0.2042,0,0.1917,0,0.165,0
Geneva,20230522,Clay,R32,2023,Dusan Lajovic,Nicolas Jarry,51.0,54.0,0,0.482,0,0.5069,1,0.5467,1
Geneva,20230522,Clay,R32,2023,Hugo Dellien,J J Wolf,160.0,49.0,0,0.3004,0,0.3238,0,0.3091,0
Geneva,20230522,Clay,R16,2023,Marcos Giron,Taylor Fritz,74.0,9.0,0,0.2147,0,0.2001,0,0.1328,0
Geneva,20230522,Clay,R16,2023,Adrian Mannarino,Ilya Ivashka,47.0,86.0,0,0.45,0,0.4833,0,0.3828,0
Geneva,20230522,Clay,R16,2023,Grigor Dimitrov,Roberto Carballes Baena,33.0,58.0,1,0.5097,1,0.4975,0,0.5288,1
Geneva,20230522,Clay,R16,2023,Christopher Oconnell,Bernabe Zapata Miralles,85.0,37.0,1,0.4251,0,0.4002,0,0.3667,0
Geneva,20230522,Clay,R16,2023,Marco Cecchinato,Yibing Wu,73.0,59.0,0,0.5831,1,0.5844,1,0.6418,1
Geneva,20230522,Clay,R16,2023,Alexander Zverev,Christopher Eubanks,27.0,75.0,1,0.6848,1,0.682,1,0.7205,1
Geneva,20230522,Clay,R16,2023,Nicolas Jarry,Tallon Griekspoor,54.0,39.0,1,0.5951,1,0.5835,1,0.6047,1
Geneva,20230522,Clay,R16,2023,Casper Ruud,J J Wolf,4.0,49.0,1,0.7925,1,0.7506,1,0.7558,1
Geneva,20230522,Clay,QF,2023,Ilya Ivashka,Taylor Fritz,86.0,9.0,0,0.194,0,0.1573,0,0.1364,0
Geneva,20230522,Clay,QF,2023,Grigor Dimitrov,Christopher Oconnell,33.0,85.0,1,0.5527,1,0.5527,1,0.5522,1
Geneva,20230522,Clay,QF,2023,Alexander Zverev,Yibing Wu,27.0,59.0,1,0.6844,1,0.6607,1,0.6977,1
Geneva,20230522,Clay,QF,2023,Nicolas Jarry,Casper Ruud,54.0,4.0,1,0.2137,0,0.2681,0,0.2287,0
Geneva,20230522,Clay,SF,2023,Grigor Dimitrov,Taylor Fritz,33.0,9.0,1,0.2815,0,0.2625,0,0.2499,0
Geneva,20230522,Clay,SF,2023,Alexander Zverev,Nicolas Jarry,27.0,54.0,0,0.5811,1,0.5455,1,0.5117,1
Geneva,20230522,Clay,F,2023,Grigor Dimitrov,Nicolas Jarry,33.0,54.0,0,0.4842,0,0.4875,0,0.4289,0
Lyon,20230522,Clay,R32,2023,David Goffin,Alvaro Lopez San Martin,113.0,298.0,1,0.7566,1,0.7448,1,0.7276,1
Lyon,20230522,Clay,R32,2023,Gael Monfils,Pedro Cachin,386.0,63.0,0,0.1813,0,0.2875,0,0.3212,0
Lyon,20230522,Clay,R32,2023,Marton Fucsovics,Sebastian Baez,80.0,44.0,0,0.4463,0,0.4331,0,0.4424,0
Lyon,20230522,Clay,R32,2023,Albert Ramos,Juan Pablo Varillas,66.0,97.0,0,0.4973,0,0.4859,0,0.4602,0
Lyon,20230522,Clay,R32,2023,Alexandre Muller,Jack Draper,100.0,60.0,0,0.5041,1,0.5703,1,0.5815,1
Lyon,20230522,Clay,R32,2023,Oriol Roca Batalla,Miomir Kecmanovic,310.0,36.0,0,0.1305,0,0.1816,0,0.1778,0
Lyon,20230522,Clay,R32,2023,Diego Schwartzman,Brandon Nakashima,93.0,52.0,0,0.3491,0,0.3524,0,0.3907,0
Lyon,20230522,Clay,R32,2023,Arthur Rinderknech,Lloyd Harris,78.0,306.0,1,0.7581,1,0.7151,1,0.6972,1
Lyon,20230522,Clay,R32,2023,Gregoire Barrere,Corentin Moutet,55.0,61.0,1,0.6152,1,0.5895,1,0.6245,1
Lyon,20230522,Clay,R32,2023,Richard Gasquet,Mikael Ymer,50.0,53.0,0,0.4809,0,0.4689,0,0.3967,0
Lyon,20230522,Clay,R32,2023,Zhizhen Zhang,Arthur Fils,70.0,112.0,0,0.589,1,0.5986,1,0.6415,1
Lyon,20230522,Clay,R32,2023,Max Purcell,Pablo Llamas Ruiz,67.0,240.0,0,0.7805,1,0.7476,1,0.7709,1
Lyon,20230522,Clay,R16,2023,David Goffin,Cameron Norrie,113.0,14.0,0,0.2374,0,0.2167,0,0.2216,0
Lyon,20230522,Clay,R16,2023,Pedro Cachin,Sebastian Baez,63.0,44.0,0,0.4639,0,0.4587,0,0.4881,0
Lyon,20230522,Clay,R16,2023,Juan Pablo Varillas,Francisco Cerundolo,97.0,28.0,0,0.3264,0,0.3181,0,0.2719,0
Lyon,20230522,Clay,R16,2023,Miomir Kecmanovic,Jack Draper,36.0,60.0,0,0.5122,1,0.5154,1,0.5161,1
Lyon,20230522,Clay,R16,2023,Arthur Rinderknech,Brandon Nakashima,78.0,52.0,0,0.4286,0,0.3738,0,0.3554,0
Lyon,20230522,Clay,R16,2023,Gregoire Barrere,Tommy Paul,55.0,17.0,0,0.5357,1,0.435,0,0.4532,0
Lyon,20230522,Clay,R16,2023,Mikael Ymer,Arthur Fils,53.0,112.0,0,0.4286,0,0.4706,0,0.5236,1
Lyon,20230522,Clay,R16,2023,Felix Auger Aliassime,Pablo Llamas Ruiz,10.0,240.0,1,0.8773,1,0.8604,1,0.9063,1
Lyon,20230522,Clay,QF,2023,Cameron Norrie,Sebastian Baez,14.0,44.0,1,0.6664,1,0.7241,1,0.7562,1
Lyon,20230522,Clay,QF,2023,Francisco Cerundolo,Jack Draper,28.0,60.0,1,0.5633,1,0.5527,1,0.566,1
Lyon,20230522,Clay,QF,2023,Tommy Paul,Brandon Nakashima,17.0,52.0,0,0.4633,0,0.5313,1,0.4866,0
Lyon,20230522,Clay,QF,2023,Felix Auger Aliassime,Arthur Fils,10.0,112.0,0,0.6682,1,0.631,1,0.7053,1
Lyon,20230522,Clay,SF,2023,Cameron Norrie,Francisco Cerundolo,14.0,28.0,0,0.5701,1,0.5967,1,0.5339,1
Lyon,20230522,Clay,SF,2023,Brandon Nakashima,Arthur Fils,52.0,112.0,0,0.5213,1,0.5209,1,0.4818,0
Lyon,20230522,Clay,F,2023,Francisco Cerundolo,Arthur Fils,28.0,112.0,0,0.6098,1,0.6072,1,0.6188,1
Roland Garros,20230529,Clay,R128,2023,Flavio Cobolli,Carlos Alcaraz,159.0,1.0,0,0.0753,0,0.0739,0,0.0714,0
Roland Garros,20230529,Clay,R128,2023,Taro Daniel,Christopher Oconnell,112.0,77.0,1,0.3464,0,0.3305,0,0.2739,0
Roland Garros,20230529,Clay,R128,2023,Daniel Elahi Galan,Matteo Arnaldi,91.0,106.0,0,0.4249,0,0.415,0,0.3391,0
Roland Garros,20230529,Clay,R128,2023,Denis Shapovalov,Brandon Nakashima,32.0,45.0,1,0.4228,0,0.426,0,0.4377,0
Roland Garros,20230529,Clay,R128,2023,Mikael Ymer,Lorenzo Musetti,56.0,18.0,0,0.2889,0,0.2816,0,0.237,0
Roland Garros,20230529,Clay,R128,2023,Oscar Otte,Alexander Shevchenko,120.0,87.0,0,0.4361,0,0.4111,0,0.4078,0
Roland Garros,20230529,Clay,R128,2023,Lucas Pouille,Jurij Rodionov,675.0,134.0,1,0.1046,0,0.234,0,0.139,0
Roland Garros,20230529,Clay,R128,2023,Benoit Paire,Cameron Norrie,149.0,13.0,0,0.1409,0,0.1714,0,0.1768,0
Roland Garros,20230529,Clay,R128,2023,Fabio Fognini,Felix Auger Aliassime,130.0,10.0,1,0.2526,0,0.2534,0,0.2208,0
Roland Garros,20230529,Clay,R128,2023,Jason Kubler,Facundo Diaz Acosta,69.0,137.0,1,0.5901,1,0.5921,1,0.5407,1
Roland Garros,20230529,Clay,R128,2023,Sebastian Ofner,Maxime Cressy,118.0,44.0,1,0.4784,0,0.462,0,0.5504,1
Roland Garros,20230529,Clay,R128,2023,Mackenzie Mcdonald,Sebastian Korda,59.0,30.0,0,0.4327,0,0.4345,0,0.5272,1
Roland Garros,20230529,Clay,R128,2023,Diego Schwartzman,Bernabe Zapata Miralles,95.0,38.0,1,0.2902,0,0.2964,0,0.3052,0
Roland Garros,20230529,Clay,R128,2023,John Isner,Nuno Borges,90.0,80.0,0,0.3974,0,0.3834,0,0.4035,0
Roland Garros,20230529,Clay,R128,2023,Roberto Carballes Baena,Eduardo Nava,57.0,1104.0,1,0.9641,1,0.901,1,0.9244,1
Roland Garros,20230529,Clay,R128,2023,Jiri Vesely,Stefanos Tsitsipas,455.0,5.0,0,0.0358,0,0.1161,0,0.0455,0
Roland Garros,20230529,Clay,R128,2023,Novak Djokovic,Aleksandar Kovacevic,3.0,114.0,1,0.8966,1,0.8949,1,0.886,1
Roland Garros,20230529,Clay,R128,2023,Marton Fucsovics,Hugo Grenier,83.0,122.0,1,0.4934,0,0.5233,1,0.5264,1
Roland Garros,20230529,Clay,R128,2023,Marco Cecchinato,Luca Van Assche,72.0,82.0,0,0.5597,1,0.5762,1,0.5106,1
Roland Garros,20230529,Clay,R128,2023,Alejandro Davidovich Fokina,Arthur Fils,34.0,63.0,1,0.396,0,0.4144,0,0.3902,0
Roland Garros,20230529,Clay,R128,2023,Roberto Bautista Agut,Yibing Wu,24.0,54.0,1,0.5018,1,0.4767,0,0.4164,0
Roland Garros,20230529,Clay,R128,2023,Juan Pablo Varillas,Juncheng Shang,94.0,200.0,1,0.7044,1,0.73,1,0.7228,1
Roland Garros,20230529,Clay,R128,2023,Pedro Martinez,Tallon Griekspoor,135.0,39.0,0,0.3779,0,0.3415,0,0.3597,0
Roland Garros,20230529,Clay,R128,2023,David Goffin,Hubert Hurkacz,111.0,14.0,0,0.2629,0,0.2985,0,0.2993,0
Roland Garros,20230529,Clay,R128,2023,Constant Lestienne,Karen Khachanov,70.0,11.0,0,0.1423,0,0.1783,0,0.1405,0
Roland Garros,20230529,Clay,R128,2023,Radu Albot,Patrick Kypson,113.0,329.0,1,0.7136,1,0.6992,1,0.66,1
Roland Garros,20230529,Clay,R128,2023,Stan Wawrinka,Albert Ramos,89.0,67.0,1,0.4734,0,0.5077,1,0.5549,1
Roland Garros,20230529,Clay,R128,2023,Daniel Evans,Thanasi Kokkinakis,25.0,108.0,0,0.5666,1,0.6089,1,0.6776,1
Roland Garros,20230529,Clay,R128,2023,Lorenzo Sonego,Ben Shelton,48.0,36.0,1,0.5223,1,0.526,1,0.5312,1
Roland Garros,20230529,Clay,R128,2023,Adrian Mannarino,Ugo Humbert,47.0,40.0,0,0.5334,1,0.5455,1,0.6031,1
Roland Garros,20230529,Clay,R128,2023,Corentin Moutet,Arthur Cazaux,61.0,190.0,1,0.6646,1,0.6693,1,0.5846,1
Roland Garros,20230529,Clay,R128,2023,Laslo Djere,Andrey Rublev,60.0,7.0,0,0.2086,0,0.2032,0,0.199,0
Roland Garros,20230529,Clay,R128,2023,Christopher Eubanks,Holger Rune,74.0,6.0,0,0.2164,0,0.2441,0,0.2277,0
Roland Garros,20230529,Clay,R128,2023,Gael Monfils,Sebastian Baez,394.0,42.0,1,0.1501,0,0.255,0,0.2003,0
Roland Garros,20230529,Clay,R128,2023,Genaro Alberto Olivieri,Giovanni Mpetshi Perricard,231.0,237.0,1,0.4313,0,0.4874,0,0.2266,0
Roland Garros,20230529,Clay,R128,2023,Andrea Vavassori,Miomir Kecmanovic,148.0,37.0,1,0.4083,0,0.4158,0,0.4265,0
Roland Garros,20230529,Clay,R128,2023,Jaume Munar,Francisco Cerundolo,81.0,23.0,0,0.3581,0,0.3074,0,0.2809,0
Roland Garros,20230529,Clay,R128,2023,Yannick Hanfmann,Thiago Monteiro,65.0,98.0,1,0.6455,1,0.6548,1,0.6544,1
Roland Garros,20230529,Clay,R128,2023,Richard Gasquet,Arthur Rinderknech,52.0,78.0,0,0.397,0,0.4484,0,0.4274,0
Roland Garros,20230529,Clay,R128,2023,Michael Mmoh,Taylor Fritz,123.0,8.0,0,0.1115,0,0.1403,0,0.0787,0
Roland Garros,20230529,Clay,R128,2023,Tommy Paul,Dominic Stricker,17.0,116.0,1,0.6346,1,0.6605,1,0.7059,1
Roland Garros,20230529,Clay,R128,2023,Hugo Dellien,Nicolas Jarry,160.0,35.0,0,0.229,0,0.2508,0,0.2205,0
Roland Garros,20230529,Clay,R128,2023,Marcos Giron,Hamad Medjedovic,75.0,168.0,1,0.6743,1,0.6654,1,0.6851,1
Roland Garros,20230529,Clay,R128,2023,Jan Lennard Struff,Jiri Lehecka,28.0,41.0,0,0.5296,1,0.5335,1,0.508,1
Roland Garros,20230529,Clay,R128,2023,Botic Van De Zandschulp,Thiago Agustin Tirante,31.0,153.0,0,0.7752,1,0.774,1,0.7933,1
Roland Garros,20230529,Clay,R128,2023,Dusan Lajovic,Zhizhen Zhang,53.0,71.0,0,0.469,0,0.4837,0,0.4643,0
Roland Garros,20230529,Clay,R128,2023,Alexander Bublik,Giulio Zeppieri,51.0,129.0,0,0.5775,1,0.5827,1,0.529,1
Roland Garros,20230529,Clay,R128,2023,Elias Ymer,Casper Ruud,155.0,4.0,0,0.1293,0,0.1912,0,0.1627,0
Roland Garros,20230529,Clay,R128,2023,Alexandre Muller,Jannik Sinner,101.0,9.0,0,0.2243,0,0.2472,0,0.2459,0
Roland Garros,20230529,Clay,R128,2023,Daniel Altmaier,Marc Andrea Huesler,79.0,84.0,1,0.5475,1,0.5436,1,0.5116,1
Roland Garros,20230529,Clay,R128,2023,Gregoire Barrere,Emil Ruusuvuori,58.0,46.0,0,0.472,0,0.4355,0,0.4337,0
Roland Garros,20230529,Clay,R128,2023,Grigor Dimitrov,Timofey Skatov,29.0,147.0,1,0.6055,1,0.6258,1,0.5263,1
Roland Garros,20230529,Clay,R128,2023,Alexander Zverev,Lloyd Harris,27.0,294.0,1,0.8519,1,0.8221,1,0.7907,1
Roland Garros,20230529,Clay,R128,2023,Alex Molcan,Hugo Gaston,86.0,109.0,1,0.6241,1,0.6188,1,0.5574,1
Roland Garros,20230529,Clay,R128,2023,Aslan Karatsev,Alexei Popyrin,62.0,85.0,1,0.5026,1,0.4929,0,0.4444,0
Roland Garros,20230529,Clay,R128,2023,Filip Krajinovic,Frances Tiafoe,93.0,12.0,0,0.162,0,0.1513,0,0.1757,0
Roland Garros,20230529,Clay,R128,2023,Federico Coria,Borna Coric,96.0,16.0,0,0.2279,0,0.1881,0,0.1662,0
Roland Garros,20230529,Clay,R128,2023,Dominic Thiem,Pedro Cachin,92.0,64.0,0,0.5191,1,0.5852,1,0.5853,1
Roland Garros,20230529,Clay,R128,2023,Tomas Martin Etcheverry,Jack Draper,49.0,55.0,1,0.4877,0,0.4598,0,0.4851,0
Roland Garros,20230529,Clay,R128,2023,Ilya Ivashka,Alex De Minaur,73.0,19.0,0,0.3696,0,0.3268,0,0.3721,0
Roland Garros,20230529,Clay,R128,2023,Yoshihito Nishioka,J J Wolf,33.0,50.0,1,0.4222,0,0.4443,0,0.4358,0
Roland Garros,20230529,Clay,R128,2023,Jordan Thompson,Max Purcell,76.0,68.0,0,0.3604,0,0.3462,0,0.333,0
Roland Garros,20230529,Clay,R128,2023,Guido Pella,Quentin Halys,423.0,88.0,1,0.2108,0,0.3138,0,0.3981,0
Roland Garros,20230529,Clay,R128,2023,Daniil Medvedev,Thiago Seyboth Wild,2.0,172.0,0,0.965,1,0.9505,1,0.9791,1
Roland Garros,20230529,Clay,R64,2023,Taro Daniel,Carlos Alcaraz,112.0,1.0,0,0.053,0,0.0949,0,0.0427,0
Roland Garros,20230529,Clay,R64,2023,Denis Shapovalov,Matteo Arnaldi,32.0,106.0,1,0.4973,0,0.5646,1,0.5103,1
Roland Garros,20230529,Clay,R64,2023,Lorenzo Musetti,Alexander Shevchenko,18.0,87.0,1,0.652,1,0.6885,1,0.7425,1
Roland Garros,20230529,Clay,R64,2023,Lucas Pouille,Cameron Norrie,675.0,13.0,0,0.0443,0,0.1033,0,0.07,0
Roland Garros,20230529,Clay,R64,2023,Fabio Fognini,Jason Kubler,130.0,69.0,1,0.4024,0,0.3597,0,0.373,0
Roland Garros,20230529,Clay,R64,2023,Sebastian Ofner,Sebastian Korda,118.0,30.0,1,0.4455,0,0.33,0,0.32,0
Roland Garros,20230529,Clay,R64,2023,Diego Schwartzman,Nuno Borges,95.0,80.0,1,0.4183,0,0.4176,0,0.3848,0
Roland Garros,20230529,Clay,R64,2023,Roberto Carballes Baena,Stefanos Tsitsipas,57.0,5.0,0,0.1826,0,0.2086,0,0.1729,0
Roland Garros,20230529,Clay,R64,2023,Novak Djokovic,Marton Fucsovics,3.0,83.0,1,0.8543,1,0.8593,1,0.8392,1
Roland Garros,20230529,Clay,R64,2023,Alejandro Davidovich Fokina,Luca Van Assche,34.0,82.0,1,0.599,1,0.6339,1,0.5926,1
Roland Garros,20230529,Clay,R64,2023,Roberto Bautista Agut,Juan Pablo Varillas,24.0,94.0,0,0.5526,1,0.601,1,0.726,1
Roland Garros,20230529,Clay,R64,2023,Hubert Hurkacz,Tallon Griekspoor,14.0,39.0,1,0.6648,1,0.6485,1,0.6243,1
Roland Garros,20230529,Clay,R64,2023,Radu Albot,Karen Khachanov,113.0,11.0,0,0.1745,0,0.189,0,0.1892,0
Roland Garros,20230529,Clay,R64,2023,Stan Wawrinka,Thanasi Kokkinakis,89.0,108.0,0,0.4604,0,0.4903,0,0.3837,0
Roland Garros,20230529,Clay,R64,2023,Lorenzo Sonego,Ugo Humbert,48.0,40.0,1,0.6179,1,0.6485,1,0.6707,1
Roland Garros,20230529,Clay,R64,2023,Andrey Rublev,Corentin Moutet,7.0,61.0,1,0.8724,1,0.8341,1,0.9284,1
Roland Garros,20230529,Clay,R64,2023,Gael Monfils,Holger Rune,394.0,6.0,0,0.0412,0,0.0851,0,0.0422,0
Roland Garros,20230529,Clay,R64,2023,Andrea Vavassori,Genaro Alberto Olivieri,148.0,231.0,0,0.7803,1,0.703,1,0.6349,1
Roland Garros,20230529,Clay,R64,2023,Yannick Hanfmann,Francisco Cerundolo,65.0,23.0,0,0.4318,0,0.4473,0,0.5035,1
Roland Garros,20230529,Clay,R64,2023,Taylor Fritz,Arthur Rinderknech,8.0,78.0,1,0.7605,1,0.799,1,0.8172,1
Roland Garros,20230529,Clay,R64,2023,Nicolas Jarry,Tommy Paul,35.0,17.0,1,0.5909,1,0.517,1,0.5059,1
Roland Garros,20230529,Clay,R64,2023,Marcos Giron,Jiri Lehecka,75.0,41.0,1,0.3868,0,0.3707,0,0.3896,0
Roland Garros,20230529,Clay,R64,2023,Zhizhen Zhang,Thiago Agustin Tirante,71.0,153.0,1,0.793,1,0.7421,1,0.7165,1
Roland Garros,20230529,Clay,R64,2023,Casper Ruud,Giulio Zeppieri,4.0,129.0,1,0.8672,1,0.8309,1,0.8923,1
Roland Garros,20230529,Clay,R64,2023,Daniel Altmaier,Jannik Sinner,79.0,9.0,1,0.1872,0,0.0998,0,0.082,0
Roland Garros,20230529,Clay,R64,2023,Grigor Dimitrov,Emil Ruusuvuori,29.0,46.0,1,0.5224,1,0.499,0,0.4841,0
Roland Garros,20230529,Clay,R64,2023,Alexander Zverev,Alex Molcan,27.0,86.0,1,0.6044,1,0.5868,1,0.6896,1
Roland Garros,20230529,Clay,R64,2023,Aslan Karatsev,Frances Tiafoe,62.0,12.0,0,0.3232,0,0.2633,0,0.2202,0
Roland Garros,20230529,Clay,R64,2023,Pedro Cachin,Borna Coric,64.0,16.0,0,0.3052,0,0.2014,0,0.1967,0
Roland Garros,20230529,Clay,R64,2023,Tomas Martin Etcheverry,Alex De Minaur,49.0,19.0,1,0.4835,0,0.3798,0,0.3467,0
Roland Garros,20230529,Clay,R64,2023,Yoshihito Nishioka,Max Purcell,33.0,68.0,1,0.5214,1,0.5894,1,0.5443,1
Roland Garros,20230529,Clay,R64,2023,Guido Pella,Thiago Seyboth Wild,423.0,172.0,0,0.4907,0,0.4738,0,0.4698,0
Roland Garros,20230529,Clay,R32,2023,Denis Shapovalov,Carlos Alcaraz,32.0,1.0,0,0.0937,0,0.0806,0,0.0345,0
Roland Garros,20230529,Clay,R32,2023,Cameron Norrie,Lorenzo Musetti,13.0,18.0,0,0.5284,1,0.5381,1,0.5102,1
Roland Garros,20230529,Clay,R32,2023,Fabio Fognini,Sebastian Ofner,130.0,118.0,0,0.5008,1,0.4368,0,0.4263,0
Roland Garros,20230529,Clay,R32,2023,Diego Schwartzman,Stefanos Tsitsipas,95.0,5.0,0,0.0926,0,0.0895,0,0.0386,0
Roland Garros,20230529,Clay,R32,2023,Novak Djokovic,Alejandro Davidovich Fokina,3.0,34.0,1,0.7765,1,0.7885,1,0.8202,1
Roland Garros,20230529,Clay,R32,2023,Juan Pablo Varillas,Hubert Hurkacz,94.0,14.0,1,0.3188,0,0.3199,0,0.1993,0
Roland Garros,20230529,Clay,R32,2023,Thanasi Kokkinakis,Karen Khachanov,108.0,11.0,0,0.2256,0,0.1899,0,0.1891,0
Roland Garros,20230529,Clay,R32,2023,Andrey Rublev,Lorenzo Sonego,7.0,48.0,0,0.8006,1,0.7979,1,0.7333,1
Roland Garros,20230529,Clay,R32,2023,Genaro Alberto Olivieri,Holger Rune,231.0,6.0,0,0.0524,0,0.0426,0,0.0218,0
Roland Garros,20230529,Clay,R32,2023,Taylor Fritz,Francisco Cerundolo,8.0,23.0,0,0.6453,1,0.6148,1,0.5612,1
Roland Garros,20230529,Clay,R32,2023,Marcos Giron,Nicolas Jarry,75.0,35.0,0,0.3406,0,0.3061,0,0.3504,0
Roland Garros,20230529,Clay,R32,2023,Zhizhen Zhang,Casper Ruud,71.0,4.0,0,0.2258,0,0.2586,0,0.1914,0
Roland Garros,20230529,Clay,R32,2023,Grigor Dimitrov,Daniel Altmaier,29.0,79.0,1,0.604,1,0.6484,1,0.6321,1
Roland Garros,20230529,Clay,R32,2023,Alexander Zverev,Frances Tiafoe,27.0,12.0,1,0.4058,0,0.3324,0,0.3534,0
Roland Garros,20230529,Clay,R32,2023,Borna Coric,Tomas Martin Etcheverry,16.0,49.0,0,0.6019,1,0.6579,1,0.6812,1
Roland Garros,20230529,Clay,R32,2023,Yoshihito Nishioka,Thiago Seyboth Wild,33.0,172.0,1,0.7355,1,0.7858,1,0.8064,1
Roland Garros,20230529,Clay,R16,2023,Lorenzo Musetti,Carlos Alcaraz,18.0,1.0,0,0.1638,0,0.1548,0,0.1104,0
Roland Garros,20230529,Clay,R16,2023,Sebastian Ofner,Stefanos Tsitsipas,118.0,5.0,0,0.1041,0,0.0563,0,0.0234,0
Roland Garros,20230529,Clay,R16,2023,Novak Djokovic,Juan Pablo Varillas,3.0,94.0,1,0.8451,1,0.8259,1,0.8422,1
Roland Garros,20230529,Clay,R16,2023,Karen Khachanov,Lorenzo Sonego,11.0,48.0,1,0.7184,1,0.7018,1,0.6962,1
Roland Garros,20230529,Clay,R16,2023,Francisco Cerundolo,Holger Rune,23.0,6.0,0,0.2752,0,0.2706,0,0.2577,0
Roland Garros,20230529,Clay,R16,2023,Nicolas Jarry,Casper Ruud,35.0,4.0,0,0.2769,0,0.349,0,0.3502,0
Roland Garros,20230529,Clay,R16,2023,Alexander Zverev,Grigor Dimitrov,27.0,29.0,1,0.5605,1,0.5586,1,0.6693,1
Roland Garros,20230529,Clay,R16,2023,Yoshihito Nishioka,Tomas Martin Etcheverry,33.0,49.0,0,0.388,0,0.4787,0,0.4217,0
Roland Garros,20230529,Clay,QF,2023,Stefanos Tsitsipas,Carlos Alcaraz,5.0,1.0,0,0.3351,0,0.3283,0,0.2832,0
Roland Garros,20230529,Clay,QF,2023,Novak Djokovic,Karen Khachanov,3.0,11.0,1,0.6312,1,0.7112,1,0.7303,1
Roland Garros,20230529,Clay,QF,2023,Casper Ruud,Holger Rune,4.0,6.0,1,0.4906,0,0.462,0,0.4372,0
Roland Garros,20230529,Clay,QF,2023,Alexander Zverev,Tomas Martin Etcheverry,27.0,49.0,1,0.5507,1,0.5442,1,0.5351,1
Roland Garros,20230529,Clay,SF,2023,Novak Djokovic,Carlos Alcaraz,3.0,1.0,1,0.3109,0,0.3252,0,0.2764,0
Roland Garros,20230529,Clay,SF,2023,Alexander Zverev,Casper Ruud,27.0,4.0,0,0.277,0,0.3182,0,0.3238,0
Roland Garros,20230529,Clay,F,2023,Novak Djokovic,Casper Ruud,3.0,4.0,1,0.5067,1,0.515,1,0.38,0
Stuttgart,20230612,Grass,R32,2023,Aslan Karatsev,Corentin Moutet,48.0,77.0,1,0.6505,1,0.6421,1,0.6428,1
Stuttgart,20230612,Grass,R32,2023,Marton Fucsovics,Denis Shapovalov,86.0,29.0,1,0.3446,0,0.3534,0,0.3416,0
Stuttgart,20230612,Grass,R32,2023,Nick Kyrgios,Yibing Wu,25.0,64.0,0,0.6809,1,0.7433,1,0.8537,1
Stuttgart,20230612,Grass,R32,2023,Marcos Giron,Jiri Lehecka,57.0,37.0,0,0.5406,1,0.571,1,0.589,1
Stuttgart,20230612,Grass,R32,2023,Oscar Otte,Gregoire Barrere,141.0,58.0,0,0.6049,1,0.5061,1,0.6836,1
Stuttgart,20230612,Grass,R32,2023,Borna Gojo,Lorenzo Musetti,111.0,17.0,0,0.2698,0,0.2702,0,0.2796,0
Stuttgart,20230612,Grass,R32,2023,Matteo Berrettini,Lorenzo Sonego,21.0,41.0,0,0.6791,1,0.6853,1,0.6636,1
Stuttgart,20230612,Grass,R32,2023,Christopher Oconnell,Daniel Altmaier,74.0,59.0,1,0.3616,0,0.3919,0,0.3367,0
Stuttgart,20230612,Grass,R32,2023,Feliciano Lopez,Yosuke Watanuki,580.0,121.0,0,0.2024,0,0.3725,0,0.3318,0
Stuttgart,20230612,Grass,R32,2023,Benjamin Bonzi,Tommy Paul,76.0,16.0,0,0.376,0,0.3289,0,0.3098,0
Stuttgart,20230612,Grass,R32,2023,Jan Lennard Struff,Zhizhen Zhang,24.0,56.0,1,0.5492,1,0.583,1,0.5382,1
Stuttgart,20230612,Grass,R32,2023,Richard Gasquet,Christopher Eubanks,55.0,75.0,1,0.458,0,0.5049,1,0.4592,0
Stuttgart,20230612,Grass,R16,2023,Aslan Karatsev,Taylor Fritz,48.0,8.0,0,0.2073,0,0.1566,0,0.1102,0
Stuttgart,20230612,Grass,R16,2023,Marton Fucsovics,Yibing Wu,86.0,64.0,1,0.4751,0,0.4434,0,0.5244,1
Stuttgart,20230612,Grass,R16,2023,Frances Tiafoe,Jiri Lehecka,12.0,37.0,1,0.7293,1,0.7185,1,0.7383,1
Stuttgart,20230612,Grass,R16,2023,Gregoire Barrere,Lorenzo Musetti,58.0,17.0,0,0.3225,0,0.2967,0,0.2908,0
Stuttgart,20230612,Grass,R16,2023,Christopher Oconnell,Lorenzo Sonego,74.0,41.0,1,0.3234,0,0.346,0,0.2694,0
Stuttgart,20230612,Grass,R16,2023,Hubert Hurkacz,Yosuke Watanuki,14.0,121.0,1,0.8477,1,0.8404,1,0.8457,1
Stuttgart,20230612,Grass,R16,2023,Jan Lennard Struff,Tommy Paul,24.0,16.0,1,0.338,0,0.3811,0,0.3923,0
Stuttgart,20230612,Grass,R16,2023,Richard Gasquet,Stefanos Tsitsipas,55.0,5.0,1,0.1387,0,0.2054,0,0.1421,0
Stuttgart,20230612,Grass,QF,2023,Marton Fucsovics,Taylor Fritz,86.0,8.0,1,0.1323,0,0.1363,0,0.0783,0
Stuttgart,20230612,Grass,QF,2023,Frances Tiafoe,Lorenzo Musetti,12.0,17.0,1,0.6441,1,0.6582,1,0.7096,1
Stuttgart,20230612,Grass,QF,2023,Christopher Oconnell,Hubert Hurkacz,74.0,14.0,0,0.1843,0,0.2084,0,0.1876,0
Stuttgart,20230612,Grass,QF,2023,Richard Gasquet,Jan Lennard Struff,55.0,24.0,0,0.4944,0,0.4031,0,0.489,0
Stuttgart,20230612,Grass,SF,2023,Marton Fucsovics,Frances Tiafoe,86.0,12.0,0,0.1999,0,0.1839,0,0.153,0
Stuttgart,20230612,Grass,SF,2023,Jan Lennard Struff,Hubert Hurkacz,24.0,14.0,1,0.2583,0,0.3763,0,0.4394,0
Stuttgart,20230612,Grass,F,2023,Jan Lennard Struff,Frances Tiafoe,24.0,12.0,0,0.2864,0,0.3181,0,0.2527,0
s Hertogenbosch,20230612,Grass,R32,2023,David Goffin,Alexander Bublik,126.0,47.0,0,0.3747,0,0.4011,0,0.4292,0
s Hertogenbosch,20230612,Grass,R32,2023,Emil Ruusuvuori,Brandon Nakashima,42.0,54.0,1,0.4654,0,0.4642,0,0.5085,1
s Hertogenbosch,20230612,Grass,R32,2023,Jason Kubler,Ugo Humbert,97.0,36.0,0,0.5173,1,0.5204,1,0.4913,0
s Hertogenbosch,20230612,Grass,R32,2023,Ricardas Berankis,Laslo Djere,212.0,60.0,0,0.3326,0,0.3286,0,0.2072,0
s Hertogenbosch,20230612,Grass,R32,2023,Arthur Rinderknech,Alexei Popyrin,85.0,90.0,0,0.4878,0,0.5127,1,0.5412,1
s Hertogenbosch,20230612,Grass,R32,2023,Tallon Griekspoor,Mikael Ymer,38.0,62.0,1,0.5432,1,0.5292,1,0.5529,1
s Hertogenbosch,20230612,Grass,R32,2023,Marc Andrea Huesler,Maxime Cressy,82.0,40.0,1,0.3144,0,0.3929,0,0.3997,0
s Hertogenbosch,20230612,Grass,R32,2023,Gijs Brouwer,Rinky Hijikata,145.0,133.0,0,0.5979,1,0.5324,1,0.5794,1
s Hertogenbosch,20230612,Grass,R32,2023,Mackenzie Mcdonald,Ilya Ivashka,68.0,87.0,1,0.4443,0,0.4701,0,0.4973,0
s Hertogenbosch,20230612,Grass,R32,2023,Milos Raonic,Miomir Kecmanovic,,39.0,1,0.4521,0,0.2468,0,0.3019,0
s Hertogenbosch,20230612,Grass,R32,2023,Jordan Thompson,Giovanni Mpetshi Perricard,103.0,233.0,1,0.5807,1,0.6015,1,0.5818,1
s Hertogenbosch,20230612,Grass,R32,2023,Adrian Mannarino,Arthur Fils,52.0,66.0,1,0.4214,0,0.4607,0,0.3357,0
s Hertogenbosch,20230612,Grass,R16,2023,Alexander Bublik,Jannik Sinner,47.0,9.0,0,0.2864,0,0.2558,0,0.1911,0
s Hertogenbosch,20230612,Grass,R16,2023,Ugo Humbert,Emil Ruusuvuori,36.0,42.0,0,0.4433,0,0.431,0,0.4374,0
s Hertogenbosch,20230612,Grass,R16,2023,Laslo Djere,Alex De Minaur,60.0,18.0,0,0.3145,0,0.286,0,0.2827,0
s Hertogenbosch,20230612,Grass,R16,2023,Tallon Griekspoor,Alexei Popyrin,38.0,90.0,1,0.6182,1,0.6273,1,0.659,1
s Hertogenbosch,20230612,Grass,R16,2023,Marc Andrea Huesler,Rinky Hijikata,82.0,133.0,0,0.6144,1,0.5814,1,0.558,1
s Hertogenbosch,20230612,Grass,R16,2023,Borna Coric,Mackenzie Mcdonald,15.0,68.0,0,0.6179,1,0.6821,1,0.7581,1
s Hertogenbosch,20230612,Grass,R16,2023,Milos Raonic,Jordan Thompson,,103.0,0,0.5795,1,0.3427,0,0.3729,0
s Hertogenbosch,20230612,Grass,R16,2023,Adrian Mannarino,Daniil Medvedev,52.0,3.0,1,0.081,0,0.1387,0,0.0915,0
s Hertogenbosch,20230612,Grass,QF,2023,Emil Ruusuvuori,Jannik Sinner,42.0,9.0,1,0.2753,0,0.217,0,0.2055,0
s Hertogenbosch,20230612,Grass,QF,2023,Tallon Griekspoor,Alex De Minaur,38.0,18.0,1,0.3836,0,0.3251,0,0.3524,0
s Hertogenbosch,20230612,Grass,QF,2023,Mackenzie Mcdonald,Rinky Hijikata,68.0,133.0,0,0.6666,1,0.6794,1,0.6881,1
s Hertogenbosch,20230612,Grass,QF,2023,Adrian Mannarino,Jordan Thompson,52.0,103.0,0,0.5425,1,0.5955,1,0.5639,1
s Hertogenbosch,20230612,Grass,SF,2023,Tallon Griekspoor,Emil Ruusuvuori,38.0,42.0,1,0.4869,0,0.4788,0,0.4792,0
s Hertogenbosch,20230612,Grass,SF,2023,Jordan Thompson,Rinky Hijikata,103.0,133.0,1,0.5915,1,0.6099,1,0.6727,1
s Hertogenbosch,20230612,Grass,F,2023,Jordan Thompson,Tallon Griekspoor,103.0,38.0,0,0.3114,0,0.2726,0,0.3551,0
Queen's Club,20230619,Grass,R32,2023,Maxime Cressy,Holger Rune,42.0,6.0,0,0.3253,0,0.3335,0,0.4877,0
Queen's Club,20230619,Grass,R32,2023,Ryan Peniston,Ugo Humbert,265.0,37.0,1,0.3157,0,0.2942,0,0.2136,0
Queen's Club,20230619,Grass,R32,2023,J J Wolf,Ben Shelton,47.0,35.0,0,0.4814,0,0.4444,0,0.414,0
Queen's Club,20230619,Grass,R32,2023,Jan Choinski,Lorenzo Musetti,167.0,16.0,0,0.151,0,0.1721,0,0.1227,0
Queen's Club,20230619,Grass,R32,2023,Taylor Fritz,Bernabe Zapata Miralles,8.0,50.0,1,0.8427,1,0.8294,1,0.8475,1
Queen's Club,20230619,Grass,R32,2023,Adrian Mannarino,Liam Broady,46.0,143.0,1,0.583,1,0.6042,1,0.6074,1
Queen's Club,20230619,Grass,R32,2023,Diego Schwartzman,Mackenzie Mcdonald,107.0,67.0,1,0.4036,0,0.3679,0,0.3682,0
Queen's Club,20230619,Grass,R32,2023,Andy Murray,Alex De Minaur,38.0,18.0,0,0.3184,0,0.314,0,0.3773,0
Queen's Club,20230619,Grass,R32,2023,Cameron Norrie,Miomir Kecmanovic,13.0,40.0,1,0.7095,1,0.7775,1,0.7927,1
Queen's Club,20230619,Grass,R32,2023,Jordan Thompson,Alexei Popyrin,76.0,94.0,1,0.5384,1,0.5519,1,0.4999,0
Queen's Club,20230619,Grass,R32,2023,Daniel Evans,Sebastian Korda,25.0,32.0,0,0.5075,1,0.5422,1,0.6139,1
Queen's Club,20230619,Grass,R32,2023,Botic Van De Zandschulp,Frances Tiafoe,41.0,10.0,0,0.291,0,0.2214,0,0.2532,0
Queen's Club,20230619,Grass,R32,2023,Tommy Paul,Francisco Cerundolo,15.0,19.0,0,0.6304,1,0.6374,1,0.7361,1
Queen's Club,20230619,Grass,R32,2023,Grigor Dimitrov,Emil Ruusuvuori,26.0,44.0,1,0.3921,0,0.4634,0,0.3371,0
Queen's Club,20230619,Grass,R32,2023,Alejandro Davidovich Fokina,Jiri Lehecka,33.0,36.0,0,0.5012,1,0.5109,1,0.5606,1
Queen's Club,20230619,Grass,R32,2023,Arthur Rinderknech,Carlos Alcaraz,83.0,2.0,0,0.061,0,0.0874,0,0.036,0
Queen's Club,20230619,Grass,R16,2023,Ryan Peniston,Holger Rune,265.0,6.0,0,0.152,0,0.2221,0,0.1781,0
Queen's Club,20230619,Grass,R16,2023,Lorenzo Musetti,Ben Shelton,16.0,35.0,1,0.7369,1,0.7403,1,0.8245,1
Queen's Club,20230619,Grass,R16,2023,Adrian Mannarino,Taylor Fritz,46.0,8.0,1,0.1792,0,0.2032,0,0.2303,0
Queen's Club,20230619,Grass,R16,2023,Diego Schwartzman,Alex De Minaur,107.0,18.0,0,0.2425,0,0.1982,0,0.1691,0
Queen's Club,20230619,Grass,R16,2023,Jordan Thompson,Cameron Norrie,76.0,13.0,0,0.3007,0,0.2002,0,0.1806,0
Queen's Club,20230619,Grass,R16,2023,Frances Tiafoe,Sebastian Korda,10.0,32.0,0,0.787,1,0.7286,1,0.7429,1
Queen's Club,20230619,Grass,R16,2023,Grigor Dimitrov,Francisco Cerundolo,26.0,19.0,1,0.4525,0,0.4204,0,0.3977,0
Queen's Club,20230619,Grass,R16,2023,Carlos Alcaraz,Jiri Lehecka,2.0,36.0,1,0.9006,1,0.8701,1,0.8488,1
Queen's Club,20230619,Grass,QF,2023,Lorenzo Musetti,Holger Rune,16.0,6.0,0,0.4307,0,0.3584,0,0.3893,0
Queen's Club,20230619,Grass,QF,2023,Adrian Mannarino,Alex De Minaur,46.0,18.0,0,0.3034,0,0.2697,0,0.2481,0
Queen's Club,20230619,Grass,QF,2023,Cameron Norrie,Sebastian Korda,13.0,32.0,0,0.7415,1,0.6989,1,0.7548,1
Queen's Club,20230619,Grass,QF,2023,Grigor Dimitrov,Carlos Alcaraz,26.0,2.0,0,0.0786,0,0.1479,0,0.0672,0
Queen's Club,20230619,Grass,SF,2023,Alex De Minaur,Holger Rune,18.0,6.0,1,0.4185,0,0.3806,0,0.4274,0
Queen's Club,20230619,Grass,SF,2023,Sebastian Korda,Carlos Alcaraz,32.0,2.0,0,0.076,0,0.1415,0,0.1021,0
Queen's Club,20230619,Grass,F,2023,Alex De Minaur,Carlos Alcaraz,18.0,2.0,0,0.1559,0,0.2385,0,0.2022,0
Halle,20230619,Grass,R32,2023,Gregoire Barrere,Stefanos Tsitsipas,58.0,5.0,0,0.1614,0,0.1733,0,0.1408,0
Halle,20230619,Grass,R32,2023,Nicolas Jarry,Corentin Moutet,28.0,79.0,1,0.6398,1,0.6207,1,0.6103,1
Halle,20230619,Grass,R32,2023,Denis Shapovalov,Lloyd Harris,27.0,291.0,1,0.7875,1,0.7705,1,0.73,1
Halle,20230619,Grass,R32,2023,Alexander Zverev,Dominic Thiem,22.0,89.0,1,0.643,1,0.6485,1,0.6543,1
Halle,20230619,Grass,R32,2023,Richard Gasquet,Jannik Sinner,49.0,9.0,0,0.2402,0,0.2726,0,0.2262,0
Halle,20230619,Grass,R32,2023,Aslan Karatsev,Lorenzo Sonego,45.0,39.0,0,0.4673,0,0.4672,0,0.4938,0
Halle,20230619,Grass,R32,2023,Jan Lennard Struff,Roman Safiullin,21.0,99.0,1,0.7473,1,0.7714,1,0.818,1
Halle,20230619,Grass,R32,2023,Borna Coric,Alexander Bublik,14.0,48.0,0,0.4804,0,0.6244,1,0.5663,1
Halle,20230619,Grass,R32,2023,Christopher Eubanks,Hubert Hurkacz,77.0,17.0,0,0.319,0,0.2662,0,0.2451,0
Halle,20230619,Grass,R32,2023,Roberto Carballes Baena,Tallon Griekspoor,52.0,29.0,0,0.2746,0,0.3309,0,0.3433,0
Halle,20230619,Grass,R32,2023,Yannick Hanfmann,Louis Wessels,53.0,347.0,1,0.7489,1,0.7319,1,0.7316,1
Halle,20230619,Grass,R32,2023,Andrey Rublev,Yibing Wu,7.0,59.0,1,0.6466,1,0.7048,1,0.6783,1
Halle,20230619,Grass,R32,2023,Roberto Bautista Agut,Andrea Vavassori,23.0,128.0,1,0.6982,1,0.6836,1,0.7505,1
Halle,20230619,Grass,R32,2023,Mikael Ymer,Brandon Nakashima,63.0,54.0,0,0.3932,0,0.3851,0,0.42,0
Halle,20230619,Grass,R32,2023,Oscar Otte,Laslo Djere,228.0,65.0,0,0.4151,0,0.4084,0,0.4208,0
Halle,20230619,Grass,R32,2023,Marcos Giron,Daniil Medvedev,57.0,3.0,0,0.1732,0,0.2222,0,0.1899,0
Halle,20230619,Grass,R16,2023,Nicolas Jarry,Stefanos Tsitsipas,28.0,5.0,1,0.156,0,0.2277,0,0.1218,0
Halle,20230619,Grass,R16,2023,Alexander Zverev,Denis Shapovalov,22.0,27.0,1,0.4928,0,0.4535,0,0.4322,0
Halle,20230619,Grass,R16,2023,Lorenzo Sonego,Jannik Sinner,39.0,9.0,0,0.2991,0,0.2717,0,0.2606,0
Halle,20230619,Grass,R16,2023,Jan Lennard Struff,Alexander Bublik,21.0,48.0,0,0.5736,1,0.6092,1,0.5843,1
Halle,20230619,Grass,R16,2023,Hubert Hurkacz,Tallon Griekspoor,17.0,29.0,0,0.5163,1,0.5177,1,0.437,0
Halle,20230619,Grass,R16,2023,Yannick Hanfmann,Andrey Rublev,53.0,7.0,0,0.264,0,0.2791,0,0.2198,0
Halle,20230619,Grass,R16,2023,Roberto Bautista Agut,Brandon Nakashima,23.0,54.0,1,0.5161,1,0.5121,1,0.4132,0
Halle,20230619,Grass,R16,2023,Daniil Medvedev,Laslo Djere,3.0,65.0,1,0.8459,1,0.8067,1,0.8106,1
Halle,20230619,Grass,QF,2023,Alexander Zverev,Nicolas Jarry,22.0,28.0,1,0.506,1,0.5221,1,0.5038,1
Halle,20230619,Grass,QF,2023,Alexander Bublik,Jannik Sinner,48.0,9.0,1,0.299,0,0.2663,0,0.2275,0
Halle,20230619,Grass,QF,2023,Andrey Rublev,Tallon Griekspoor,7.0,29.0,1,0.5261,1,0.6157,1,0.4741,0
Halle,20230619,Grass,QF,2023,Roberto Bautista Agut,Daniil Medvedev,23.0,3.0,1,0.224,0,0.2804,0,0.3879,0
Halle,20230619,Grass,SF,2023,Alexander Zverev,Alexander Bublik,22.0,48.0,0,0.4347,0,0.5372,1,0.445,0
Halle,20230619,Grass,SF,2023,Roberto Bautista Agut,Andrey Rublev,23.0,7.0,0,0.4041,0,0.3562,0,0.4359,0
Halle,20230619,Grass,F,2023,Alexander Bublik,Andrey Rublev,48.0,7.0,1,0.4006,0,0.3481,0,0.3836,0
Eastbourne,20230626,Grass,R32,2023,Nuno Borges,Sebastian Baez,68.0,44.0,0,0.3858,0,0.3835,0,0.3856,0
Eastbourne,20230626,Grass,R32,2023,George Loffhagen,Luca Van Assche,367.0,79.0,0,0.2733,0,0.3391,0,0.3327,0
Eastbourne,20230626,Grass,R32,2023,Tomas Martin Etcheverry,J J Wolf,32.0,46.0,0,0.5913,1,0.5785,1,0.5903,1
Eastbourne,20230626,Grass,R32,2023,Gregoire Barrere,Emil Ruusuvuori,57.0,45.0,1,0.3884,0,0.3626,0,0.3524,0
Eastbourne,20230626,Grass,R32,2023,Aleksandar Vukic,Brandon Nakashima,91.0,51.0,1,0.2501,0,0.2716,0,0.2036,0
Eastbourne,20230626,Grass,R32,2023,Yibing Wu,Miomir Kecmanovic,59.0,41.0,0,0.4778,0,0.4771,0,0.4846,0
Eastbourne,20230626,Grass,R32,2023,Zhizhen Zhang,Lorenzo Sonego,54.0,40.0,1,0.3772,0,0.3844,0,0.391,0
Eastbourne,20230626,Grass,R32,2023,Daniel Elahi Galan,Maxime Cressy,84.0,55.0,0,0.4605,0,0.4604,0,0.4658,0
Eastbourne,20230626,Grass,R32,2023,Ryan Peniston,Marc Andrea Huesler,267.0,83.0,0,0.4109,0,0.427,0,0.5014,1
Eastbourne,20230626,Grass,R32,2023,Botic Van De Zandschulp,Mikael Ymer,42.0,61.0,0,0.6227,1,0.6288,1,0.6775,1
Eastbourne,20230626,Grass,R32,2023,Liam Broady,Jan Choinski,147.0,167.0,1,0.5739,1,0.6385,1,0.6412,1
Eastbourne,20230626,Grass,R32,2023,Marco Cecchinato,Mackenzie Mcdonald,88.0,64.0,0,0.3933,0,0.3824,0,0.3062,0
Eastbourne,20230626,Grass,R16,2023,Tommy Paul,Sebastian Baez,17.0,44.0,1,0.6079,1,0.6627,1,0.7074,1
Eastbourne,20230626,Grass,R16,2023,J J Wolf,Luca Van Assche,46.0,79.0,1,0.5345,1,0.5637,1,0.592,1
Eastbourne,20230626,Grass,R16,2023,Gregoire Barrere,Nicolas Jarry,57.0,28.0,1,0.3106,0,0.2777,0,0.2653,0
Eastbourne,20230626,Grass,R16,2023,Aleksandar Vukic,Miomir Kecmanovic,91.0,41.0,0,0.3031,0,0.3227,0,0.2908,0
Eastbourne,20230626,Grass,R16,2023,Zhizhen Zhang,Maxime Cressy,54.0,55.0,1,0.4309,0,0.5178,1,0.4088,0
Eastbourne,20230626,Grass,R16,2023,Marc Andrea Huesler,Francisco Cerundolo,83.0,19.0,0,0.3682,0,0.3172,0,0.3701,0
Eastbourne,20230626,Grass,R16,2023,Liam Broady,Mikael Ymer,147.0,61.0,0,0.4184,0,0.3873,0,0.3309,0
Eastbourne,20230626,Grass,R16,2023,Mackenzie Mcdonald,Taylor Fritz,64.0,9.0,1,0.2172,0,0.2133,0,0.246,0
Eastbourne,20230626,Grass,QF,2023,Tommy Paul,J J Wolf,17.0,46.0,1,0.6966,1,0.6782,1,0.7388,1
Eastbourne,20230626,Grass,QF,2023,Gregoire Barrere,Miomir Kecmanovic,57.0,41.0,1,0.4656,0,0.474,0,0.4833,0
Eastbourne,20230626,Grass,QF,2023,Zhizhen Zhang,Francisco Cerundolo,54.0,19.0,0,0.3635,0,0.3286,0,0.2999,0
Eastbourne,20230626,Grass,QF,2023,Mackenzie Mcdonald,Mikael Ymer,64.0,61.0,1,0.5336,1,0.5717,1,0.5844,1
Eastbourne,20230626,Grass,SF,2023,Gregoire Barrere,Tommy Paul,57.0,17.0,0,0.3493,0,0.2857,0,0.2973,0
Eastbourne,20230626,Grass,SF,2023,Mackenzie Mcdonald,Francisco Cerundolo,64.0,19.0,0,0.3757,0,0.3744,0,0.417,0
Eastbourne,20230626,Grass,F,2023,Tommy Paul,Francisco Cerundolo,17.0,19.0,0,0.5322,1,0.5428,1,0.5486,1
Mallorca,20230626,Grass,R32,2023,Li Tu,Pavel Kotov,247.0,116.0,0,0.3259,0,0.3345,0,0.3167,0
Mallorca,20230626,Grass,R32,2023,Roman Safiullin,Abedallah Shelbayh,94.0,240.0,1,0.6221,1,0.6244,1,0.6131,1
Mallorca,20230626,Grass,R32,2023,Bernabe Zapata Miralles,Lloyd Harris,50.0,298.0,0,0.7044,1,0.6683,1,0.5846,1
Mallorca,20230626,Grass,R32,2023,Christopher Eubanks,Alex Michelsen,77.0,250.0,1,0.7159,1,0.7098,1,0.7155,1
Mallorca,20230626,Grass,R32,2023,Constant Lestienne,Jason Kubler,73.0,74.0,1,0.2949,0,0.3431,0,0.1886,0
Mallorca,20230626,Grass,R32,2023,Albert Ramos,Arthur Rinderknech,72.0,85.0,0,0.4473,0,0.4464,0,0.4225,0
Mallorca,20230626,Grass,R32,2023,Roberto Carballes Baena,Ilya Ivashka,53.0,102.0,1,0.543,1,0.5503,1,0.5144,1
Mallorca,20230626,Grass,R32,2023,Christopher Oconnell,Corentin Moutet,70.0,80.0,0,0.686,1,0.6477,1,0.758,1
Mallorca,20230626,Grass,R32,2023,Guido Pella,Marcos Giron,334.0,63.0,1,0.2559,0,0.3228,0,0.3197,0
Mallorca,20230626,Grass,R32,2023,Richard Gasquet,Jordan Thompson,49.0,71.0,0,0.4547,0,0.4751,0,0.4686,0
Mallorca,20230626,Grass,R32,2023,Feliciano Lopez,Max Purcell,634.0,62.0,1,0.1131,0,0.2527,0,0.2112,0
Mallorca,20230626,Grass,R32,2023,Yannick Hanfmann,Pedro Cachin,48.0,67.0,1,0.6573,1,0.6701,1,0.621,1
Mallorca,20230626,Grass,R16,2023,Alejandro Davidovich Fokina,Pavel Kotov,34.0,116.0,0,0.6776,1,0.66,1,0.7222,1
Mallorca,20230626,Grass,R16,2023,Roman Safiullin,Lloyd Harris,94.0,298.0,0,0.6792,1,0.6415,1,0.5314,1
Mallorca,20230626,Grass,R16,2023,Christopher Eubanks,Ben Shelton,77.0,35.0,1,0.3891,0,0.3699,0,0.3677,0
Mallorca,20230626,Grass,R16,2023,Constant Lestienne,Arthur Rinderknech,73.0,85.0,0,0.3905,0,0.4343,0,0.3631,0
Mallorca,20230626,Grass,R16,2023,Roberto Carballes Baena,Corentin Moutet,53.0,80.0,0,0.545,1,0.5345,1,0.5641,1
Mallorca,20230626,Grass,R16,2023,Adrian Mannarino,Guido Pella,43.0,334.0,1,0.7878,1,0.7646,1,0.8104,1
Mallorca,20230626,Grass,R16,2023,Feliciano Lopez,Jordan Thompson,634.0,71.0,1,0.0904,0,0.2081,0,0.1257,0
Mallorca,20230626,Grass,R16,2023,Yannick Hanfmann,Stefanos Tsitsipas,48.0,5.0,1,0.2313,0,0.2915,0,0.2713,0
Mallorca,20230626,Grass,QF,2023,Lloyd Harris,Pavel Kotov,298.0,116.0,1,0.3546,0,0.3682,0,0.4582,0
Mallorca,20230626,Grass,QF,2023,Christopher Eubanks,Arthur Rinderknech,77.0,85.0,1,0.5522,1,0.5234,1,0.5632,1
Mallorca,20230626,Grass,QF,2023,Adrian Mannarino,Corentin Moutet,43.0,80.0,1,0.6468,1,0.6615,1,0.6943,1
Mallorca,20230626,Grass,QF,2023,Feliciano Lopez,Yannick Hanfmann,634.0,48.0,0,0.0825,0,0.1753,0,0.2265,0
Mallorca,20230626,Grass,SF,2023,Christopher Eubanks,Lloyd Harris,77.0,298.0,1,0.7273,1,0.6952,1,0.6847,1
Mallorca,20230626,Grass,SF,2023,Adrian Mannarino,Yannick Hanfmann,43.0,48.0,1,0.4509,0,0.464,0,0.4492,0
Mallorca,20230626,Grass,F,2023,Adrian Mannarino,Christopher Eubanks,43.0,77.0,0,0.5552,1,0.5964,1,0.5697,1
Wimbledon,20230703,Grass,R128,2023,Jeremy Chardy,Carlos Alcaraz,542.0,1.0,0,0.0091,0,0.0826,0,0.0202,0
Wimbledon,20230703,Grass,R128,2023,Alexandre Muller,Arthur Rinderknech,84.0,82.0,1,0.3495,0,0.3763,0,0.3351,0
Wimbledon,20230703,Grass,R128,2023,Jason Kubler,Ugo Humbert,77.0,39.0,1,0.4761,0,0.5296,1,0.525,1
Wimbledon,20230703,Grass,R128,2023,Marco Cecchinato,Nicolas Jarry,89.0,28.0,0,0.2622,0,0.2949,0,0.2212,0
Wimbledon,20230703,Grass,R128,2023,Alexander Zverev,Gijs Brouwer,21.0,153.0,1,0.8457,1,0.7931,1,0.8836,1
Wimbledon,20230703,Grass,R128,2023,Yosuke Watanuki,Marc Andrea Huesler,116.0,81.0,1,0.4761,0,0.4846,0,0.531,1
Wimbledon,20230703,Grass,R128,2023,Matteo Berrettini,Lorenzo Sonego,38.0,42.0,1,0.3699,0,0.419,0,0.4275,0
Wimbledon,20230703,Grass,R128,2023,Kimmer Coppejans,Alex De Minaur,188.0,17.0,0,0.1154,0,0.1452,0,0.164,0
Wimbledon,20230703,Grass,R128,2023,Frances Tiafoe,Yibing Wu,10.0,62.0,1,0.7995,1,0.7964,1,0.808,1
Wimbledon,20230703,Grass,R128,2023,Alexei Popyrin,Dominic Stricker,93.0,117.0,0,0.6554,1,0.6404,1,0.6604,1
Wimbledon,20230703,Grass,R128,2023,Federico Coria,Ilya Ivashka,104.0,102.0,0,0.4032,0,0.3535,0,0.3997,0
Wimbledon,20230703,Grass,R128,2023,Grigor Dimitrov,Sho Shimabukuro,24.0,162.0,1,0.8361,1,0.7802,1,0.8011,1
Wimbledon,20230703,Grass,R128,2023,Alejandro Davidovich Fokina,Arthur Fils,34.0,61.0,1,0.4789,0,0.4614,0,0.4326,0
Wimbledon,20230703,Grass,R128,2023,Zhizhen Zhang,Botic Van De Zandschulp,52.0,44.0,0,0.6817,1,0.6126,1,0.6075,1
Wimbledon,20230703,Grass,R128,2023,Roberto Carballes Baena,Matteo Arnaldi,57.0,80.0,1,0.562,1,0.5912,1,0.5852,1
Wimbledon,20230703,Grass,R128,2023,George Loffhagen,Holger Rune,371.0,6.0,0,0.0481,0,0.0553,0,0.0279,0
Wimbledon,20230703,Grass,R128,2023,Daniil Medvedev,Arthur Fery,3.0,391.0,1,0.9663,1,0.9138,1,0.9668,1
Wimbledon,20230703,Grass,R128,2023,Adrian Mannarino,Alexander Shevchenko,35.0,97.0,1,0.6449,1,0.6631,1,0.5574,1
Wimbledon,20230703,Grass,R128,2023,Hugo Dellien,Marcos Giron,171.0,65.0,0,0.351,0,0.3069,0,0.2786,0
Wimbledon,20230703,Grass,R128,2023,Marton Fucsovics,Tallon Griekspoor,67.0,31.0,1,0.3877,0,0.3445,0,0.3282,0
Wimbledon,20230703,Grass,R128,2023,Nuno Borges,Francisco Cerundolo,69.0,19.0,0,0.2058,0,0.1829,0,0.1395,0
Wimbledon,20230703,Grass,R128,2023,Sebastian Ofner,Jiri Lehecka,72.0,37.0,0,0.3765,0,0.3788,0,0.3589,0
Wimbledon,20230703,Grass,R128,2023,Milos Raonic,Dennis Novak,849.0,159.0,1,0.3845,0,0.425,0,0.2966,0
Wimbledon,20230703,Grass,R128,2023,Tommy Paul,Shintaro Mochizuki,15.0,212.0,1,0.8601,1,0.8721,1,0.8787,1
Wimbledon,20230703,Grass,R128,2023,Cameron Norrie,Tomas Machac,13.0,108.0,1,0.8512,1,0.8102,1,0.8277,1
Wimbledon,20230703,Grass,R128,2023,Thiago Monteiro,Christopher Eubanks,95.0,43.0,0,0.2363,0,0.2704,0,0.2359,0
Wimbledon,20230703,Grass,R128,2023,Christopher Oconnell,Hamad Medjedovic,73.0,156.0,1,0.6958,1,0.688,1,0.6659,1
Wimbledon,20230703,Grass,R128,2023,Jiri Vesely,Sebastian Korda,528.0,25.0,1,0.1253,0,0.1953,0,0.1541,0
Wimbledon,20230703,Grass,R128,2023,Taro Daniel,Ben Shelton,106.0,36.0,0,0.3488,0,0.3952,0,0.3981,0
Wimbledon,20230703,Grass,R128,2023,Laslo Djere,Maxime Cressy,60.0,58.0,1,0.4853,0,0.4726,0,0.4949,0
Wimbledon,20230703,Grass,R128,2023,Andy Murray,Ryan Peniston,40.0,268.0,1,0.6447,1,0.6699,1,0.6664,1
Wimbledon,20230703,Grass,R128,2023,Dominic Thiem,Stefanos Tsitsipas,91.0,5.0,0,0.1442,0,0.1841,0,0.1931,0
Wimbledon,20230703,Grass,R128,2023,Jannik Sinner,Juan Manuel Cerundolo,8.0,111.0,1,0.871,1,0.8432,1,0.8607,1
Wimbledon,20230703,Grass,R128,2023,Diego Schwartzman,Miomir Kecmanovic,98.0,41.0,1,0.4163,0,0.4256,0,0.4981,0
Wimbledon,20230703,Grass,R128,2023,Aleksandar Vukic,Daniel Altmaier,87.0,66.0,1,0.5694,1,0.5068,1,0.4981,0
Wimbledon,20230703,Grass,R128,2023,Daniel Evans,Quentin Halys,30.0,79.0,0,0.3521,0,0.4943,0,0.4173,0
Wimbledon,20230703,Grass,R128,2023,Yoshihito Nishioka,Daniel Elahi Galan,27.0,85.0,0,0.5813,1,0.6231,1,0.5285,1
Wimbledon,20230703,Grass,R128,2023,Oscar Otte,Dominik Koepfer,233.0,86.0,1,0.4718,0,0.4468,0,0.4278,0
Wimbledon,20230703,Grass,R128,2023,Alex Molcan,Mikael Ymer,83.0,59.0,0,0.3785,0,0.3711,0,0.3329,0
Wimbledon,20230703,Grass,R128,2023,Yannick Hanfmann,Taylor Fritz,45.0,9.0,0,0.3829,0,0.4474,0,0.5856,1
Wimbledon,20230703,Grass,R128,2023,Guido Pella,Borna Coric,308.0,14.0,1,0.2736,0,0.3018,0,0.4571,0
Wimbledon,20230703,Grass,R128,2023,Benjamin Bonzi,Harold Mayot,94.0,181.0,0,0.6946,1,0.6658,1,0.6581,1
Wimbledon,20230703,Grass,R128,2023,Richard Gasquet,Corentin Moutet,51.0,71.0,0,0.4686,0,0.4805,0,0.3642,0
Wimbledon,20230703,Grass,R128,2023,Roberto Bautista Agut,Roman Safiullin,23.0,92.0,0,0.6303,1,0.6771,1,0.7243,1
Wimbledon,20230703,Grass,R128,2023,Radu Albot,Denis Shapovalov,107.0,29.0,0,0.2997,0,0.3723,0,0.4021,0
Wimbledon,20230703,Grass,R128,2023,Gregoire Barrere,Lloyd Harris,49.0,208.0,1,0.5906,1,0.6031,1,0.668,1
Wimbledon,20230703,Grass,R128,2023,Constant Lestienne,Liam Broady,74.0,142.0,0,0.5832,1,0.5895,1,0.63,1
Wimbledon,20230703,Grass,R128,2023,Laurent Lokoli,Casper Ruud,199.0,4.0,0,0.1096,0,0.1488,0,0.0878,0
Wimbledon,20230703,Grass,R128,2023,Andrey Rublev,Max Purcell,7.0,64.0,1,0.8437,1,0.8585,1,0.8712,1
Wimbledon,20230703,Grass,R128,2023,Aslan Karatsev,Luca Van Assche,50.0,75.0,1,0.4891,0,0.4826,0,0.3989,0
Wimbledon,20230703,Grass,R128,2023,Tomas Barrios Vera,Sebastian Baez,133.0,46.0,1,0.2762,0,0.3432,0,0.4654,0
Wimbledon,20230703,Grass,R128,2023,David Goffin,Fabian Marozsan,123.0,96.0,1,0.3625,0,0.3628,0,0.4502,0
Wimbledon,20230703,Grass,R128,2023,Mackenzie Mcdonald,Alexander Bublik,54.0,26.0,0,0.3463,0,0.33,0,0.3208,0
Wimbledon,20230703,Grass,R128,2023,Enzo Couacaud,J J Wolf,158.0,48.0,0,0.2255,0,0.2533,0,0.2771,0
Wimbledon,20230703,Grass,R128,2023,Maximilian Marterer,Borna Gojo,170.0,112.0,1,0.4001,0,0.3638,0,0.2938,0
Wimbledon,20230703,Grass,R128,2023,Michael Mmoh,Felix Auger Aliassime,119.0,12.0,1,0.2547,0,0.2213,0,0.1432,0
Wimbledon,20230703,Grass,R128,2023,Juan Pablo Varillas,Lorenzo Musetti,63.0,16.0,0,0.2144,0,0.2426,0,0.2423,0
Wimbledon,20230703,Grass,R128,2023,John Isner,Jaume Munar,103.0,109.0,0,0.6011,1,0.6207,1,0.7936,1
Wimbledon,20230703,Grass,R128,2023,Dusan Lajovic,Jan Choinski,56.0,164.0,0,0.5687,1,0.6127,1,0.5685,1
Wimbledon,20230703,Grass,R128,2023,Albert Ramos,Hubert Hurkacz,76.0,18.0,0,0.2058,0,0.1999,0,0.1215,0
Wimbledon,20230703,Grass,R128,2023,Bernabe Zapata Miralles,Tomas Martin Etcheverry,53.0,32.0,0,0.4094,0,0.3938,0,0.4194,0
Wimbledon,20230703,Grass,R128,2023,Stan Wawrinka,Emil Ruusuvuori,88.0,47.0,1,0.2774,0,0.3486,0,0.3139,0
Wimbledon,20230703,Grass,R128,2023,Jordan Thompson,Brandon Nakashima,70.0,55.0,1,0.5428,1,0.5396,1,0.5773,1
Wimbledon,20230703,Grass,R128,2023,Novak Djokovic,Pedro Cachin,2.0,68.0,1,0.871,1,0.8224,1,0.8221,1
Wimbledon,20230703,Grass,R64,2023,Alexandre Muller,Carlos Alcaraz,84.0,1.0,0,0.0346,0,0.1222,0,0.0821,0
Wimbledon,20230703,Grass,R64,2023,Jason Kubler,Nicolas Jarry,77.0,28.0,0,0.3305,0,0.3422,0,0.373,0
Wimbledon,20230703,Grass,R64,2023,Alexander Zverev,Yosuke Watanuki,21.0,116.0,1,0.7252,1,0.7285,1,0.6939,1
Wimbledon,20230703,Grass,R64,2023,Matteo Berrettini,Alex De Minaur,38.0,17.0,1,0.2376,0,0.2931,0,0.4275,0
Wimbledon,20230703,Grass,R64,2023,Frances Tiafoe,Dominic Stricker,10.0,117.0,1,0.879,1,0.8474,1,0.9016,1
Wimbledon,20230703,Grass,R64,2023,Grigor Dimitrov,Ilya Ivashka,24.0,102.0,1,0.7515,1,0.732,1,0.7956,1
Wimbledon,20230703,Grass,R64,2023,Botic Van De Zandschulp,Alejandro Davidovich Fokina,44.0,34.0,0,0.4216,0,0.4414,0,0.4649,0
Wimbledon,20230703,Grass,R64,2023,Roberto Carballes Baena,Holger Rune,57.0,6.0,0,0.1475,0,0.175,0,0.2241,0
Wimbledon,20230703,Grass,R64,2023,Adrian Mannarino,Daniil Medvedev,35.0,3.0,0,0.1754,0,0.2873,0,0.3353,0
Wimbledon,20230703,Grass,R64,2023,Marton Fucsovics,Marcos Giron,67.0,65.0,1,0.687,1,0.6039,1,0.7277,1
Wimbledon,20230703,Grass,R64,2023,Francisco Cerundolo,Jiri Lehecka,19.0,37.0,0,0.6592,1,0.6418,1,0.601,1
Wimbledon,20230703,Grass,R64,2023,Milos Raonic,Tommy Paul,849.0,15.0,0,0.0946,0,0.3313,0,0.3677,0
Wimbledon,20230703,Grass,R64,2023,Christopher Eubanks,Cameron Norrie,43.0,13.0,1,0.4065,0,0.3365,0,0.3269,0
Wimbledon,20230703,Grass,R64,2023,Jiri Vesely,Christopher Oconnell,528.0,73.0,0,0.228,0,0.3024,0,0.2274,0
Wimbledon,20230703,Grass,R64,2023,Laslo Djere,Ben Shelton,60.0,36.0,1,0.5162,1,0.544,1,0.5526,1
Wimbledon,20230703,Grass,R64,2023,Andy Murray,Stefanos Tsitsipas,40.0,5.0,0,0.205,0,0.2938,0,0.2938,0
Wimbledon,20230703,Grass,R64,2023,Diego Schwartzman,Jannik Sinner,98.0,8.0,0,0.1904,0,0.1806,0,0.1351,0
Wimbledon,20230703,Grass,R64,2023,Quentin Halys,Aleksandar Vukic,79.0,87.0,1,0.4961,0,0.4765,0,0.468,0
Wimbledon,20230703,Grass,R64,2023,Oscar Otte,Daniel Elahi Galan,233.0,85.0,0,0.4152,0,0.4236,0,0.4502,0
Wimbledon,20230703,Grass,R64,2023,Taylor Fritz,Mikael Ymer,9.0,59.0,0,0.7157,1,0.6849,1,0.6957,1
Wimbledon,20230703,Grass,R64,2023,Guido Pella,Harold Mayot,308.0,181.0,1,0.5995,1,0.5432,1,0.6529,1
Wimbledon,20230703,Grass,R64,2023,Roman Safiullin,Corentin Moutet,92.0,71.0,1,0.5059,1,0.5014,1,0.5265,1
Wimbledon,20230703,Grass,R64,2023,Gregoire Barrere,Denis Shapovalov,49.0,29.0,0,0.501,1,0.4986,0,0.5202,1
Wimbledon,20230703,Grass,R64,2023,Liam Broady,Casper Ruud,142.0,4.0,1,0.1902,0,0.2184,0,0.2442,0
Wimbledon,20230703,Grass,R64,2023,Aslan Karatsev,Andrey Rublev,50.0,7.0,0,0.1835,0,0.1644,0,0.104,0
Wimbledon,20230703,Grass,R64,2023,David Goffin,Tomas Barrios Vera,123.0,133.0,1,0.5227,1,0.5104,1,0.5158,1
Wimbledon,20230703,Grass,R64,2023,Alexander Bublik,J J Wolf,26.0,48.0,1,0.6477,1,0.636,1,0.6377,1
Wimbledon,20230703,Grass,R64,2023,Maximilian Marterer,Michael Mmoh,170.0,119.0,1,0.4387,0,0.4067,0,0.3686,0
Wimbledon,20230703,Grass,R64,2023,Jaume Munar,Lorenzo Musetti,109.0,16.0,0,0.1897,0,0.1893,0,0.1965,0
Wimbledon,20230703,Grass,R64,2023,Jan Choinski,Hubert Hurkacz,164.0,18.0,0,0.1674,0,0.1602,0,0.1697,0
Wimbledon,20230703,Grass,R64,2023,Stan Wawrinka,Tomas Martin Etcheverry,88.0,32.0,1,0.3211,0,0.3367,0,0.2555,0
Wimbledon,20230703,Grass,R64,2023,Novak Djokovic,Jordan Thompson,2.0,70.0,1,0.7979,1,0.8099,1,0.8288,1
Wimbledon,20230703,Grass,R32,2023,Nicolas Jarry,Carlos Alcaraz,28.0,1.0,0,0.1017,0,0.1872,0,0.1084,0
Wimbledon,20230703,Grass,R32,2023,Alexander Zverev,Matteo Berrettini,21.0,38.0,0,0.7771,1,0.7013,1,0.7523,1
Wimbledon,20230703,Grass,R32,2023,Grigor Dimitrov,Frances Tiafoe,24.0,10.0,1,0.3317,0,0.2824,0,0.2787,0
Wimbledon,20230703,Grass,R32,2023,Alejandro Davidovich Fokina,Holger Rune,34.0,6.0,0,0.139,0,0.1337,0,0.051,0
Wimbledon,20230703,Grass,R32,2023,Marton Fucsovics,Daniil Medvedev,67.0,3.0,0,0.1879,0,0.2146,0,0.1789,0
Wimbledon,20230703,Grass,R32,2023,Tommy Paul,Jiri Lehecka,15.0,37.0,0,0.5917,1,0.5636,1,0.5207,1
Wimbledon,20230703,Grass,R32,2023,Christopher Oconnell,Christopher Eubanks,73.0,43.0,0,0.3711,0,0.3535,0,0.367,0
Wimbledon,20230703,Grass,R32,2023,Laslo Djere,Stefanos Tsitsipas,60.0,5.0,0,0.2574,0,0.3162,0,0.325,0
Wimbledon,20230703,Grass,R32,2023,Quentin Halys,Jannik Sinner,79.0,8.0,0,0.2429,0,0.1745,0,0.142,0
Wimbledon,20230703,Grass,R32,2023,Daniel Elahi Galan,Mikael Ymer,85.0,59.0,1,0.3518,0,0.2972,0,0.2783,0
Wimbledon,20230703,Grass,R32,2023,Guido Pella,Roman Safiullin,308.0,92.0,0,0.3507,0,0.3818,0,0.4546,0
Wimbledon,20230703,Grass,R32,2023,Liam Broady,Denis Shapovalov,142.0,29.0,0,0.3331,0,0.3357,0,0.3562,0
Wimbledon,20230703,Grass,R32,2023,David Goffin,Andrey Rublev,123.0,7.0,0,0.0905,0,0.0959,0,0.054,0
Wimbledon,20230703,Grass,R32,2023,Maximilian Marterer,Alexander Bublik,170.0,26.0,0,0.1404,0,0.1964,0,0.2711,0
Wimbledon,20230703,Grass,R32,2023,Hubert Hurkacz,Lorenzo Musetti,18.0,16.0,1,0.4657,0,0.4299,0,0.3899,0
Wimbledon,20230703,Grass,R32,2023,Stan Wawrinka,Novak Djokovic,88.0,2.0,0,0.0943,0,0.1412,0,0.0403,0
Wimbledon,20230703,Grass,R16,2023,Matteo Berrettini,Carlos Alcaraz,38.0,1.0,0,0.0436,0,0.1467,0,0.1187,0
Wimbledon,20230703,Grass,R16,2023,Grigor Dimitrov,Holger Rune,24.0,6.0,0,0.2449,0,0.267,0,0.2907,0
Wimbledon,20230703,Grass,R16,2023,Daniil Medvedev,Jiri Lehecka,3.0,37.0,1,0.8158,1,0.7929,1,0.8487,1
Wimbledon,20230703,Grass,R16,2023,Christopher Eubanks,Stefanos Tsitsipas,43.0,5.0,1,0.3408,0,0.3789,0,0.3761,0
Wimbledon,20230703,Grass,R16,2023,Daniel Elahi Galan,Jannik Sinner,85.0,8.0,0,0.1445,0,0.1168,0,0.0919,0
Wimbledon,20230703,Grass,R16,2023,Roman Safiullin,Denis Shapovalov,92.0,29.0,1,0.4346,0,0.4112,0,0.4306,0
Wimbledon,20230703,Grass,R16,2023,Alexander Bublik,Andrey Rublev,26.0,7.0,0,0.3233,0,0.2702,0,0.1995,0
Wimbledon,20230703,Grass,R16,2023,Novak Djokovic,Hubert Hurkacz,2.0,18.0,1,0.6886,1,0.7502,1,0.7251,1
Wimbledon,20230703,Grass,QF,2023,Carlos Alcaraz,Holger Rune,1.0,6.0,1,0.7415,1,0.7348,1,0.7485,1
Wimbledon,20230703,Grass,QF,2023,Daniil Medvedev,Christopher Eubanks,3.0,43.0,1,0.7726,1,0.7579,1,0.8038,1
Wimbledon,20230703,Grass,QF,2023,Roman Safiullin,Jannik Sinner,92.0,8.0,0,0.2241,0,0.1663,0,0.1283,0
Wimbledon,20230703,Grass,QF,2023,Novak Djokovic,Andrey Rublev,2.0,7.0,1,0.5032,1,0.637,1,0.6566,1
Wimbledon,20230703,Grass,SF,2023,Daniil Medvedev,Carlos Alcaraz,3.0,1.0,0,0.2743,0,0.2973,0,0.2466,0
Wimbledon,20230703,Grass,SF,2023,Novak Djokovic,Jannik Sinner,2.0,8.0,1,0.593,1,0.6376,1,0.4734,0
Wimbledon,20230703,Grass,F,2023,Novak Djokovic,Carlos Alcaraz,2.0,1.0,0,0.2333,0,0.3397,0,0.3432,0
Gstaad,20230717,Clay,R32,2023,Dominic Stricker,Arthur Fils,106.0,68.0,1,0.3353,0,0.3139,0,0.2547,0
Gstaad,20230717,Clay,R32,2023,Marc Andrea Huesler,Jurij Rodionov,84.0,118.0,0,0.479,0,0.4681,0,0.4146,0
Gstaad,20230717,Clay,R32,2023,Laslo Djere,Zizou Bergs,55.0,175.0,0,0.7639,1,0.7378,1,0.7203,1
Gstaad,20230717,Clay,R32,2023,Fabio Fognini,Albert Ramos,128.0,79.0,0,0.5119,1,0.4951,0,0.4783,0
Gstaad,20230717,Clay,R32,2023,Facundo Bagnis,Arthur Rinderknech,136.0,82.0,1,0.3036,0,0.2979,0,0.3154,0
Gstaad,20230717,Clay,R32,2023,Juan Pablo Varillas,Otto Virtanen,66.0,132.0,1,0.7177,1,0.6538,1,0.6611,1
Gstaad,20230717,Clay,R32,2023,Zhizhen Zhang,Hamad Medjedovic,70.0,183.0,0,0.7533,1,0.7313,1,0.7628,1
Gstaad,20230717,Clay,R32,2023,Dominic Thiem,Alexandre Muller,94.0,76.0,1,0.4252,0,0.3847,0,0.3577,0
Gstaad,20230717,Clay,R32,2023,Benjamin Bonzi,Daniel Altmaier,107.0,64.0,0,0.4012,0,0.3985,0,0.4178,0
Gstaad,20230717,Clay,R32,2023,Stan Wawrinka,Roberto Carballes Baena,74.0,60.0,1,0.4386,0,0.4583,0,0.4845,0
Gstaad,20230717,Clay,R32,2023,Alexander Ritschard,Jaume Munar,163.0,110.0,0,0.4265,0,0.4137,0,0.4596,0
Gstaad,20230717,Clay,R32,2023,Taro Daniel,Pedro Cachin,112.0,90.0,0,0.4785,0,0.5103,1,0.5483,1
Gstaad,20230717,Clay,R16,2023,Miomir Kecmanovic,Dominic Stricker,44.0,106.0,1,0.5728,1,0.5808,1,0.5351,1
Gstaad,20230717,Clay,R16,2023,Zizou Bergs,Jurij Rodionov,175.0,118.0,1,0.3296,0,0.3414,0,0.3287,0
Gstaad,20230717,Clay,R16,2023,Albert Ramos,Lorenzo Sonego,79.0,42.0,1,0.3621,0,0.3421,0,0.3204,0
Gstaad,20230717,Clay,R16,2023,Facundo Bagnis,Juan Pablo Varillas,136.0,66.0,0,0.2906,0,0.2837,0,0.2429,0
Gstaad,20230717,Clay,R16,2023,Dominic Thiem,Hamad Medjedovic,94.0,183.0,0,0.6362,1,0.6518,1,0.6395,1
Gstaad,20230717,Clay,R16,2023,Yannick Hanfmann,Daniel Altmaier,46.0,64.0,1,0.5788,1,0.6156,1,0.6075,1
Gstaad,20230717,Clay,R16,2023,Stan Wawrinka,Jaume Munar,74.0,110.0,0,0.5052,1,0.5255,1,0.4763,0
Gstaad,20230717,Clay,R16,2023,Roberto Bautista Agut,Pedro Cachin,25.0,90.0,0,0.6054,1,0.6755,1,0.6815,1
Gstaad,20230717,Clay,QF,2023,Miomir Kecmanovic,Zizou Bergs,44.0,175.0,1,0.7557,1,0.7342,1,0.6503,1
Gstaad,20230717,Clay,QF,2023,Albert Ramos,Juan Pablo Varillas,79.0,66.0,1,0.3887,0,0.3535,0,0.3755,0
Gstaad,20230717,Clay,QF,2023,Yannick Hanfmann,Hamad Medjedovic,46.0,183.0,0,0.7733,1,0.7378,1,0.6661,1
Gstaad,20230717,Clay,QF,2023,Pedro Cachin,Jaume Munar,90.0,110.0,1,0.4917,0,0.4914,0,0.5724,1
Gstaad,20230717,Clay,SF,2023,Albert Ramos,Miomir Kecmanovic,79.0,44.0,1,0.3929,0,0.3525,0,0.3313,0
Gstaad,20230717,Clay,SF,2023,Pedro Cachin,Hamad Medjedovic,90.0,183.0,1,0.6534,1,0.6862,1,0.7224,1
Gstaad,20230717,Clay,F,2023,Albert Ramos,Pedro Cachin,79.0,90.0,0,0.4728,0,0.4476,0,0.4314,0
Newport,20230717,Grass,R32,2023,Rinky Hijikata,Abedallah Shelbayh,116.0,240.0,1,0.7929,1,0.7481,1,0.8398,1
Newport,20230717,Grass,R32,2023,Liam Broady,Shintaro Mochizuki,130.0,192.0,1,0.6982,1,0.6972,1,0.5267,1
Newport,20230717,Grass,R32,2023,Jordan Thompson,Aleksandar Kovacevic,69.0,123.0,1,0.7372,1,0.7098,1,0.7145,1
Newport,20230717,Grass,R32,2023,Steve Johnson,Yunseong Chung,197.0,322.0,1,0.5739,1,0.5849,1,0.5623,1
Newport,20230717,Grass,R32,2023,Kevin Anderson,Gabriel Diallo,,141.0,1,0.5966,1,0.6132,1,0.5594,1
Newport,20230717,Grass,R32,2023,Max Purcell,Gijs Brouwer,71.0,145.0,0,0.5753,1,0.5529,1,0.5749,1
Newport,20230717,Grass,R32,2023,Maxime Cressy,Alex Michelsen,105.0,190.0,0,0.6171,1,0.6497,1,0.6202,1
Newport,20230717,Grass,R32,2023,James Duckworth,Constant Lestienne,129.0,86.0,1,0.3521,0,0.3185,0,0.2628,0
Newport,20230717,Grass,R32,2023,Li Tu,Aleksandar Vukic,252.0,83.0,1,0.2249,0,0.2822,0,0.3552,0
Newport,20230717,Grass,R32,2023,Corentin Moutet,Eliot Spizzirri,73.0,,1,0.7924,1,0.8149,1,0.871,1
Newport,20230717,Grass,R32,2023,John Isner,Alex Bolt,126.0,345.0,1,0.694,1,0.7028,1,0.7185,1
Newport,20230717,Grass,R32,2023,Sasi Kumar Mukund,Ethan Quinn,356.0,434.0,0,0.5072,1,0.5614,1,0.5649,1
Newport,20230717,Grass,R16,2023,Adrian Mannarino,Rinky Hijikata,38.0,116.0,1,0.4836,0,0.4898,0,0.4083,0
Newport,20230717,Grass,R16,2023,Liam Broady,Jordan Thompson,130.0,69.0,0,0.4128,0,0.3745,0,0.3544,0
Newport,20230717,Grass,R16,2023,Steve Johnson,Ugo Humbert,197.0,40.0,0,0.2453,0,0.2594,0,0.2616,0
Newport,20230717,Grass,R16,2023,Kevin Anderson,Gijs Brouwer,,145.0,1,0.5968,1,0.4415,0,0.3473,0
Newport,20230717,Grass,R16,2023,James Duckworth,Alex Michelsen,129.0,190.0,0,0.451,0,0.5304,1,0.3614,0
Newport,20230717,Grass,R16,2023,Li Tu,Mackenzie Mcdonald,252.0,59.0,0,0.2226,0,0.286,0,0.3355,0
Newport,20230717,Grass,R16,2023,John Isner,Corentin Moutet,126.0,73.0,1,0.3248,0,0.3418,0,0.4048,0
Newport,20230717,Grass,R16,2023,Tommy Paul,Ethan Quinn,14.0,434.0,1,0.9039,1,0.8825,1,0.9007,1
Newport,20230717,Grass,QF,2023,Adrian Mannarino,Jordan Thompson,38.0,69.0,1,0.5129,1,0.5355,1,0.5154,1
Newport,20230717,Grass,QF,2023,Kevin Anderson,Ugo Humbert,,40.0,0,0.5056,1,0.2714,0,0.2656,0
Newport,20230717,Grass,QF,2023,Mackenzie Mcdonald,Alex Michelsen,59.0,190.0,0,0.7072,1,0.7134,1,0.6651,1
Newport,20230717,Grass,QF,2023,John Isner,Tommy Paul,126.0,14.0,1,0.1825,0,0.2327,0,0.2177,0
Newport,20230717,Grass,SF,2023,Adrian Mannarino,Ugo Humbert,38.0,40.0,1,0.5787,1,0.6146,1,0.6584,1
Newport,20230717,Grass,SF,2023,John Isner,Alex Michelsen,126.0,190.0,0,0.5065,1,0.5602,1,0.4642,0
Newport,20230717,Grass,F,2023,Adrian Mannarino,Alex Michelsen,38.0,190.0,1,0.7421,1,0.7451,1,0.6434,1
Bastad,20230717,Clay,R32,2023,Marco Cecchinato,Pavel Kotov,95.0,89.0,0,0.4201,0,0.4043,0,0.3971,0
Bastad,20230717,Clay,R32,2023,Thiago Monteiro,Daniel Elahi Galan,122.0,56.0,1,0.3807,0,0.3408,0,0.4064,0
Bastad,20230717,Clay,R32,2023,Alexander Zverev,Alex Molcan,19.0,81.0,1,0.6875,1,0.6974,1,0.7619,1
Bastad,20230717,Clay,R32,2023,Dragos Nicolae Madaras,Luca Van Assche,191.0,77.0,0,0.263,0,0.3132,0,0.3296,0
Bastad,20230717,Clay,R32,2023,Elias Ymer,Leo Borg,166.0,437.0,0,0.7254,1,0.7235,1,0.8091,1
Bastad,20230717,Clay,R32,2023,Federico Coria,Sebastian Baez,113.0,63.0,1,0.3674,0,0.3528,0,0.3365,0
Bastad,20230717,Clay,R32,2023,Jozef Kovalik,Alejandro Davidovich Fokina,159.0,35.0,1,0.281,0,0.2829,0,0.2867,0
Bastad,20230717,Clay,R32,2023,Dusan Lajovic,Filip Misolic,61.0,139.0,0,0.4828,0,0.5217,1,0.5276,1
Bastad,20230717,Clay,R32,2023,Emil Ruusuvuori,Matteo Arnaldi,48.0,75.0,0,0.523,1,0.5383,1,0.5481,1
Bastad,20230717,Clay,R32,2023,Sebastian Ofner,Tomas Martin Etcheverry,58.0,34.0,1,0.4329,0,0.43,0,0.4295,0
Bastad,20230717,Clay,R32,2023,Hugo Dellien,Bernabe Zapata Miralles,167.0,53.0,0,0.3254,0,0.3311,0,0.3474,0
Bastad,20230717,Clay,R32,2023,Juan Manuel Cerundolo,Alexander Shevchenko,100.0,96.0,0,0.4175,0,0.4159,0,0.4707,0
Bastad,20230717,Clay,R16,2023,Andrey Rublev,Pavel Kotov,7.0,89.0,1,0.7863,1,0.7885,1,0.7893,1
Bastad,20230717,Clay,R16,2023,Alexander Zverev,Thiago Monteiro,19.0,122.0,1,0.783,1,0.7914,1,0.8241,1
Bastad,20230717,Clay,R16,2023,Francisco Cerundolo,Luca Van Assche,20.0,77.0,1,0.6755,1,0.7224,1,0.7021,1
Bastad,20230717,Clay,R16,2023,Federico Coria,Leo Borg,113.0,437.0,1,0.7501,1,0.7567,1,0.8001,1
Bastad,20230717,Clay,R16,2023,Jozef Kovalik,Filip Misolic,159.0,139.0,0,0.3881,0,0.3779,0,0.3258,0
Bastad,20230717,Clay,R16,2023,Lorenzo Musetti,Matteo Arnaldi,16.0,75.0,1,0.6869,1,0.7569,1,0.8133,1
Bastad,20230717,Clay,R16,2023,Sebastian Ofner,Bernabe Zapata Miralles,58.0,53.0,1,0.5576,1,0.5383,1,0.5825,1
Bastad,20230717,Clay,R16,2023,Casper Ruud,Alexander Shevchenko,4.0,96.0,1,0.8437,1,0.8384,1,0.8578,1
Bastad,20230717,Clay,QF,2023,Alexander Zverev,Andrey Rublev,19.0,7.0,0,0.3287,0,0.3801,0,0.4084,0
Bastad,20230717,Clay,QF,2023,Federico Coria,Francisco Cerundolo,113.0,20.0,0,0.2321,0,0.1986,0,0.2552,0
Bastad,20230717,Clay,QF,2023,Lorenzo Musetti,Filip Misolic,16.0,139.0,1,0.7379,1,0.7098,1,0.7887,1
Bastad,20230717,Clay,QF,2023,Sebastian Ofner,Casper Ruud,58.0,4.0,0,0.1997,0,0.2271,0,0.2429,0
Bastad,20230717,Clay,SF,2023,Andrey Rublev,Francisco Cerundolo,7.0,20.0,1,0.705,1,0.6887,1,0.7122,1
Bastad,20230717,Clay,SF,2023,Casper Ruud,Lorenzo Musetti,4.0,16.0,1,0.6844,1,0.6811,1,0.702,1
Bastad,20230717,Clay,F,2023,Andrey Rublev,Casper Ruud,7.0,4.0,1,0.4702,0,0.4616,0,0.4496,0
Hamburg,20230724,Clay,R32,2023,Andrey Rublev,Bernabe Zapata Miralles,7.0,54.0,1,0.8374,1,0.8263,1,0.8147,1
Hamburg,20230724,Clay,R32,2023,Richard Gasquet,Daniel Altmaier,48.0,61.0,0,0.3678,0,0.4085,0,0.2551,0
Hamburg,20230724,Clay,R32,2023,Zhizhen Zhang,Jan Choinski,79.0,151.0,1,0.7128,1,0.6908,1,0.6851,1
Hamburg,20230724,Clay,R32,2023,Yannick Hanfmann,Francisco Cerundolo,45.0,21.0,1,0.424,0,0.4069,0,0.4151,0
Hamburg,20230724,Clay,R32,2023,Elias Ymer,Lorenzo Musetti,186.0,18.0,0,0.1757,0,0.188,0,0.1772,0
Hamburg,20230724,Clay,R32,2023,Jozef Kovalik,Thiago Seyboth Wild,172.0,123.0,1,0.3656,0,0.3183,0,0.3136,0
Hamburg,20230724,Clay,R32,2023,Guido Pella,Thiago Monteiro,228.0,121.0,1,0.4507,0,0.4654,0,0.541,1
Hamburg,20230724,Clay,R32,2023,Laslo Djere,Tomas Martin Etcheverry,57.0,34.0,1,0.3893,0,0.3734,0,0.3882,0
Hamburg,20230724,Clay,R32,2023,Pedro Cachin,Alejandro Davidovich Fokina,49.0,39.0,0,0.4964,0,0.4912,0,0.5176,1
Hamburg,20230724,Clay,R32,2023,Alexandre Muller,Luca Van Assche,81.0,77.0,0,0.4639,0,0.4778,0,0.4592,0
Hamburg,20230724,Clay,R32,2023,Maximilian Marterer,Rudolf Molleker,144.0,251.0,1,0.6585,1,0.6516,1,0.5467,1
Hamburg,20230724,Clay,R32,2023,Alexander Zverev,Alex Molcan,19.0,118.0,1,0.7414,1,0.7479,1,0.804,1
Hamburg,20230724,Clay,R32,2023,Dusan Lajovic,Miomir Kecmanovic,60.0,40.0,1,0.3953,0,0.3922,0,0.3709,0
Hamburg,20230724,Clay,R32,2023,Daniel Elahi Galan,Arthur Fils,67.0,71.0,0,0.3842,0,0.3786,0,0.3955,0
Hamburg,20230724,Clay,R32,2023,Hugo Dellien,Cristian Garin,164.0,120.0,0,0.4224,0,0.3979,0,0.4216,0
Hamburg,20230724,Clay,R32,2023,Casper Ruud,Sebastian Baez,4.0,64.0,1,0.8345,1,0.8332,1,0.8511,1
Hamburg,20230724,Clay,R16,2023,Andrey Rublev,Daniel Altmaier,7.0,61.0,0,0.8314,1,0.8574,1,0.8734,1
Hamburg,20230724,Clay,R16,2023,Yannick Hanfmann,Zhizhen Zhang,45.0,79.0,0,0.542,1,0.5727,1,0.5837,1
Hamburg,20230724,Clay,R16,2023,Jozef Kovalik,Lorenzo Musetti,172.0,18.0,0,0.2562,0,0.269,0,0.2746,0
Hamburg,20230724,Clay,R16,2023,Guido Pella,Laslo Djere,228.0,57.0,0,0.3368,0,0.4018,0,0.491,0
Hamburg,20230724,Clay,R16,2023,Alejandro Davidovich Fokina,Luca Van Assche,39.0,77.0,0,0.5563,1,0.5867,1,0.5388,1
Hamburg,20230724,Clay,R16,2023,Alexander Zverev,Maximilian Marterer,19.0,144.0,1,0.8019,1,0.7826,1,0.7722,1
Hamburg,20230724,Clay,R16,2023,Dusan Lajovic,Arthur Fils,60.0,71.0,0,0.3552,0,0.4082,0,0.3272,0
Hamburg,20230724,Clay,R16,2023,Cristian Garin,Casper Ruud,120.0,4.0,0,0.1258,0,0.1995,0,0.1301,0
Hamburg,20230724,Clay,QF,2023,Zhizhen Zhang,Daniel Altmaier,79.0,61.0,1,0.5143,1,0.4838,0,0.4483,0
Hamburg,20230724,Clay,QF,2023,Laslo Djere,Lorenzo Musetti,57.0,18.0,1,0.3408,0,0.3459,0,0.3656,0
Hamburg,20230724,Clay,QF,2023,Alexander Zverev,Luca Van Assche,19.0,77.0,1,0.6952,1,0.7159,1,0.7463,1
Hamburg,20230724,Clay,QF,2023,Casper Ruud,Arthur Fils,4.0,71.0,0,0.7702,1,0.6855,1,0.7361,1
Hamburg,20230724,Clay,SF,2023,Zhizhen Zhang,Laslo Djere,79.0,57.0,0,0.5226,1,0.4895,0,0.4629,0
Hamburg,20230724,Clay,SF,2023,Alexander Zverev,Arthur Fils,19.0,71.0,1,0.6096,1,0.584,1,0.6513,1
Hamburg,20230724,Clay,F,2023,Alexander Zverev,Laslo Djere,19.0,57.0,1,0.683,1,0.6998,1,0.7248,1
Umag,20230724,Clay,R32,2023,Marco Cecchinato,Alexander Shevchenko,96.0,93.0,1,0.4459,0,0.4712,0,0.5015,1
Umag,20230724,Clay,R32,2023,Fabian Marozsan,Juan Manuel Cerundolo,87.0,110.0,1,0.6233,1,0.6653,1,0.5982,1
Umag,20230724,Clay,R32,2023,Albert Ramos,Jaume Munar,65.0,104.0,0,0.4858,0,0.4692,0,0.467,0
Umag,20230724,Clay,R32,2023,Taro Daniel,Martin Landaluce,113.0,720.0,1,0.8296,1,0.8053,1,0.8789,1
Umag,20230724,Clay,R32,2023,Federico Coria,Marc Andrea Huesler,108.0,83.0,1,0.5344,1,0.5484,1,0.5867,1
Umag,20230724,Clay,R32,2023,Stan Wawrinka,Filip Misolic,72.0,129.0,1,0.3942,0,0.4353,0,0.3951,0
Umag,20230724,Clay,R32,2023,Christopher Oconnell,Zsombor Piros,68.0,124.0,0,0.727,1,0.7045,1,0.632,1
Umag,20230724,Clay,R32,2023,Duje Ajdukovic,Dino Prizmic,299.0,287.0,0,0.487,0,0.4728,0,0.4675,0
Umag,20230724,Clay,R32,2023,Benjamin Bonzi,Alexei Popyrin,107.0,90.0,0,0.399,0,0.3824,0,0.3697,0
Umag,20230724,Clay,R32,2023,Jesper De Jong,Matteo Arnaldi,180.0,76.0,0,0.2295,0,0.2698,0,0.2396,0
Umag,20230724,Clay,R32,2023,Marin Cilic,Flavio Cobolli,100.0,148.0,0,0.4041,0,0.4976,0,0.5058,1
Umag,20230724,Clay,R32,2023,Facundo Bagnis,Dominic Thiem,133.0,112.0,0,0.4644,0,0.4361,0,0.5127,1
Umag,20230724,Clay,R16,2023,Marco Cecchinato,Lorenzo Sonego,96.0,43.0,0,0.3988,0,0.3652,0,0.3826,0
Umag,20230724,Clay,R16,2023,Jaume Munar,Fabian Marozsan,104.0,87.0,1,0.4705,0,0.4342,0,0.5345,1
Umag,20230724,Clay,R16,2023,Taro Daniel,Roberto Carballes Baena,113.0,59.0,0,0.3876,0,0.3445,0,0.3646,0
Umag,20230724,Clay,R16,2023,Stan Wawrinka,Federico Coria,72.0,108.0,1,0.5153,1,0.5001,1,0.3933,0
Umag,20230724,Clay,R16,2023,Zsombor Piros,Dino Prizmic,124.0,287.0,0,0.5781,1,0.6048,1,0.5076,1
Umag,20230724,Clay,R16,2023,Sebastian Ofner,Alexei Popyrin,52.0,90.0,0,0.5901,1,0.6148,1,0.6376,1
Umag,20230724,Clay,R16,2023,Flavio Cobolli,Matteo Arnaldi,148.0,76.0,0,0.3615,0,0.3462,0,0.3715,0
Umag,20230724,Clay,R16,2023,Dominic Thiem,Jiri Lehecka,112.0,33.0,0,0.3162,0,0.3051,0,0.2901,0
Umag,20230724,Clay,QF,2023,Lorenzo Sonego,Jaume Munar,43.0,104.0,1,0.5568,1,0.549,1,0.5487,1
Umag,20230724,Clay,QF,2023,Stan Wawrinka,Roberto Carballes Baena,72.0,59.0,1,0.4558,0,0.4578,0,0.4833,0
Umag,20230724,Clay,QF,2023,Alexei Popyrin,Dino Prizmic,90.0,287.0,1,0.757,1,0.7126,1,0.6982,1
Umag,20230724,Clay,QF,2023,Jiri Lehecka,Matteo Arnaldi,33.0,76.0,0,0.5971,1,0.6346,1,0.6315,1
Umag,20230724,Clay,SF,2023,Stan Wawrinka,Lorenzo Sonego,72.0,43.0,1,0.4171,0,0.442,0,0.5102,1
Umag,20230724,Clay,SF,2023,Alexei Popyrin,Matteo Arnaldi,90.0,76.0,1,0.4692,0,0.4285,0,0.4369,0
Umag,20230724,Clay,F,2023,Stan Wawrinka,Alexei Popyrin,72.0,90.0,0,0.4686,0,0.4761,0,0.3303,0
Atlanta,20230724,Hard,R32,2023,Gael Monfils,Thanasi Kokkinakis,322.0,86.0,0,0.2765,0,0.3309,0,0.2999,0
Atlanta,20230724,Hard,R32,2023,James Duckworth,Lloyd Harris,128.0,204.0,0,0.5169,1,0.5369,1,0.4748,0
Atlanta,20230724,Hard,R32,2023,Constant Lestienne,Ugo Humbert,95.0,38.0,0,0.3636,0,0.346,0,0.3203,0
Atlanta,20230724,Hard,R32,2023,Aleksandar Vukic,Ethan Quinn,82.0,394.0,1,0.7144,1,0.7172,1,0.8191,1
Atlanta,20230724,Hard,R32,2023,Max Purcell,Brandon Nakashima,74.0,58.0,0,0.3506,0,0.3192,0,0.3399,0
Atlanta,20230724,Hard,R32,2023,Christopher Eubanks,Andres Martin,32.0,723.0,1,0.8965,1,0.7936,1,0.8526,1
Atlanta,20230724,Hard,R32,2023,Jason Jung,J J Wolf,281.0,46.0,0,0.1613,0,0.2087,0,0.1616,0
Atlanta,20230724,Hard,R32,2023,Maxime Cressy,Alex Michelsen,105.0,140.0,1,0.54,1,0.6525,1,0.8044,1
Atlanta,20230724,Hard,R32,2023,John Isner,Dominik Koepfer,103.0,88.0,0,0.619,1,0.5783,1,0.57,1
Atlanta,20230724,Hard,R32,2023,Juncheng Shang,Ben Shelton,156.0,41.0,1,0.3134,0,0.3204,0,0.3495,0
Atlanta,20230724,Hard,R32,2023,Kei Nishikori,Jordan Thompson,439.0,63.0,1,0.1328,0,0.2318,0,0.2928,0
Atlanta,20230724,Hard,R32,2023,Corentin Moutet,Yibing Wu,73.0,89.0,0,0.5013,1,0.4859,0,0.4628,0
Atlanta,20230724,Hard,R16,2023,Thanasi Kokkinakis,Alex De Minaur,86.0,17.0,0,0.3339,0,0.2417,0,0.2262,0
Atlanta,20230724,Hard,R16,2023,Lloyd Harris,Ugo Humbert,204.0,38.0,0,0.3668,0,0.3548,0,0.3859,0
Atlanta,20230724,Hard,R16,2023,Yoshihito Nishioka,Aleksandar Vukic,31.0,82.0,0,0.6052,1,0.6487,1,0.5966,1
Atlanta,20230724,Hard,R16,2023,Christopher Eubanks,Brandon Nakashima,32.0,58.0,1,0.5498,1,0.5253,1,0.5381,1
Atlanta,20230724,Hard,R16,2023,J J Wolf,Maxime Cressy,46.0,105.0,1,0.5927,1,0.6437,1,0.6429,1
Atlanta,20230724,Hard,R16,2023,Daniel Evans,Dominik Koepfer,30.0,88.0,0,0.5857,1,0.6499,1,0.6408,1
Atlanta,20230724,Hard,R16,2023,Kei Nishikori,Juncheng Shang,439.0,156.0,1,0.2075,0,0.3209,0,0.3447,0
Atlanta,20230724,Hard,R16,2023,Taylor Fritz,Yibing Wu,9.0,89.0,1,0.7384,1,0.7386,1,0.7651,1
Atlanta,20230724,Hard,QF,2023,Ugo Humbert,Alex De Minaur,38.0,17.0,1,0.3668,0,0.251,0,0.2578,0
Atlanta,20230724,Hard,QF,2023,Christopher Eubanks,Aleksandar Vukic,32.0,82.0,0,0.6481,1,0.6665,1,0.6866,1
Atlanta,20230724,Hard,QF,2023,Dominik Koepfer,J J Wolf,88.0,46.0,0,0.3269,0,0.2905,0,0.2866,0
Atlanta,20230724,Hard,QF,2023,Kei Nishikori,Taylor Fritz,439.0,9.0,0,0.0462,0,0.0846,0,0.0357,0
Atlanta,20230724,Hard,SF,2023,Aleksandar Vukic,Ugo Humbert,82.0,38.0,1,0.4117,0,0.3675,0,0.3835,0
Atlanta,20230724,Hard,SF,2023,Taylor Fritz,J J Wolf,9.0,46.0,1,0.7208,1,0.6837,1,0.6768,1
Atlanta,20230724,Hard,F,2023,Taylor Fritz,Aleksandar Vukic,9.0,82.0,1,0.7828,1,0.8068,1,0.7689,1
Kitzbuhel,20230731,Clay,R32,2023,Arthur Rinderknech,Juan Manuel Cerundolo,67.0,106.0,1,0.6159,1,0.6217,1,0.602,1
Kitzbuhel,20230731,Clay,R32,2023,Facundo Bagnis,Dominic Thiem,135.0,116.0,0,0.395,0,0.3517,0,0.3879,0
Kitzbuhel,20230731,Clay,R32,2023,Dusan Lajovic,Zhizhen Zhang,66.0,53.0,0,0.3826,0,0.3688,0,0.3294,0
Kitzbuhel,20230731,Clay,R32,2023,Albert Ramos,Juan Pablo Varillas,82.0,77.0,1,0.4094,0,0.3825,0,0.3758,0
Kitzbuhel,20230731,Clay,R32,2023,Dennis Novak,Thiago Seyboth Wild,166.0,117.0,0,0.246,0,0.268,0,0.2712,0
Kitzbuhel,20230731,Clay,R32,2023,Christopher Oconnell,Laslo Djere,74.0,38.0,0,0.4284,0,0.3759,0,0.3618,0
Kitzbuhel,20230731,Clay,R32,2023,Guido Pella,Roberto Carballes Baena,199.0,64.0,0,0.3704,0,0.4198,0,0.3977,0
Kitzbuhel,20230731,Clay,R32,2023,Sebastian Baez,Hamad Medjedovic,72.0,147.0,1,0.4946,0,0.5302,1,0.5423,1
Kitzbuhel,20230731,Clay,R32,2023,Alex Molcan,Luca Van Assche,120.0,68.0,1,0.3976,0,0.3592,0,0.3317,0
Kitzbuhel,20230731,Clay,R32,2023,Daniel Altmaier,Marc Andrea Huesler,51.0,88.0,1,0.6526,1,0.6203,1,0.6006,1
Kitzbuhel,20230731,Clay,R32,2023,Marco Cecchinato,Daniel Elahi Galan,108.0,76.0,0,0.4875,0,0.4748,0,0.505,1
Kitzbuhel,20230731,Clay,R32,2023,Guido Andreozzi,Filip Misolic,240.0,158.0,1,0.2145,0,0.274,0,0.3348,0
Kitzbuhel,20230731,Clay,R16,2023,Yannick Hanfmann,Arthur Rinderknech,50.0,67.0,0,0.5617,1,0.5817,1,0.5498,1
Kitzbuhel,20230731,Clay,R16,2023,Dominic Thiem,Zhizhen Zhang,116.0,53.0,1,0.3526,0,0.3436,0,0.3709,0
Kitzbuhel,20230731,Clay,R16,2023,Albert Ramos,Pedro Cachin,82.0,54.0,0,0.4025,0,0.3706,0,0.3684,0
Kitzbuhel,20230731,Clay,R16,2023,Laslo Djere,Thiago Seyboth Wild,38.0,117.0,1,0.5866,1,0.5816,1,0.5857,1
Kitzbuhel,20230731,Clay,R16,2023,Roberto Carballes Baena,Sebastian Baez,64.0,72.0,0,0.5171,1,0.5551,1,0.5282,1
Kitzbuhel,20230731,Clay,R16,2023,Sebastian Ofner,Alex Molcan,61.0,120.0,0,0.6253,1,0.626,1,0.6535,1
Kitzbuhel,20230731,Clay,R16,2023,Daniel Elahi Galan,Daniel Altmaier,76.0,51.0,1,0.3957,0,0.361,0,0.3405,0
Kitzbuhel,20230731,Clay,R16,2023,Guido Andreozzi,Tomas Martin Etcheverry,240.0,34.0,0,0.1339,0,0.1934,0,0.163,0
Kitzbuhel,20230731,Clay,QF,2023,Dominic Thiem,Arthur Rinderknech,116.0,67.0,1,0.427,0,0.4121,0,0.3733,0
Kitzbuhel,20230731,Clay,QF,2023,Pedro Cachin,Laslo Djere,54.0,38.0,0,0.4636,0,0.4714,0,0.521,1
Kitzbuhel,20230731,Clay,QF,2023,Alex Molcan,Sebastian Baez,120.0,72.0,0,0.4456,0,0.4119,0,0.4019,0
Kitzbuhel,20230731,Clay,QF,2023,Daniel Elahi Galan,Tomas Martin Etcheverry,76.0,34.0,0,0.3374,0,0.3061,0,0.3108,0
Kitzbuhel,20230731,Clay,SF,2023,Dominic Thiem,Laslo Djere,116.0,38.0,1,0.3547,0,0.3283,0,0.2941,0
Kitzbuhel,20230731,Clay,SF,2023,Tomas Martin Etcheverry,Sebastian Baez,34.0,72.0,0,0.6341,1,0.6183,1,0.6294,1
Kitzbuhel,20230731,Clay,F,2023,Dominic Thiem,Sebastian Baez,116.0,72.0,0,0.4463,0,0.4188,0,0.4506,0
Washington,20230731,Hard,R64,2023,Aslan Karatsev,Kiranpal Pannu,75.0,717.0,1,0.8789,1,0.8465,1,0.8847,1
Washington,20230731,Hard,R64,2023,Emilio Gomez,Juncheng Shang,155.0,149.0,0,0.4365,0,0.4511,0,0.325,0
Washington,20230731,Hard,R64,2023,Gregoire Barrere,Shintaro Mochizuki,59.0,200.0,1,0.7489,1,0.7434,1,0.637,1
Washington,20230731,Hard,R64,2023,Maxime Cressy,Alexander Shevchenko,96.0,93.0,0,0.5929,1,0.589,1,0.6169,1
Washington,20230731,Hard,R64,2023,Yosuke Watanuki,Yibing Wu,99.0,90.0,1,0.4219,0,0.3911,0,0.4279,0
Washington,20230731,Hard,R64,2023,Taro Daniel,Thanasi Kokkinakis,111.0,86.0,0,0.4342,0,0.4321,0,0.3988,0
Washington,20230731,Hard,R64,2023,Constant Lestienne,Emil Ruusuvuori,109.0,55.0,0,0.3536,0,0.3357,0,0.3139,0
Washington,20230731,Hard,R64,2023,Diego Schwartzman,Mackenzie Mcdonald,95.0,60.0,0,0.3939,0,0.3588,0,0.3781,0
Washington,20230731,Hard,R64,2023,Gael Monfils,Bjorn Fratangelo,323.0,695.0,1,0.7934,1,0.768,1,0.7636,1
Washington,20230731,Hard,R64,2023,Liam Broady,Corentin Moutet,125.0,80.0,1,0.4695,0,0.5019,1,0.5018,1
Washington,20230731,Hard,R64,2023,Radu Albot,Marcos Giron,97.0,69.0,1,0.4407,0,0.4314,0,0.4217,0
Washington,20230731,Hard,R64,2023,Bradley Klahn,Michael Mmoh,797.0,112.0,0,0.0878,0,0.239,0,0.2821,0
Washington,20230731,Hard,R64,2023,Kevin Anderson,Jordan Thompson,652.0,71.0,0,0.1611,0,0.3399,0,0.2584,0
Washington,20230731,Hard,R64,2023,Lloyd Harris,Sho Shimabukuro,186.0,161.0,0,0.6054,1,0.5886,1,0.5837,1
Washington,20230731,Hard,R64,2023,Aleksandar Vukic,Brandon Nakashima,62.0,70.0,0,0.4893,0,0.4584,0,0.4467,0
Washington,20230731,Hard,R64,2023,Max Purcell,Zachary Svajda,78.0,233.0,0,0.6888,1,0.6835,1,0.6641,1
Washington,20230731,Hard,R32,2023,Aslan Karatsev,Frances Tiafoe,75.0,10.0,0,0.2038,0,0.148,0,0.115,0
Washington,20230731,Hard,R32,2023,Juncheng Shang,Ben Shelton,149.0,43.0,1,0.3868,0,0.4379,0,0.4074,0
Washington,20230731,Hard,R32,2023,Daniel Evans,Gregoire Barrere,30.0,59.0,1,0.4398,0,0.4866,0,0.5142,1
Washington,20230731,Hard,R32,2023,Sebastian Korda,Alexander Shevchenko,26.0,93.0,0,0.7654,1,0.7531,1,0.7664,1
Washington,20230731,Hard,R32,2023,Yosuke Watanuki,Felix Auger Aliassime,99.0,12.0,1,0.2523,0,0.1859,0,0.1752,0
Washington,20230731,Hard,R32,2023,Thanasi Kokkinakis,Ugo Humbert,86.0,36.0,0,0.4341,0,0.4274,0,0.4231,0
Washington,20230731,Hard,R32,2023,Yoshihito Nishioka,Emil Ruusuvuori,31.0,55.0,0,0.5074,1,0.5378,1,0.5332,1
Washington,20230731,Hard,R32,2023,Grigor Dimitrov,Mackenzie Mcdonald,20.0,60.0,1,0.5968,1,0.559,1,0.5509,1
Washington,20230731,Hard,R32,2023,Gael Monfils,Alexander Bublik,323.0,25.0,1,0.1894,0,0.264,0,0.2105,0
Washington,20230731,Hard,R32,2023,Liam Broady,Tallon Griekspoor,125.0,37.0,0,0.3814,0,0.3271,0,0.2609,0
Washington,20230731,Hard,R32,2023,Radu Albot,J J Wolf,97.0,45.0,0,0.3504,0,0.3296,0,0.302,0
Washington,20230731,Hard,R32,2023,Michael Mmoh,Hubert Hurkacz,112.0,17.0,1,0.2786,0,0.2938,0,0.3389,0
Washington,20230731,Hard,R32,2023,Adrian Mannarino,Jordan Thompson,27.0,71.0,0,0.5795,1,0.6037,1,0.5959,1
Washington,20230731,Hard,R32,2023,Christopher Eubanks,Sho Shimabukuro,29.0,161.0,1,0.7697,1,0.7598,1,0.7794,1
Washington,20230731,Hard,R32,2023,Andy Murray,Brandon Nakashima,44.0,70.0,1,0.4405,0,0.4236,0,0.3317,0
Washington,20230731,Hard,R32,2023,Taylor Fritz,Zachary Svajda,9.0,233.0,1,0.9225,1,0.9129,1,0.9464,1
Washington,20230731,Hard,R16,2023,Frances Tiafoe,Juncheng Shang,10.0,149.0,1,0.8022,1,0.8345,1,0.8184,1
Washington,20230731,Hard,R16,2023,Daniel Evans,Alexander Shevchenko,30.0,93.0,1,0.5714,1,0.6413,1,0.6698,1
Washington,20230731,Hard,R16,2023,Yosuke Watanuki,Ugo Humbert,99.0,36.0,0,0.3669,0,0.3579,0,0.3687,0
Washington,20230731,Hard,R16,2023,Grigor Dimitrov,Emil Ruusuvuori,20.0,55.0,1,0.5703,1,0.5554,1,0.534,1
Washington,20230731,Hard,R16,2023,Gael Monfils,Tallon Griekspoor,323.0,37.0,0,0.2,0,0.2421,0,0.2603,0
Washington,20230731,Hard,R16,2023,Michael Mmoh,J J Wolf,112.0,45.0,0,0.4011,0,0.3455,0,0.2956,0
Washington,20230731,Hard,R16,2023,Christopher Eubanks,Jordan Thompson,29.0,71.0,0,0.6361,1,0.6181,1,0.6376,1
Washington,20230731,Hard,R16,2023,Andy Murray,Taylor Fritz,44.0,9.0,0,0.2197,0,0.2063,0,0.1918,0
Washington,20230731,Hard,QF,2023,Daniel Evans,Frances Tiafoe,30.0,10.0,1,0.2116,0,0.2369,0,0.2383,0
Washington,20230731,Hard,QF,2023,Grigor Dimitrov,Ugo Humbert,20.0,36.0,1,0.5345,1,0.5168,1,0.4925,0
Washington,20230731,Hard,QF,2023,Tallon Griekspoor,J J Wolf,37.0,45.0,1,0.5277,1,0.4881,0,0.5156,1
Washington,20230731,Hard,QF,2023,Jordan Thompson,Taylor Fritz,71.0,9.0,0,0.212,0,0.2077,0,0.1688,0
Washington,20230731,Hard,SF,2023,Daniel Evans,Grigor Dimitrov,30.0,20.0,1,0.3396,0,0.3608,0,0.4268,0
Washington,20230731,Hard,SF,2023,Taylor Fritz,Tallon Griekspoor,9.0,37.0,0,0.7071,1,0.701,1,0.6908,1
Washington,20230731,Hard,F,2023,Daniel Evans,Tallon Griekspoor,30.0,37.0,1,0.3574,0,0.4109,0,0.3892,0
Los Cabos,20230731,Hard,R32,2023,Aleksandar Kovacevic,Omni Kumar,129.0,403.0,1,0.785,1,0.7704,1,0.8113,1
Los Cabos,20230731,Hard,R32,2023,James Duckworth,Otto Virtanen,123.0,127.0,1,0.4666,0,0.509,1,0.4949,0
Los Cabos,20230731,Hard,R32,2023,Dominik Koepfer,Tomas Barrios Vera,84.0,121.0,1,0.6323,1,0.6227,1,0.5003,1
Los Cabos,20230731,Hard,R32,2023,Alejandro Tabilo,Felipe Meligeni Alves,122.0,177.0,0,0.6346,1,0.6421,1,0.5915,1
Los Cabos,20230731,Hard,R32,2023,Gonzalo Lama,Thiago Agustin Tirante,410.0,136.0,0,0.2344,0,0.3259,0,0.4561,0
Los Cabos,20230731,Hard,R32,2023,Skander Mansouri,Alex De Minaur,296.0,19.0,0,0.1264,0,0.1856,0,0.1635,0
Los Cabos,20230731,Hard,R32,2023,Ilya Ivashka,Beibit Zhukayev,113.0,258.0,1,0.7166,1,0.705,1,0.6991,1
Los Cabos,20230731,Hard,R32,2023,Cristian Garin,Borna Gojo,101.0,115.0,0,0.5321,1,0.5619,1,0.5272,1
Los Cabos,20230731,Hard,R32,2023,Jason Jung,Ernesto Escobedo,276.0,377.0,1,0.5323,1,0.5694,1,0.5621,1
Los Cabos,20230731,Hard,R32,2023,Nicolas Jarry,Rodrigo Pacheco Mendez,28.0,817.0,1,0.9352,1,0.8708,1,0.9358,1
Los Cabos,20230731,Hard,R32,2023,Gijs Brouwer,Gabriel Diallo,144.0,140.0,1,0.6172,1,0.5735,1,0.563,1
Los Cabos,20230731,Hard,R32,2023,John Isner,Rinky Hijikata,114.0,110.0,1,0.4833,0,0.4699,0,0.4539,0
Los Cabos,20230731,Hard,R16,2023,Cameron Norrie,Aleksandar Kovacevic,13.0,129.0,0,0.7794,1,0.8095,1,0.7842,1
Los Cabos,20230731,Hard,R16,2023,James Duckworth,Dominik Koepfer,123.0,84.0,0,0.3992,0,0.3563,0,0.3339,0
Los Cabos,20230731,Hard,R16,2023,Tommy Paul,Felipe Meligeni Alves,14.0,177.0,1,0.8295,1,0.8362,1,0.8776,1
Los Cabos,20230731,Hard,R16,2023,Alex De Minaur,Thiago Agustin Tirante,19.0,136.0,1,0.7752,1,0.7812,1,0.814,1
Los Cabos,20230731,Hard,R16,2023,Ilya Ivashka,Borna Gojo,113.0,115.0,1,0.5078,1,0.4762,0,0.5072,1
Los Cabos,20230731,Hard,R16,2023,Jason Jung,Borna Coric,276.0,15.0,0,0.1161,0,0.1536,0,0.1775,0
Los Cabos,20230731,Hard,R16,2023,Nicolas Jarry,Gijs Brouwer,28.0,144.0,1,0.6492,1,0.657,1,0.6844,1
Los Cabos,20230731,Hard,R16,2023,John Isner,Stefanos Tsitsipas,114.0,5.0,0,0.1547,0,0.2554,0,0.2743,0
Los Cabos,20230731,Hard,QF,2023,Dominik Koepfer,Aleksandar Kovacevic,84.0,129.0,1,0.6032,1,0.6191,1,0.61,1
Los Cabos,20230731,Hard,QF,2023,Tommy Paul,Alex De Minaur,14.0,19.0,0,0.522,1,0.4879,0,0.4764,0
Los Cabos,20230731,Hard,QF,2023,Borna Coric,Ilya Ivashka,15.0,113.0,1,0.6877,1,0.6987,1,0.7557,1
Los Cabos,20230731,Hard,QF,2023,Nicolas Jarry,Stefanos Tsitsipas,28.0,5.0,0,0.242,0,0.3016,0,0.3474,0
Los Cabos,20230731,Hard,SF,2023,Dominik Koepfer,Alex De Minaur,84.0,19.0,0,0.3429,0,0.3115,0,0.2896,0
Los Cabos,20230731,Hard,SF,2023,Borna Coric,Stefanos Tsitsipas,15.0,5.0,0,0.2809,0,0.288,0,0.2608,0
Los Cabos,20230731,Hard,F,2023,Stefanos Tsitsipas,Alex De Minaur,5.0,19.0,1,0.7093,1,0.6741,1,0.6608,1
Canada Masters,20230807,Hard,R64,2023,Vasek Pospisil,Matteo Arnaldi,165.0,66.0,0,0.4047,0,0.4324,0,0.5674,1
Canada Masters,20230807,Hard,R64,2023,Thanasi Kokkinakis,Zhizhen Zhang,86.0,63.0,1,0.5037,1,0.4821,0,0.5196,1
Canada Masters,20230807,Hard,R64,2023,Yoshihito Nishioka,Lorenzo Musetti,45.0,19.0,0,0.3368,0,0.3583,0,0.3827,0
Canada Masters,20230807,Hard,R64,2023,Cameron Norrie,Alex De Minaur,13.0,18.0,0,0.5015,1,0.4649,0,0.4525,0
Canada Masters,20230807,Hard,R64,2023,Daniel Evans,Gabriel Diallo,21.0,141.0,0,0.7198,1,0.7872,1,0.5877,1
Canada Masters,20230807,Hard,R64,2023,Nicolas Jarry,Ugo Humbert,27.0,34.0,0,0.5214,1,0.5161,1,0.4313,0
Canada Masters,20230807,Hard,R64,2023,Brandon Nakashima,Jiri Lehecka,74.0,36.0,0,0.4344,0,0.3981,0,0.3543,0
Canada Masters,20230807,Hard,R64,2023,Alejandro Davidovich Fokina,J J Wolf,37.0,43.0,1,0.478,0,0.4528,0,0.4455,0
Canada Masters,20230807,Hard,R64,2023,Alexander Zverev,Tallon Griekspoor,16.0,26.0,1,0.5679,1,0.5548,1,0.5679,1
Canada Masters,20230807,Hard,R64,2023,Milos Raonic,Frances Tiafoe,545.0,10.0,1,0.064,0,0.1811,0,0.1187,0
Canada Masters,20230807,Hard,R64,2023,Adrian Mannarino,Taro Daniel,30.0,115.0,0,0.6181,1,0.6575,1,0.6268,1
Canada Masters,20230807,Hard,R64,2023,Aslan Karatsev,Mackenzie Mcdonald,71.0,59.0,0,0.4299,0,0.3504,0,0.3564,0
Canada Masters,20230807,Hard,R64,2023,Gregoire Barrere,Matteo Berrettini,58.0,38.0,0,0.4041,0,0.3751,0,0.3831,0
Canada Masters,20230807,Hard,R64,2023,Andy Murray,Lorenzo Sonego,40.0,39.0,1,0.4607,0,0.427,0,0.4375,0
Canada Masters,20230807,Hard,R64,2023,Max Purcell,Felix Auger Aliassime,78.0,12.0,1,0.2136,0,0.165,0,0.1604,0
Canada Masters,20230807,Hard,R64,2023,Borna Coric,Aleksandar Vukic,15.0,62.0,0,0.6387,1,0.6255,1,0.589,1
Canada Masters,20230807,Hard,R64,2023,Tomas Martin Etcheverry,Sebastian Korda,31.0,32.0,0,0.4316,0,0.4347,0,0.4531,0
Canada Masters,20230807,Hard,R64,2023,Gael Monfils,Christopher Eubanks,276.0,29.0,1,0.2372,0,0.2918,0,0.3254,0
Canada Masters,20230807,Hard,R64,2023,Marcos Giron,Emil Ruusuvuori,70.0,54.0,1,0.412,0,0.3672,0,0.3709,0
Canada Masters,20230807,Hard,R64,2023,Alexis Galarneau,Francisco Cerundolo,192.0,22.0,0,0.1852,0,0.1268,0,0.0555,0
Canada Masters,20230807,Hard,R64,2023,Diego Schwartzman,Tommy Paul,98.0,14.0,0,0.2423,0,0.2065,0,0.2327,0
Canada Masters,20230807,Hard,R64,2023,Alexander Bublik,Hubert Hurkacz,28.0,17.0,0,0.4104,0,0.3371,0,0.3769,0
Canada Masters,20230807,Hard,R64,2023,Cristian Garin,Miomir Kecmanovic,101.0,44.0,0,0.4247,0,0.3841,0,0.3711,0
Canada Masters,20230807,Hard,R64,2023,Bernabe Zapata Miralles,Ben Shelton,64.0,41.0,0,0.3632,0,0.3405,0,0.2943,0
Canada Masters,20230807,Hard,R32,2023,Daniil Medvedev,Matteo Arnaldi,3.0,66.0,1,0.9075,1,0.8927,1,0.9704,1
Canada Masters,20230807,Hard,R32,2023,Thanasi Kokkinakis,Lorenzo Musetti,86.0,19.0,0,0.3456,0,0.3122,0,0.3042,0
Canada Masters,20230807,Hard,R32,2023,Alex De Minaur,Gabriel Diallo,18.0,141.0,1,0.8085,1,0.8616,1,0.8345,1
Canada Masters,20230807,Hard,R32,2023,Taylor Fritz,Ugo Humbert,9.0,34.0,1,0.7176,1,0.7898,1,0.7579,1
Canada Masters,20230807,Hard,R32,2023,Casper Ruud,Jiri Lehecka,5.0,36.0,1,0.7431,1,0.6903,1,0.7161,1
Canada Masters,20230807,Hard,R32,2023,Alexander Zverev,Alejandro Davidovich Fokina,16.0,37.0,0,0.6499,1,0.6451,1,0.6689,1
Canada Masters,20230807,Hard,R32,2023,Milos Raonic,Taro Daniel,545.0,115.0,1,0.2082,0,0.3468,0,0.3635,0
Canada Masters,20230807,Hard,R32,2023,Mackenzie Mcdonald,Andrey Rublev,59.0,7.0,1,0.1992,0,0.2371,0,0.2104,0
Canada Masters,20230807,Hard,R32,2023,Matteo Berrettini,Jannik Sinner,38.0,8.0,0,0.278,0,0.2893,0,0.262,0
Canada Masters,20230807,Hard,R32,2023,Andy Murray,Max Purcell,40.0,78.0,1,0.6618,1,0.6796,1,0.6953,1
Canada Masters,20230807,Hard,R32,2023,Aleksandar Vukic,Sebastian Korda,62.0,32.0,1,0.3858,0,0.3192,0,0.2698,0
Canada Masters,20230807,Hard,R32,2023,Gael Monfils,Stefanos Tsitsipas,276.0,4.0,1,0.0877,0,0.1499,0,0.2348,0
Canada Masters,20230807,Hard,R32,2023,Marcos Giron,Holger Rune,70.0,6.0,1,0.135,0,0.1531,0,0.1776,0
Canada Masters,20230807,Hard,R32,2023,Tommy Paul,Francisco Cerundolo,14.0,22.0,1,0.5907,1,0.6053,1,0.6226,1
Canada Masters,20230807,Hard,R32,2023,Hubert Hurkacz,Miomir Kecmanovic,17.0,44.0,1,0.6666,1,0.6704,1,0.678,1
Canada Masters,20230807,Hard,R32,2023,Carlos Alcaraz,Ben Shelton,1.0,41.0,1,0.9402,1,0.8917,1,0.9299,1
Canada Masters,20230807,Hard,R16,2023,Daniil Medvedev,Lorenzo Musetti,3.0,19.0,1,0.7935,1,0.7555,1,0.811,1
Canada Masters,20230807,Hard,R16,2023,Taylor Fritz,Alex De Minaur,9.0,18.0,0,0.6349,1,0.6226,1,0.6171,1
Canada Masters,20230807,Hard,R16,2023,Casper Ruud,Alejandro Davidovich Fokina,5.0,37.0,0,0.782,1,0.7588,1,0.8171,1
Canada Masters,20230807,Hard,R16,2023,Milos Raonic,Mackenzie Mcdonald,545.0,59.0,0,0.1596,0,0.2952,0,0.1875,0
Canada Masters,20230807,Hard,R16,2023,Andy Murray,Jannik Sinner,40.0,8.0,0,0.2103,0,0.2124,0,0.181,0
Canada Masters,20230807,Hard,R16,2023,Gael Monfils,Aleksandar Vukic,276.0,62.0,1,0.3138,0,0.3612,0,0.4058,0
Canada Masters,20230807,Hard,R16,2023,Marcos Giron,Tommy Paul,70.0,14.0,0,0.2893,0,0.2459,0,0.2205,0
Canada Masters,20230807,Hard,R16,2023,Hubert Hurkacz,Carlos Alcaraz,17.0,1.0,0,0.1082,0,0.2036,0,0.1506,0
Canada Masters,20230807,Hard,QF,2023,Daniil Medvedev,Alex De Minaur,3.0,18.0,0,0.7819,1,0.7134,1,0.7394,1
Canada Masters,20230807,Hard,QF,2023,Mackenzie Mcdonald,Alejandro Davidovich Fokina,59.0,37.0,0,0.4721,0,0.5043,1,0.5523,1
Canada Masters,20230807,Hard,QF,2023,Gael Monfils,Jannik Sinner,276.0,8.0,0,0.1143,0,0.1576,0,0.2321,0
Canada Masters,20230807,Hard,QF,2023,Tommy Paul,Carlos Alcaraz,14.0,1.0,1,0.1045,0,0.2023,0,0.1347,0
Canada Masters,20230807,Hard,SF,2023,Alejandro Davidovich Fokina,Alex De Minaur,37.0,18.0,0,0.3647,0,0.2772,0,0.2633,0
Canada Masters,20230807,Hard,SF,2023,Tommy Paul,Jannik Sinner,14.0,8.0,0,0.3482,0,0.3284,0,0.3111,0
Canada Masters,20230807,Hard,F,2023,Alex De Minaur,Jannik Sinner,18.0,8.0,0,0.3469,0,0.3308,0,0.2979,0
Cincinnati Masters,20230814,Hard,R64,2023,Tomas Martin Etcheverry,Alejandro Davidovich Fokina,31.0,23.0,0,0.4399,0,0.3955,0,0.4209,0
Cincinnati Masters,20230814,Hard,R64,2023,Alex De Minaur,J J Wolf,12.0,44.0,1,0.6632,1,0.6726,1,0.6794,1
Cincinnati Masters,20230814,Hard,R64,2023,Gael Monfils,Cameron Norrie,211.0,15.0,1,0.262,0,0.2923,0,0.3235,0
Cincinnati Masters,20230814,Hard,R64,2023,Taylor Fritz,Jiri Lehecka,9.0,35.0,1,0.7055,1,0.6768,1,0.6764,1
Cincinnati Masters,20230814,Hard,R64,2023,Lorenzo Sonego,Alexander Shevchenko,39.0,88.0,1,0.5667,1,0.5673,1,0.5276,1
Cincinnati Masters,20230814,Hard,R64,2023,Dusan Lajovic,Francisco Cerundolo,66.0,21.0,1,0.3276,0,0.3378,0,0.342,0
Cincinnati Masters,20230814,Hard,R64,2023,Daniel Evans,Lorenzo Musetti,28.0,18.0,0,0.3581,0,0.3489,0,0.3354,0
Cincinnati Masters,20230814,Hard,R64,2023,Gregoire Barrere,Yoshihito Nishioka,57.0,45.0,0,0.5669,1,0.5223,1,0.5054,1
Cincinnati Masters,20230814,Hard,R64,2023,Alexander Zverev,Grigor Dimitrov,17.0,19.0,1,0.5712,1,0.5283,1,0.6081,1
Cincinnati Masters,20230814,Hard,R64,2023,Matteo Berrettini,Felix Auger Aliassime,38.0,14.0,0,0.4502,0,0.4311,0,0.4265,0
Cincinnati Masters,20230814,Hard,R64,2023,Richard Gasquet,Adrian Mannarino,53.0,32.0,0,0.424,0,0.3903,0,0.4452,0
Cincinnati Masters,20230814,Hard,R64,2023,Yannick Hanfmann,Mackenzie Mcdonald,50.0,43.0,0,0.3697,0,0.3715,0,0.3924,0
Cincinnati Masters,20230814,Hard,R64,2023,Corentin Moutet,Emil Ruusuvuori,77.0,60.0,0,0.4563,0,0.3963,0,0.3802,0
Cincinnati Masters,20230814,Hard,R64,2023,Nicolas Jarry,Roman Safiullin,26.0,63.0,1,0.5805,1,0.5904,1,0.5525,1
Cincinnati Masters,20230814,Hard,R64,2023,Daniel Altmaier,Alexei Popyrin,52.0,58.0,0,0.3833,0,0.3861,0,0.3668,0
Cincinnati Masters,20230814,Hard,R64,2023,Borna Coric,Sebastian Korda,16.0,30.0,1,0.503,1,0.4959,0,0.4879,0
Cincinnati Masters,20230814,Hard,R64,2023,Thanasi Kokkinakis,Hubert Hurkacz,78.0,20.0,0,0.3539,0,0.2938,0,0.2935,0
Cincinnati Masters,20230814,Hard,R64,2023,Christopher Eubanks,Ben Shelton,29.0,40.0,0,0.5689,1,0.6016,1,0.5908,1
Cincinnati Masters,20230814,Hard,R64,2023,Max Purcell,Lloyd Harris,70.0,182.0,1,0.4768,0,0.5282,1,0.4991,0
Cincinnati Masters,20230814,Hard,R64,2023,Stan Wawrinka,Brandon Nakashima,51.0,73.0,1,0.4732,0,0.4562,0,0.3949,0
Cincinnati Masters,20230814,Hard,R64,2023,Frances Tiafoe,Tallon Griekspoor,10.0,25.0,1,0.6344,1,0.6403,1,0.6073,1
Cincinnati Masters,20230814,Hard,R64,2023,Tommy Paul,Miomir Kecmanovic,13.0,41.0,1,0.6656,1,0.6773,1,0.6764,1
Cincinnati Masters,20230814,Hard,R64,2023,Ugo Humbert,Arthur Fils,33.0,46.0,1,0.4947,0,0.4593,0,0.4219,0
Cincinnati Masters,20230814,Hard,R64,2023,John Isner,Jordan Thompson,106.0,55.0,0,0.4547,0,0.4117,0,0.4507,0
Cincinnati Masters,20230814,Hard,R32,2023,Novak Djokovic,Alejandro Davidovich Fokina,2.0,23.0,1,0.9028,1,0.8843,1,0.9026,1
Cincinnati Masters,20230814,Hard,R32,2023,Gael Monfils,Alex De Minaur,211.0,12.0,1,0.2088,0,0.2626,0,0.2745,0
Cincinnati Masters,20230814,Hard,R32,2023,Taylor Fritz,Lorenzo Sonego,9.0,39.0,1,0.7606,1,0.794,1,0.8202,1
Cincinnati Masters,20230814,Hard,R32,2023,Dusan Lajovic,Jannik Sinner,66.0,6.0,1,0.1154,0,0.1793,0,0.2031,0
Cincinnati Masters,20230814,Hard,R32,2023,Daniil Medvedev,Lorenzo Musetti,3.0,18.0,1,0.804,1,0.7638,1,0.8025,1
Cincinnati Masters,20230814,Hard,R32,2023,Alexander Zverev,Yoshihito Nishioka,17.0,45.0,1,0.7409,1,0.6837,1,0.6943,1
Cincinnati Masters,20230814,Hard,R32,2023,Adrian Mannarino,Felix Auger Aliassime,32.0,14.0,1,0.3935,0,0.4407,0,0.3239,0
Cincinnati Masters,20230814,Hard,R32,2023,Mackenzie Mcdonald,Holger Rune,43.0,5.0,1,0.1934,0,0.2286,0,0.201,0
Cincinnati Masters,20230814,Hard,R32,2023,Andrey Rublev,Emil Ruusuvuori,8.0,60.0,0,0.7858,1,0.79,1,0.8436,1
Cincinnati Masters,20230814,Hard,R32,2023,Nicolas Jarry,Alexei Popyrin,26.0,58.0,0,0.5225,1,0.5352,1,0.5644,1
Cincinnati Masters,20230814,Hard,R32,2023,Borna Coric,Hubert Hurkacz,16.0,20.0,0,0.4898,0,0.5077,1,0.5018,1
Cincinnati Masters,20230814,Hard,R32,2023,Stefanos Tsitsipas,Ben Shelton,4.0,40.0,1,0.8063,1,0.8572,1,0.8774,1
Cincinnati Masters,20230814,Hard,R32,2023,Max Purcell,Casper Ruud,70.0,7.0,1,0.1494,0,0.086,0,0.0658,0
Cincinnati Masters,20230814,Hard,R32,2023,Stan Wawrinka,Frances Tiafoe,51.0,10.0,1,0.2637,0,0.2546,0,0.2567,0
Cincinnati Masters,20230814,Hard,R32,2023,Tommy Paul,Ugo Humbert,13.0,33.0,1,0.6163,1,0.6358,1,0.6395,1
Cincinnati Masters,20230814,Hard,R32,2023,Jordan Thompson,Carlos Alcaraz,55.0,1.0,0,0.0542,0,0.094,0,0.0524,0
Cincinnati Masters,20230814,Hard,R16,2023,Gael Monfils,Novak Djokovic,211.0,2.0,0,0.0461,0,0.1061,0,0.0526,0
Cincinnati Masters,20230814,Hard,R16,2023,Dusan Lajovic,Taylor Fritz,66.0,9.0,0,0.1669,0,0.1848,0,0.2836,0
Cincinnati Masters,20230814,Hard,R16,2023,Alexander Zverev,Daniil Medvedev,17.0,3.0,1,0.2132,0,0.2573,0,0.2474,0
Cincinnati Masters,20230814,Hard,R16,2023,Adrian Mannarino,Mackenzie Mcdonald,32.0,43.0,1,0.4948,0,0.4721,0,0.4399,0
Cincinnati Masters,20230814,Hard,R16,2023,Emil Ruusuvuori,Alexei Popyrin,60.0,58.0,0,0.4707,0,0.4444,0,0.4233,0
Cincinnati Masters,20230814,Hard,R16,2023,Stefanos Tsitsipas,Hubert Hurkacz,4.0,20.0,0,0.7288,1,0.7096,1,0.7177,1
Cincinnati Masters,20230814,Hard,R16,2023,Stan Wawrinka,Max Purcell,51.0,70.0,0,0.6141,1,0.6441,1,0.4812,0
Cincinnati Masters,20230814,Hard,R16,2023,Tommy Paul,Carlos Alcaraz,13.0,1.0,0,0.1085,0,0.1907,0,0.1,0
Cincinnati Masters,20230814,Hard,QF,2023,Novak Djokovic,Taylor Fritz,2.0,9.0,1,0.7947,1,0.7863,1,0.7787,1
Cincinnati Masters,20230814,Hard,QF,2023,Alexander Zverev,Adrian Mannarino,17.0,32.0,1,0.6442,1,0.5571,1,0.5821,1
Cincinnati Masters,20230814,Hard,QF,2023,Hubert Hurkacz,Alexei Popyrin,20.0,58.0,1,0.5908,1,0.6178,1,0.676,1
Cincinnati Masters,20230814,Hard,QF,2023,Max Purcell,Carlos Alcaraz,70.0,1.0,0,0.0329,0,0.0483,0,0.0145,0
Cincinnati Masters,20230814,Hard,SF,2023,Alexander Zverev,Novak Djokovic,17.0,2.0,0,0.137,0,0.2084,0,0.1812,0
Cincinnati Masters,20230814,Hard,SF,2023,Hubert Hurkacz,Carlos Alcaraz,20.0,1.0,0,0.0904,0,0.1919,0,0.1414,0
Cincinnati Masters,20230814,Hard,F,2023,Novak Djokovic,Carlos Alcaraz,2.0,1.0,1,0.4219,0,0.4221,0,0.3502,0
Winston-Salem,20230821,Hard,R64,2023,Nuno Borges,Jack Draper,79.0,118.0,0,0.484,0,0.5007,1,0.4131,0
Winston-Salem,20230821,Hard,R64,2023,Marco Cecchinato,Max Purcell,109.0,47.0,0,0.4169,0,0.4128,0,0.4527,0
Winston-Salem,20230821,Hard,R64,2023,Constant Lestienne,Dominik Koepfer,103.0,78.0,0,0.3459,0,0.2916,0,0.2881,0
Winston-Salem,20230821,Hard,R64,2023,Mitchell Krueger,Pavel Kotov,275.0,97.0,1,0.3279,0,0.339,0,0.218,0
Winston-Salem,20230821,Hard,R64,2023,Alexandre Muller,Benjamin Bonzi,85.0,101.0,0,0.5919,1,0.6189,1,0.5825,1
Winston-Salem,20230821,Hard,R64,2023,Zhizhen Zhang,Ilya Ivashka,67.0,99.0,1,0.5051,1,0.5045,1,0.5891,1
Winston-Salem,20230821,Hard,R64,2023,Marc Andrea Huesler,Alexander Shevchenko,87.0,84.0,1,0.5365,1,0.555,1,0.581,1
Winston-Salem,20230821,Hard,R64,2023,Jason Kubler,Brandon Nakashima,86.0,72.0,0,0.4042,0,0.3847,0,0.4022,0
Winston-Salem,20230821,Hard,R64,2023,Radu Albot,Daniel Elahi Galan,105.0,70.0,0,0.3933,0,0.3933,0,0.3852,0
Winston-Salem,20230821,Hard,R64,2023,Thai Son Kwiatkowski,Luca Van Assche,477.0,65.0,0,0.1879,0,0.2821,0,0.2676,0
Winston-Salem,20230821,Hard,R64,2023,Juan Pablo Varillas,Alex Michelsen,74.0,133.0,0,0.467,0,0.4913,0,0.4475,0
Winston-Salem,20230821,Hard,R64,2023,Quentin Halys,Facundo Diaz Acosta,69.0,93.0,0,0.7173,1,0.6602,1,0.7167,1
Winston-Salem,20230821,Hard,R64,2023,Arthur Rinderknech,Omni Kumar,73.0,385.0,0,0.8258,1,0.7721,1,0.7445,1
Winston-Salem,20230821,Hard,R64,2023,Roman Safiullin,Juan Manuel Cerundolo,61.0,100.0,0,0.6828,1,0.7012,1,0.7457,1
Winston-Salem,20230821,Hard,R64,2023,Darian King,Michael Mmoh,497.0,94.0,0,0.2795,0,0.2537,0,0.1191,0
Winston-Salem,20230821,Hard,R64,2023,Illya Marchenko,Rinky Hijikata,267.0,111.0,0,0.2169,0,0.3042,0,0.298,0
Winston-Salem,20230821,Hard,R32,2023,Tallon Griekspoor,Jack Draper,25.0,118.0,1,0.6672,1,0.6879,1,0.6924,1
Winston-Salem,20230821,Hard,R32,2023,Andrey Kuznetsov,Max Purcell,,47.0,0,0.4492,0,0.2,0,0.1844,0
Winston-Salem,20230821,Hard,R32,2023,Strong Kirchheimer,Dominik Koepfer,416.0,78.0,0,0.1297,0,0.1941,0,0.1614,0
Winston-Salem,20230821,Hard,R32,2023,Mitchell Krueger,Jiri Lehecka,275.0,35.0,0,0.2341,0,0.2755,0,0.2985,0
Winston-Salem,20230821,Hard,R32,2023,Benjamin Bonzi,Sebastian Korda,101.0,33.0,0,0.2918,0,0.2855,0,0.2668,0
Winston-Salem,20230821,Hard,R32,2023,Marton Fucsovics,Zhizhen Zhang,58.0,67.0,1,0.5496,1,0.5626,1,0.5436,1
Winston-Salem,20230821,Hard,R32,2023,Richard Gasquet,Marc Andrea Huesler,57.0,87.0,1,0.4746,0,0.5235,1,0.4285,0
Winston-Salem,20230821,Hard,R32,2023,Brandon Nakashima,Arthur Fils,72.0,48.0,1,0.4543,0,0.404,0,0.429,0
Winston-Salem,20230821,Hard,R32,2023,Daniel Elahi Galan,Sebastian Baez,70.0,42.0,0,0.5466,1,0.5081,1,0.5801,1
Winston-Salem,20230821,Hard,R32,2023,Aleksandar Vukic,Luca Van Assche,51.0,65.0,1,0.633,1,0.6605,1,0.6545,1
Winston-Salem,20230821,Hard,R32,2023,Sebastian Ofner,Alex Michelsen,59.0,133.0,0,0.4636,0,0.5167,1,0.4402,0
Winston-Salem,20230821,Hard,R32,2023,Laslo Djere,Facundo Diaz Acosta,34.0,93.0,1,0.764,1,0.7365,1,0.7639,1
Winston-Salem,20230821,Hard,R32,2023,Botic Van De Zandschulp,Omni Kumar,55.0,385.0,0,0.8286,1,0.7872,1,0.8147,1
Winston-Salem,20230821,Hard,R32,2023,Yannick Hanfmann,Juan Manuel Cerundolo,54.0,100.0,0,0.6086,1,0.6167,1,0.6415,1
Winston-Salem,20230821,Hard,R32,2023,Marcos Giron,Michael Mmoh,63.0,94.0,0,0.4444,0,0.465,0,0.4366,0
Winston-Salem,20230821,Hard,R32,2023,Borna Coric,Rinky Hijikata,29.0,111.0,1,0.6282,1,0.6495,1,0.606,1
Winston-Salem,20230821,Hard,R16,2023,Max Purcell,Tallon Griekspoor,47.0,25.0,1,0.3839,0,0.3395,0,0.3861,0
Winston-Salem,20230821,Hard,R16,2023,Dominik Koepfer,Jiri Lehecka,78.0,35.0,0,0.4585,0,0.5232,1,0.4791,0
Winston-Salem,20230821,Hard,R16,2023,Marton Fucsovics,Sebastian Korda,58.0,33.0,0,0.4074,0,0.4121,0,0.4456,0
Winston-Salem,20230821,Hard,R16,2023,Richard Gasquet,Brandon Nakashima,57.0,72.0,1,0.4313,0,0.4301,0,0.3248,0
Winston-Salem,20230821,Hard,R16,2023,Aleksandar Vukic,Sebastian Baez,51.0,42.0,0,0.5899,1,0.576,1,0.5622,1
Winston-Salem,20230821,Hard,R16,2023,Laslo Djere,Alex Michelsen,34.0,133.0,1,0.6601,1,0.6435,1,0.7317,1
Winston-Salem,20230821,Hard,R16,2023,Juan Manuel Cerundolo,Omni Kumar,100.0,385.0,1,0.67,1,0.6413,1,0.5692,1
Winston-Salem,20230821,Hard,R16,2023,Borna Coric,Michael Mmoh,29.0,94.0,1,0.5423,1,0.562,1,0.5199,1
Winston-Salem,20230821,Hard,QF,2023,Max Purcell,Jiri Lehecka,47.0,35.0,0,0.4075,0,0.3316,0,0.3541,0
Winston-Salem,20230821,Hard,QF,2023,Richard Gasquet,Sebastian Korda,57.0,33.0,0,0.3399,0,0.3302,0,0.239,0
Winston-Salem,20230821,Hard,QF,2023,Laslo Djere,Sebastian Baez,34.0,42.0,0,0.6201,1,0.6557,1,0.6374,1
Winston-Salem,20230821,Hard,QF,2023,Borna Coric,Juan Manuel Cerundolo,29.0,100.0,1,0.7462,1,0.7667,1,0.8243,1
Winston-Salem,20230821,Hard,SF,2023,Sebastian Korda,Jiri Lehecka,33.0,35.0,0,0.5354,1,0.5241,1,0.5202,1
Winston-Salem,20230821,Hard,SF,2023,Borna Coric,Sebastian Baez,29.0,42.0,0,0.6113,1,0.6579,1,0.7201,1
Winston-Salem,20230821,Hard,F,2023,Sebastian Baez,Jiri Lehecka,42.0,35.0,1,0.3712,0,0.3758,0,0.4261,0
Us Open,20230828,Hard,R128,2023,Dominik Koepfer,Carlos Alcaraz,75.0,1.0,0,0.0555,0,0.1756,0,0.127,0
Us Open,20230828,Hard,R128,2023,Guido Pella,Lloyd Harris,203.0,177.0,0,0.4641,0,0.469,0,0.5326,1
Us Open,20230828,Hard,R128,2023,Jordan Thompson,Botic Van De Zandschulp,51.0,65.0,0,0.5318,1,0.5288,1,0.5066,1
Us Open,20230828,Hard,R128,2023,Daniel Evans,Daniel Elahi Galan,28.0,71.0,1,0.5106,1,0.5205,1,0.489,0
Us Open,20230828,Hard,R128,2023,Tallon Griekspoor,Arthur Fils,24.0,48.0,0,0.5347,1,0.5014,1,0.4663,0
Us Open,20230828,Hard,R128,2023,Jason Kubler,Matteo Arnaldi,87.0,61.0,0,0.4529,0,0.4551,0,0.3849,0
Us Open,20230828,Hard,R128,2023,Thanasi Kokkinakis,Yu Hsiou Hsu,78.0,237.0,0,0.7824,1,0.7517,1,0.7484,1
Us Open,20230828,Hard,R128,2023,Cameron Norrie,Alexander Shevchenko,16.0,83.0,1,0.6743,1,0.7224,1,0.6942,1
Us Open,20230828,Hard,R128,2023,Alexander Zverev,Aleksandar Vukic,12.0,50.0,1,0.6807,1,0.6917,1,0.6977,1
Us Open,20230828,Hard,R128,2023,Constant Lestienne,Daniel Altmaier,101.0,53.0,0,0.436,0,0.4302,0,0.3625,0
Us Open,20230828,Hard,R128,2023,Andy Murray,Corentin Moutet,37.0,72.0,1,0.5492,1,0.571,1,0.6097,1
Us Open,20230828,Hard,R128,2023,Grigor Dimitrov,Alex Molcan,19.0,115.0,1,0.7032,1,0.7079,1,0.7462,1
Us Open,20230828,Hard,R128,2023,Tomas Martin Etcheverry,Otto Virtanen,34.0,133.0,1,0.6357,1,0.6706,1,0.7221,1
Us Open,20230828,Hard,R128,2023,Stan Wawrinka,Yoshihito Nishioka,49.0,44.0,1,0.5594,1,0.5041,1,0.5294,1
Us Open,20230828,Hard,R128,2023,Lorenzo Sonego,Nicolas Moreno De Alboran,39.0,131.0,1,0.7685,1,0.7147,1,0.5786,1
Us Open,20230828,Hard,R128,2023,Yannick Hanfmann,Jannik Sinner,54.0,6.0,0,0.1156,0,0.158,0,0.1152,0
Us Open,20230828,Hard,R128,2023,Attila Balazs,Daniil Medvedev,,3.0,0,0.2848,0,0.2138,0,0.2075,0
Us Open,20230828,Hard,R128,2023,Christopher Oconnell,Max Purcell,69.0,43.0,1,0.4155,0,0.3731,0,0.4387,0
Us Open,20230828,Hard,R128,2023,James Duckworth,Felipe Meligeni Alves,111.0,168.0,0,0.5222,1,0.5475,1,0.5243,1
Us Open,20230828,Hard,R128,2023,Borna Coric,Sebastian Baez,23.0,32.0,0,0.562,1,0.5768,1,0.603,1
Us Open,20230828,Hard,R128,2023,Nicolas Jarry,Luca Van Assche,25.0,64.0,1,0.6398,1,0.6694,1,0.658,1
Us Open,20230828,Hard,R128,2023,Albert Ramos,Alex Michelsen,88.0,127.0,0,0.3647,0,0.4107,0,0.3464,0
Us Open,20230828,Hard,R128,2023,Dusan Lajovic,Yibing Wu,52.0,86.0,0,0.4952,0,0.4957,0,0.4698,0
Us Open,20230828,Hard,R128,2023,Alex De Minaur,Timofey Skatov,13.0,129.0,1,0.8083,1,0.7932,1,0.8683,1
Us Open,20230828,Hard,R128,2023,Karen Khachanov,Michael Mmoh,11.0,89.0,0,0.6205,1,0.6273,1,0.6038,1
Us Open,20230828,Hard,R128,2023,John Isner,Facundo Diaz Acosta,157.0,94.0,1,0.4116,0,0.4043,0,0.523,1
Us Open,20230828,Hard,R128,2023,Radu Albot,Jack Draper,102.0,123.0,0,0.3633,0,0.3972,0,0.344,0
Us Open,20230828,Hard,R128,2023,Hubert Hurkacz,Marc Andrea Huesler,17.0,97.0,1,0.7143,1,0.786,1,0.7793,1
Us Open,20230828,Hard,R128,2023,Matteo Berrettini,Ugo Humbert,36.0,33.0,1,0.5174,1,0.5454,1,0.57,1
Us Open,20230828,Hard,R128,2023,Diego Schwartzman,Arthur Rinderknech,114.0,73.0,0,0.3467,0,0.3283,0,0.3816,0
Us Open,20230828,Hard,R128,2023,Gael Monfils,Taro Daniel,162.0,95.0,1,0.4859,0,0.5005,1,0.5211,1
Us Open,20230828,Hard,R128,2023,Andrey Rublev,Arthur Cazaux,8.0,119.0,1,0.9118,1,0.8895,1,0.8991,1
Us Open,20230828,Hard,R128,2023,Casper Ruud,Emilio Nava,5.0,154.0,1,0.8656,1,0.8252,1,0.8628,1
Us Open,20230828,Hard,R128,2023,Zhizhen Zhang,J J Wolf,67.0,45.0,1,0.4342,0,0.3924,0,0.3895,0
Us Open,20230828,Hard,R128,2023,Pavel Kotov,Rinky Hijikata,98.0,110.0,0,0.524,1,0.5212,1,0.5029,1
Us Open,20230828,Hard,R128,2023,Marton Fucsovics,Sebastian Korda,57.0,31.0,1,0.3785,0,0.3849,0,0.4049,0
Us Open,20230828,Hard,R128,2023,Adrian Mannarino,Yosuke Watanuki,35.0,85.0,1,0.5284,1,0.5599,1,0.5417,1
Us Open,20230828,Hard,R128,2023,Richard Gasquet,Fabian Marozsan,55.0,92.0,0,0.5675,1,0.5598,1,0.4211,0
Us Open,20230828,Hard,R128,2023,Sebastian Ofner,Nuno Borges,58.0,79.0,1,0.4762,0,0.4717,0,0.4261,0
Us Open,20230828,Hard,R128,2023,Frances Tiafoe,Learner Tien,10.0,700.0,1,0.9559,1,0.903,1,0.9334,1
Us Open,20230828,Hard,R128,2023,Stefano Travaglia,Tommy Paul,233.0,14.0,0,0.0976,0,0.1336,0,0.1238,0
Us Open,20230828,Hard,R128,2023,Marco Cecchinato,Roman Safiullin,109.0,60.0,0,0.3944,0,0.3725,0,0.3577,0
Us Open,20230828,Hard,R128,2023,Ilya Ivashka,Juan Manuel Cerundolo,103.0,93.0,0,0.4306,0,0.4072,0,0.391,0
Us Open,20230828,Hard,R128,2023,Marcos Giron,Alejandro Davidovich Fokina,62.0,21.0,0,0.3686,0,0.3399,0,0.3345,0
Us Open,20230828,Hard,R128,2023,Dominic Thiem,Alexander Bublik,81.0,27.0,1,0.3754,0,0.3334,0,0.273,0
Us Open,20230828,Hard,R128,2023,Pedro Cachin,Ben Shelton,66.0,47.0,0,0.4446,0,0.4616,0,0.4392,0
Us Open,20230828,Hard,R128,2023,Aslan Karatsev,Jiri Lehecka,77.0,29.0,1,0.307,0,0.2693,0,0.2216,0
Us Open,20230828,Hard,R128,2023,Roberto Carballes Baena,Holger Rune,63.0,4.0,1,0.1533,0,0.1809,0,0.2269,0
Us Open,20230828,Hard,R128,2023,Milos Raonic,Stefanos Tsitsipas,337.0,7.0,0,0.1277,0,0.2745,0,0.3028,0
Us Open,20230828,Hard,R128,2023,Alexei Popyrin,Dominic Stricker,41.0,128.0,0,0.5976,1,0.5925,1,0.6197,1
Us Open,20230828,Hard,R128,2023,Quentin Halys,Benjamin Bonzi,70.0,108.0,0,0.5726,1,0.5444,1,0.5859,1
Us Open,20230828,Hard,R128,2023,Christopher Eubanks,Soon Woo Kwon,30.0,104.0,1,0.6969,1,0.6595,1,0.7942,1
Us Open,20230828,Hard,R128,2023,Lorenzo Musetti,Titouan Droguet,18.0,171.0,0,0.8517,1,0.8401,1,0.8716,1
Us Open,20230828,Hard,R128,2023,Gregoire Barrere,Jakub Mensik,59.0,206.0,0,0.7285,1,0.7453,1,0.7451,1
Us Open,20230828,Hard,R128,2023,Juan Pablo Varillas,Miomir Kecmanovic,74.0,46.0,1,0.3483,0,0.3496,0,0.3124,0
Us Open,20230828,Hard,R128,2023,Steve Johnson,Taylor Fritz,205.0,9.0,0,0.1128,0,0.1202,0,0.1001,0
Us Open,20230828,Hard,R128,2023,Mackenzie Mcdonald,Felix Auger Aliassime,40.0,15.0,1,0.3892,0,0.4307,0,0.4357,0
Us Open,20230828,Hard,R128,2023,Hugo Dellien,Borna Gojo,147.0,105.0,0,0.2691,0,0.2694,0,0.1662,0
Us Open,20230828,Hard,R128,2023,Jiri Vesely,Enzo Couacaud,437.0,180.0,1,0.3832,0,0.4191,0,0.5122,1
Us Open,20230828,Hard,R128,2023,Francisco Cerundolo,Zachary Svajda,20.0,234.0,1,0.732,1,0.7252,1,0.6883,1
Us Open,20230828,Hard,R128,2023,Laslo Djere,Brandon Nakashima,38.0,68.0,1,0.5118,1,0.4918,0,0.5042,1
Us Open,20230828,Hard,R128,2023,Hugo Gaston,Sho Shimabukuro,99.0,158.0,1,0.4001,0,0.4398,0,0.3448,0
Us Open,20230828,Hard,R128,2023,Bernabe Zapata Miralles,Ethan Quinn,76.0,475.0,1,0.6925,1,0.6175,1,0.6839,1
Us Open,20230828,Hard,R128,2023,Novak Djokovic,Alexandre Muller,2.0,84.0,1,0.9571,1,0.9123,1,0.9691,1
Us Open,20230828,Hard,R64,2023,Lloyd Harris,Carlos Alcaraz,177.0,1.0,0,0.0306,0,0.086,0,0.0292,0
Us Open,20230828,Hard,R64,2023,Daniel Evans,Botic Van De Zandschulp,28.0,65.0,1,0.5314,1,0.5207,1,0.5701,1
Us Open,20230828,Hard,R64,2023,Matteo Arnaldi,Arthur Fils,61.0,48.0,1,0.4106,0,0.3744,0,0.4239,0
Us Open,20230828,Hard,R64,2023,Cameron Norrie,Yu Hsiou Hsu,16.0,237.0,1,0.8512,1,0.8646,1,0.8913,1
Us Open,20230828,Hard,R64,2023,Alexander Zverev,Daniel Altmaier,12.0,53.0,1,0.7609,1,0.8045,1,0.8183,1
Us Open,20230828,Hard,R64,2023,Andy Murray,Grigor Dimitrov,37.0,19.0,0,0.4187,0,0.3776,0,0.3587,0
Us Open,20230828,Hard,R64,2023,Stan Wawrinka,Tomas Martin Etcheverry,49.0,34.0,1,0.4939,0,0.4544,0,0.368,0
Us Open,20230828,Hard,R64,2023,Lorenzo Sonego,Jannik Sinner,39.0,6.0,0,0.1782,0,0.1647,0,0.1665,0
Us Open,20230828,Hard,R64,2023,Christopher Oconnell,Daniil Medvedev,69.0,3.0,0,0.0983,0,0.0945,0,0.055,0
Us Open,20230828,Hard,R64,2023,Felipe Meligeni Alves,Sebastian Baez,168.0,32.0,0,0.3604,0,0.3189,0,0.3368,0
Us Open,20230828,Hard,R64,2023,Nicolas Jarry,Alex Michelsen,25.0,127.0,1,0.5638,1,0.5674,1,0.5464,1
Us Open,20230828,Hard,R64,2023,Yibing Wu,Alex De Minaur,86.0,13.0,0,0.273,0,0.2907,0,0.3058,0
Us Open,20230828,Hard,R64,2023,John Isner,Michael Mmoh,157.0,89.0,0,0.372,0,0.3423,0,0.3992,0
Us Open,20230828,Hard,R64,2023,Hubert Hurkacz,Jack Draper,17.0,123.0,0,0.6698,1,0.6695,1,0.7249,1
Us Open,20230828,Hard,R64,2023,Arthur Rinderknech,Matteo Berrettini,73.0,36.0,1,0.3989,0,0.3313,0,0.3463,0
Us Open,20230828,Hard,R64,2023,Gael Monfils,Andrey Rublev,162.0,8.0,0,0.1632,0,0.2553,0,0.2194,0
Us Open,20230828,Hard,R64,2023,Zhizhen Zhang,Casper Ruud,67.0,5.0,1,0.2152,0,0.2292,0,0.2194,0
Us Open,20230828,Hard,R64,2023,Marton Fucsovics,Rinky Hijikata,57.0,110.0,0,0.5943,1,0.6085,1,0.6324,1
Us Open,20230828,Hard,R64,2023,Adrian Mannarino,Fabian Marozsan,35.0,92.0,1,0.6386,1,0.6178,1,0.6097,1
Us Open,20230828,Hard,R64,2023,Sebastian Ofner,Frances Tiafoe,58.0,10.0,0,0.1988,0,0.1672,0,0.1167,0
Us Open,20230828,Hard,R64,2023,Roman Safiullin,Tommy Paul,60.0,14.0,0,0.2815,0,0.2322,0,0.2614,0
Us Open,20230828,Hard,R64,2023,Alejandro Davidovich Fokina,Juan Manuel Cerundolo,21.0,93.0,1,0.5654,1,0.5933,1,0.6038,1
Us Open,20230828,Hard,R64,2023,Dominic Thiem,Ben Shelton,81.0,47.0,0,0.4431,0,0.4746,0,0.5063,1
Us Open,20230828,Hard,R64,2023,Roberto Carballes Baena,Aslan Karatsev,63.0,77.0,0,0.5545,1,0.5956,1,0.6372,1
Us Open,20230828,Hard,R64,2023,Stefanos Tsitsipas,Dominic Stricker,7.0,128.0,0,0.8086,1,0.7355,1,0.7606,1
Us Open,20230828,Hard,R64,2023,Christopher Eubanks,Benjamin Bonzi,30.0,108.0,0,0.6824,1,0.6903,1,0.759,1
Us Open,20230828,Hard,R64,2023,Titouan Droguet,Jakub Mensik,171.0,206.0,0,0.5079,1,0.545,1,0.4815,0
Us Open,20230828,Hard,R64,2023,Juan Pablo Varillas,Taylor Fritz,74.0,9.0,0,0.1416,0,0.1404,0,0.0407,0
Us Open,20230828,Hard,R64,2023,Mackenzie Mcdonald,Borna Gojo,40.0,105.0,0,0.5661,1,0.6071,1,0.6291,1
Us Open,20230828,Hard,R64,2023,Jiri Vesely,Francisco Cerundolo,437.0,20.0,1,0.1657,0,0.2301,0,0.2544,0
Us Open,20230828,Hard,R64,2023,Laslo Djere,Hugo Gaston,38.0,99.0,1,0.7604,1,0.715,1,0.761,1
Us Open,20230828,Hard,R64,2023,Novak Djokovic,Bernabe Zapata Miralles,2.0,76.0,1,0.9676,1,0.9319,1,0.9794,1
Us Open,20230828,Hard,R32,2023,Daniel Evans,Carlos Alcaraz,28.0,1.0,0,0.0488,0,0.1252,0,0.0591,0
Us Open,20230828,Hard,R32,2023,Cameron Norrie,Matteo Arnaldi,16.0,61.0,0,0.6423,1,0.6692,1,0.6543,1
Us Open,20230828,Hard,R32,2023,Alexander Zverev,Grigor Dimitrov,12.0,19.0,1,0.6145,1,0.5517,1,0.492,0
Us Open,20230828,Hard,R32,2023,Stan Wawrinka,Jannik Sinner,49.0,6.0,0,0.169,0,0.2175,0,0.2776,0
Us Open,20230828,Hard,R32,2023,Daniil Medvedev,Sebastian Baez,3.0,32.0,1,0.8644,1,0.8235,1,0.8901,1
Us Open,20230828,Hard,R32,2023,Nicolas Jarry,Alex De Minaur,25.0,13.0,0,0.367,0,0.3583,0,0.4574,0
Us Open,20230828,Hard,R32,2023,Michael Mmoh,Jack Draper,89.0,123.0,0,0.5213,1,0.5214,1,0.5442,1
Us Open,20230828,Hard,R32,2023,Andrey Rublev,Arthur Rinderknech,8.0,73.0,1,0.7991,1,0.7921,1,0.7536,1
Us Open,20230828,Hard,R32,2023,Zhizhen Zhang,Rinky Hijikata,67.0,110.0,0,0.5669,1,0.5726,1,0.5849,1
Us Open,20230828,Hard,R32,2023,Adrian Mannarino,Frances Tiafoe,35.0,10.0,0,0.3016,0,0.2527,0,0.3602,0
Us Open,20230828,Hard,R32,2023,Tommy Paul,Alejandro Davidovich Fokina,14.0,21.0,1,0.609,1,0.6394,1,0.6912,1
Us Open,20230828,Hard,R32,2023,Aslan Karatsev,Ben Shelton,77.0,47.0,0,0.3839,0,0.384,0,0.3968,0
Us Open,20230828,Hard,R32,2023,Benjamin Bonzi,Dominic Stricker,108.0,128.0,0,0.4105,0,0.4136,0,0.3514,0
Us Open,20230828,Hard,R32,2023,Taylor Fritz,Jakub Mensik,9.0,206.0,1,0.9116,1,0.9228,1,0.9354,1
Us Open,20230828,Hard,R32,2023,Jiri Vesely,Borna Gojo,437.0,105.0,0,0.2266,0,0.3097,0,0.3045,0
Us Open,20230828,Hard,R32,2023,Novak Djokovic,Laslo Djere,2.0,38.0,1,0.9357,1,0.9068,1,0.9525,1
Us Open,20230828,Hard,R16,2023,Carlos Alcaraz,Matteo Arnaldi,1.0,61.0,1,0.9591,1,0.8996,1,0.9405,1
Us Open,20230828,Hard,R16,2023,Alexander Zverev,Jannik Sinner,12.0,6.0,1,0.3281,0,0.3078,0,0.3293,0
Us Open,20230828,Hard,R16,2023,Daniil Medvedev,Alex De Minaur,3.0,13.0,1,0.7513,1,0.6977,1,0.7433,1
Us Open,20230828,Hard,R16,2023,Andrey Rublev,Jack Draper,8.0,123.0,1,0.7885,1,0.7437,1,0.75,1
Us Open,20230828,Hard,R16,2023,Frances Tiafoe,Rinky Hijikata,10.0,110.0,1,0.7789,1,0.8,1,0.7962,1
Us Open,20230828,Hard,R16,2023,Tommy Paul,Ben Shelton,14.0,47.0,0,0.6692,1,0.7827,1,0.8055,1
Us Open,20230828,Hard,R16,2023,Taylor Fritz,Dominic Stricker,9.0,128.0,1,0.7774,1,0.7603,1,0.7879,1
Us Open,20230828,Hard,R16,2023,Novak Djokovic,Borna Gojo,2.0,105.0,1,0.9499,1,0.8847,1,0.9492,1
Us Open,20230828,Hard,QF,2023,Alexander Zverev,Carlos Alcaraz,12.0,1.0,0,0.1101,0,0.2161,0,0.1869,0
Us Open,20230828,Hard,QF,2023,Daniil Medvedev,Andrey Rublev,3.0,8.0,1,0.654,1,0.6455,1,0.6241,1
Us Open,20230828,Hard,QF,2023,Frances Tiafoe,Ben Shelton,10.0,47.0,0,0.693,1,0.8001,1,0.777,1
Us Open,20230828,Hard,QF,2023,Novak Djokovic,Taylor Fritz,2.0,9.0,1,0.8356,1,0.7889,1,0.8259,1
Us Open,20230828,Hard,SF,2023,Daniil Medvedev,Carlos Alcaraz,3.0,1.0,1,0.2674,0,0.3264,0,0.3134,0
Us Open,20230828,Hard,SF,2023,Novak Djokovic,Ben Shelton,2.0,47.0,1,0.9405,1,0.877,1,0.9217,1
Us Open,20230828,Hard,F,2023,Novak Djokovic,Daniil Medvedev,2.0,3.0,1,0.7089,1,0.6914,1,0.6669,1
Davis Cup Finals RR: SWE vs CHI,20230912,Hard,RR,2023,Cristian Garin,Leo Borg,103.0,334.0,1,0.6665,1,0.6632,1,0.6915,1
Davis Cup Finals RR: SWE vs CHI,20230912,Hard,RR,2023,Elias Ymer,Nicolas Jarry,175.0,22.0,0,0.2599,0,0.2711,0,0.2323,0
Davis Cup Finals RR: FRA vs SUI,20230912,Hard,RR,2023,Adrian Mannarino,Dominic Stricker,34.0,90.0,1,0.4695,0,0.4895,0,0.4232,0
Davis Cup Finals RR: FRA vs SUI,20230912,Hard,RR,2023,Stan Wawrinka,Ugo Humbert,40.0,36.0,0,0.4408,0,0.4343,0,0.408,0
Davis Cup Finals RR: SRB vs KOR,20230912,Hard,RR,2023,Dusan Lajovic,Seong Chan Hong,52.0,194.0,1,0.7296,1,0.7206,1,0.6941,1
Davis Cup Finals RR: SRB vs KOR,20230912,Hard,RR,2023,Laslo Djere,Soon Woo Kwon,37.0,112.0,1,0.6619,1,0.6486,1,0.79,1
Davis Cup Finals RR: NED vs FIN,20230912,Hard,RR,2023,Botic Van De Zandschulp,Otto Virtanen,68.0,125.0,0,0.6274,1,0.6802,1,0.6747,1
Davis Cup Finals RR: NED vs FIN,20230912,Hard,RR,2023,Tallon Griekspoor,Emil Ruusuvuori,24.0,57.0,1,0.5322,1,0.5223,1,0.4963,0
Davis Cup Finals RR: CAN vs ITA,20230913,Hard,RR,2023,Lorenzo Sonego,Alexis Galarneau,38.0,200.0,0,0.786,1,0.7787,1,0.7492,1
Davis Cup Finals RR: CAN vs ITA,20230913,Hard,RR,2023,Lorenzo Musetti,Gabriel Diallo,18.0,158.0,0,0.7394,1,0.8221,1,0.803,1
Davis Cup Finals RR: AUS vs GBR,20230913,Hard,RR,2023,Thanasi Kokkinakis,Jack Draper,74.0,106.0,0,0.4365,0,0.4477,0,0.4176,0
Davis Cup Finals RR: AUS vs GBR,20230913,Hard,RR,2023,Daniel Evans,Alex De Minaur,27.0,12.0,1,0.3061,0,0.2681,0,0.2772,0
Davis Cup Finals RR: ESP vs CZE,20230913,Hard,RR,2023,Bernabe Zapata Miralles,Tomas Machac,75.0,119.0,0,0.5922,1,0.5802,1,0.5881,1
Davis Cup Finals RR: ESP vs CZE,20230913,Hard,RR,2023,Alejandro Davidovich Fokina,Jiri Lehecka,25.0,30.0,0,0.4923,0,0.4784,0,0.5043,1
Davis Cup Finals RR: CRO vs USA,20230913,Hard,RR,2023,Mackenzie Mcdonald,Dino Prizmic,39.0,168.0,1,0.6807,1,0.6772,1,0.6736,1
Davis Cup Finals RR: CRO vs USA,20230913,Hard,RR,2023,Frances Tiafoe,Borna Gojo,11.0,77.0,0,0.6486,1,0.6744,1,0.7248,1
Davis Cup Finals RR: CAN vs SWE,20230914,Hard,RR,2023,Vasek Pospisil,Leo Borg,187.0,334.0,1,0.5773,1,0.5923,1,0.6569,1
Davis Cup Finals RR: CAN vs SWE,20230914,Hard,RR,2023,Elias Ymer,Gabriel Diallo,175.0,158.0,0,0.3889,0,0.4026,0,0.3614,0
Davis Cup Finals RR: AUS vs FRA,20230914,Hard,RR,2023,Adrian Mannarino,Max Purcell,34.0,43.0,1,0.5158,1,0.5836,1,0.5774,1
Davis Cup Finals RR: AUS vs FRA,20230914,Hard,RR,2023,Ugo Humbert,Alex De Minaur,36.0,12.0,0,0.3737,0,0.2976,0,0.3327,0
Davis Cup Finals RR: CZE vs KOR,20230914,Hard,RR,2023,Seong Chan Hong,Tomas Machac,194.0,119.0,0,0.2618,0,0.2964,0,0.3261,0
Davis Cup Finals RR: CZE vs KOR,20230914,Hard,RR,2023,Soon Woo Kwon,Jiri Lehecka,112.0,30.0,0,0.2927,0,0.3005,0,0.3373,0
Davis Cup Finals RR: NED vs USA,20230914,Hard,RR,2023,Botic Van De Zandschulp,Tommy Paul,68.0,13.0,1,0.2738,0,0.2337,0,0.2664,0
Davis Cup Finals RR: NED vs USA,20230914,Hard,RR,2023,Frances Tiafoe,Tallon Griekspoor,11.0,24.0,0,0.6203,1,0.64,1,0.6719,1
Davis Cup WG1 R1: UKR vs COL,20230914,Hard,RR,2023,Nicolas Mejia,Oleksii Krutykh,305.0,253.0,0,0.4773,0,0.4424,0,0.4018,0
Davis Cup WG1 R1: UKR vs COL,20230914,Hard,RR,2023,Daniel Elahi Galan,Vladyslav Orlov,88.0,408.0,1,0.801,1,0.7576,1,0.8493,1
Davis Cup WG1 R1: UKR vs COL,20230914,Hard,RR,2023,Daniel Elahi Galan,Oleksii Krutykh,88.0,253.0,0,0.7429,1,0.7303,1,0.7133,1
Davis Cup WG1 R1: UKR vs COL,20230914,Hard,RR,2023,Vladyslav Orlov,Nicolas Mejia,408.0,305.0,1,0.4601,0,0.4628,0,0.5097,1
Davis Cup Finals RR: ITA vs CHI,20230915,Hard,RR,2023,Cristian Garin,Matteo Arnaldi,103.0,47.0,0,0.4015,0,0.3676,0,0.3194,0
Davis Cup Finals RR: ITA vs CHI,20230915,Hard,RR,2023,Nicolas Jarry,Lorenzo Sonego,22.0,38.0,0,0.5917,1,0.5819,1,0.553,1
Davis Cup Finals RR: GBR vs SUI,20230915,Hard,RR,2023,Andy Murray,Leandro Riedi,41.0,152.0,1,0.6768,1,0.6742,1,0.56,1
Davis Cup Finals RR: GBR vs SUI,20230915,Hard,RR,2023,Stan Wawrinka,Cameron Norrie,40.0,17.0,1,0.4246,0,0.4288,0,0.4338,0
Davis Cup Finals RR: ESP vs SRB,20230915,Hard,RR,2023,Albert Ramos,Laslo Djere,95.0,37.0,0,0.2905,0,0.2653,0,0.2284,0
Davis Cup Finals RR: ESP vs SRB,20230915,Hard,RR,2023,Novak Djokovic,Alejandro Davidovich Fokina,1.0,25.0,1,0.9564,1,0.8896,1,0.919,1
Davis Cup Finals RR: CRO vs FIN,20230915,Hard,RR,2023,Otto Virtanen,Dino Prizmic,125.0,168.0,1,0.5721,1,0.6059,1,0.6037,1
Davis Cup Finals RR: CRO vs FIN,20230915,Hard,RR,2023,Borna Gojo,Emil Ruusuvuori,77.0,57.0,0,0.5513,1,0.5419,1,0.531,1
Davis Cup WG1 R1: AUT vs POR,20230915,Hard,RR,2023,Nuno Borges,Jurij Rodionov,89.0,109.0,1,0.5073,1,0.5937,1,0.7462,1
Davis Cup WG1 R1: AUT vs POR,20230915,Hard,RR,2023,Joao Sousa,Sebastian Ofner,289.0,59.0,1,0.2467,0,0.2775,0,0.2708,0
Davis Cup WG1 R1: AUT vs POR,20230915,Hard,RR,2023,Dennis Novak,Nuno Borges,192.0,89.0,0,0.3223,0,0.3177,0,0.3848,0
Davis Cup WG1 R1: DEN vs BRA,20230915,Hard,RR,2023,Thiago Monteiro,Holger Rune,116.0,4.0,1,0.1377,0,0.1556,0,0.1069,0
Davis Cup WG1 R1: DEN vs BRA,20230915,Hard,RR,2023,August Holmgren,Thiago Seyboth Wild,412.0,76.0,0,0.2647,0,0.292,0,0.3183,0
Davis Cup WG1 R1: DEN vs BRA,20230915,Hard,RR,2023,Marcelo Demoliner,Elmer Moller,,406.0,0,0.521,1,0.3693,0,0.3557,0
Davis Cup WG2 R1: LBN vs JAM,20230915,Clay,RR,2023,Benjamin Hassan,Rowland Phillips,209.0,1778.0,1,0.9653,1,0.8182,1,0.9488,1
Davis Cup WG2 R1: LBN vs JAM,20230915,Clay,RR,2023,Hady Habib,Blaise Bicknell,390.0,430.0,1,0.497,0,0.5201,1,0.4749,0
Davis Cup WG2 R1: LBN vs JAM,20230915,Clay,RR,2023,Mustapha El Natour,Daniel Azar,,,1,0.7008,1,0.7309,1,0.7146,1
Davis Cup WG2 R1: MON vs ECU,20230915,Clay,RR,2023,Valentin Vacherot,Alvaro Guillen Meza,317.0,387.0,0,0.6002,1,0.6061,1,0.6194,1
Davis Cup WG2 R1: MON vs ECU,20230915,Clay,RR,2023,Emilio Gomez,Lucas Catarina,185.0,452.0,0,0.7281,1,0.7188,1,0.6803,1
Davis Cup WG2 R1: MON vs ECU,20230915,Clay,RR,2023,Emilio Gomez,Valentin Vacherot,185.0,317.0,1,0.6197,1,0.6061,1,0.5859,1
Davis Cup WG2 R1: SLO vs LUX,20230915,Clay,RR,2023,Alex Knaff,Bor Artnak,486.0,616.0,1,0.3347,0,0.5377,1,0.5849,1
Davis Cup WG2 R1: SLO vs LUX,20230915,Clay,RR,2023,Blaz Rola,Chris Rodesch,457.0,609.0,1,0.4956,0,0.5644,1,0.5091,1
Davis Cup WG2 R1: SLO vs LUX,20230915,Clay,RR,2023,Blaz Rola,Alex Knaff,457.0,486.0,1,0.4601,0,0.5123,1,0.5439,1
Davis Cup WG2 R1: SLO vs LUX,20230915,Clay,RR,2023,Chris Rodesch,Bor Artnak,609.0,616.0,1,0.3038,0,0.477,0,0.3908,0
Davis Cup Finals RR: CAN vs CHI,20230916,Hard,RR,2023,Alejandro Tabilo,Alexis Galarneau,124.0,200.0,0,0.5063,1,0.5833,1,0.5647,1
Davis Cup Finals RR: CAN vs CHI,20230916,Hard,RR,2023,Nicolas Jarry,Gabriel Diallo,22.0,158.0,1,0.6314,1,0.6788,1,0.6426,1
Davis Cup Finals RR: AUS vs SUI,20230916,Hard,RR,2023,Thanasi Kokkinakis,Dominic Stricker,74.0,90.0,1,0.4362,0,0.4406,0,0.4405,0
Davis Cup Finals RR: AUS vs SUI,20230916,Hard,RR,2023,Marc Andrea Huesler,Alex De Minaur,101.0,12.0,0,0.2477,0,0.2472,0,0.2617,0
Davis Cup Finals RR: SRB vs CZE,20230916,Hard,RR,2023,Dusan Lajovic,Jakub Mensik,52.0,151.0,0,0.4252,0,0.4683,0,0.4969,0
Davis Cup Finals RR: SRB vs CZE,20230916,Hard,RR,2023,Laslo Djere,Jiri Lehecka,37.0,30.0,0,0.4696,0,0.4746,0,0.4892,0
Davis Cup Finals RR: USA vs FIN,20230916,Hard,RR,2023,Mackenzie Mcdonald,Otto Virtanen,39.0,125.0,0,0.5865,1,0.6264,1,0.68,1
Davis Cup Finals RR: USA vs FIN,20230916,Hard,RR,2023,Tommy Paul,Emil Ruusuvuori,13.0,57.0,0,0.652,1,0.6588,1,0.6525,1
Davis Cup WG1 R1: ARG vs LTU,20230916,Clay,RR,2023,Francisco Cerundolo,Vilius Gaubas,21.0,476.0,1,0.8883,1,0.8583,1,0.9133,1
Davis Cup WG1 R1: ARG vs LTU,20230916,Clay,RR,2023,Ricardas Berankis,Sebastian Baez,231.0,28.0,0,0.1331,0,0.2179,0,0.1256,0
Davis Cup WG1 R1: ARG vs LTU,20230916,Clay,RR,2023,Tomas Martin Etcheverry,Edas Butvilas,35.0,532.0,1,0.8897,1,0.8503,1,0.8995,1
Davis Cup WG1 R1: BIH vs GER,20230916,Clay,RR,2023,Nerman Fatic,Daniel Altmaier,218.0,49.0,0,0.4056,0,0.3265,0,0.1661,0
Davis Cup WG1 R1: BIH vs GER,20230916,Clay,RR,2023,Yannick Hanfmann,Damir Dzumhur,54.0,157.0,1,0.641,1,0.6356,1,0.6923,1
Davis Cup WG1 R1: BIH vs GER,20230916,Clay,RR,2023,Maximilian Marterer,Andrej Nedic,127.0,633.0,1,0.8594,1,0.8409,1,0.89,1
Davis Cup WG1 R1: BUL vs KAZ,20230916,Clay,RR,2023,Dimitar Kuzmanov,Timofey Skatov,179.0,123.0,0,0.4856,0,0.5081,1,0.4602,0
Davis Cup WG1 R1: BUL vs KAZ,20230916,Clay,RR,2023,Alexander Bublik,Yanaki Milev,29.0,569.0,1,0.8646,1,0.861,1,0.8607,1
Davis Cup WG1 R1: BUL vs KAZ,20230916,Clay,RR,2023,Dimitar Kuzmanov,Alexander Bublik,179.0,29.0,0,0.4036,0,0.3573,0,0.2716,0
Davis Cup WG1 R1: GRE vs SVK,20230916,Hard,RR,2023,Alex Molcan,Alexandros Skorilas,113.0,766.0,1,0.8809,1,0.8335,1,0.8222,1
Davis Cup WG1 R1: GRE vs SVK,20230916,Hard,RR,2023,Stefanos Tsitsipas,Lukas Klein,5.0,149.0,1,0.9217,1,0.9222,1,0.9081,1
Davis Cup WG1 R1: GRE vs SVK,20230916,Hard,RR,2023,Stefanos Tsitsipas,Alex Molcan,5.0,113.0,0,0.8688,1,0.8127,1,0.7583,1
Davis Cup WG1 R1: ISR vs JPN,20230916,Hard,RR,2023,Yshai Oliel,Sho Shimabukuro,470.0,146.0,0,0.256,0,0.266,0,0.17,0
Davis Cup WG1 R1: ISR vs JPN,20230916,Hard,RR,2023,Daniel Cukierman,Shintaro Mochizuki,372.0,193.0,1,0.417,0,0.3348,0,0.233,0
Davis Cup WG1 R1: ISR vs JPN,20230916,Hard,RR,2023,Daniel Cukierman,Sho Shimabukuro,372.0,146.0,1,0.2994,0,0.2637,0,0.1206,0
Davis Cup WG1 R1: ISR vs JPN,20230916,Hard,RR,2023,Yshai Oliel,Shintaro Mochizuki,470.0,193.0,1,0.3757,0,0.3612,0,0.2765,0
Davis Cup WG1 R1: PER vs NOR,20230916,Clay,RR,2023,Viktor Durasovic,Gonzalo Bueno,366.0,403.0,1,0.4983,0,0.5471,1,0.5208,1
Davis Cup WG1 R1: PER vs NOR,20230916,Clay,RR,2023,Juan Pablo Varillas,Nicolai Budkov Kjaer,70.0,,1,0.7904,1,0.8371,1,0.8979,1
Davis Cup WG1 R1: PER vs NOR,20230916,Clay,RR,2023,Juan Pablo Varillas,Viktor Durasovic,70.0,366.0,1,0.8314,1,0.8333,1,0.8672,1
Davis Cup WG1 R1: PER vs NOR,20230916,Clay,RR,2023,Nicolai Budkov Kjaer,Ignacio Buse,,683.0,0,0.6774,1,0.7611,1,0.7674,1
Davis Cup WG2 R1: ESA vs IRL,20230916,Clay,RR,2023,Conor Gannon,Cesar Cruz,,,1,0.6826,1,0.6639,1,0.6796,1
Davis Cup WG2 R1: ESA vs IRL,20230916,Clay,RR,2023,Marcelo Arevalo,Osgar Ohoisin,,859.0,1,0.6541,1,0.7302,1,0.7796,1
Davis Cup WG2 R1: ESA vs IRL,20230916,Clay,RR,2023,Osgar Ohoisin,Diego Duran,859.0,,1,0.0079,0,0.7766,1,0.8264,1
Davis Cup WG2 R1: ESA vs IRL,20230916,Clay,RR,2023,Freddy Murray,Jose  Flores,,,1,0.7268,1,0.7986,1,0.8324,1
Davis Cup WG2 R1: HKG vs LAT,20230916,Hard,RR,2023,Hong Kit Jack Wong,Robert Strombachs,1478.0,385.0,0,0.0531,0,0.2293,0,0.109,0
Davis Cup WG2 R1: HKG vs LAT,20230916,Hard,RR,2023,Martins Rocens,Coleman Wong,,534.0,0,0.4943,0,0.3714,0,0.3974,0
Davis Cup WG2 R1: HKG vs LAT,20230916,Hard,RR,2023,Robert Strombachs,Coleman Wong,385.0,534.0,1,0.6699,1,0.6536,1,0.6465,1
Davis Cup WG2 R1: HKG vs LAT,20230916,Hard,RR,2023,Ki Lung Ng,Daniels Tens,,,1,0.6691,1,0.6144,1,0.588,1
Davis Cup WG2 R1: IND vs MAR,20230916,Hard,RR,2023,Sasi Kumar Mukund,Yassine Dlimi,365.0,557.0,0,0.5967,1,0.6429,1,0.6178,1
Davis Cup WG2 R1: IND vs MAR,20230916,Hard,RR,2023,Sumit Nagal,Adam Moundir,156.0,779.0,1,0.8639,1,0.7842,1,0.7441,1
Davis Cup WG2 R1: IND vs MAR,20230916,Hard,RR,2023,Sumit Nagal,Yassine Dlimi,156.0,557.0,1,0.7824,1,0.7594,1,0.7066,1
Davis Cup WG2 R1: IND vs MAR,20230916,Hard,RR,2023,Digvijaypratap Singh,Walid Ahouda,544.0,1077.0,1,0.7736,1,0.775,1,0.7974,1
Davis Cup WG2 R1: MEX vs CHN,20230916,Clay,RR,2023,Fajing Sun,Rodrigo Pacheco Mendez,401.0,677.0,0,0.5679,1,0.5839,1,0.5063,1
Davis Cup WG2 R1: MEX vs CHN,20230916,Clay,RR,2023,Ernesto Escobedo,Rigele Te,399.0,492.0,0,0.3171,0,0.5142,1,0.503,1
Davis Cup WG2 R1: MEX vs CHN,20230916,Clay,RR,2023,Ernesto Escobedo,Yi Zhou,399.0,893.0,1,0.699,1,0.7189,1,0.7125,1
Davis Cup WG2 R1: PAK vs INA,20230916,Grass,RR,2023,Aqeel Khan,Gunawan Trismuwantara,,2050.0,1,0.6124,1,0.756,1,0.718,1
Davis Cup WG2 R1: PAK vs INA,20230916,Grass,RR,2023,Aisam Ul Haq Qureshi,David Agung Susanto,,2050.0,1,0.6591,1,0.7397,1,0.757,1
Davis Cup WG2 R1: PAK vs INA,20230916,Grass,RR,2023,Aqeel Khan,David Agung Susanto,,2050.0,1,0.6588,1,0.755,1,0.7637,1
Davis Cup WG2 R1: PAK vs INA,20230916,Grass,RR,2023,Muhammad Shoaib,Gunawan Trismuwantara,,2050.0,1,0.699,1,0.7425,1,0.7254,1
Davis Cup WG2 R1: URU vs EGY,20230916,Clay,RR,2023,Mohamed Safwat,Ignacio Carou,463.0,828.0,1,0.6505,1,0.6828,1,0.7054,1
Davis Cup WG2 R1: URU vs EGY,20230916,Clay,RR,2023,Karim Mohamed Maamoun,Franco Roncadelli,721.0,674.0,1,0.4268,0,0.3658,0,0.3178,0
Davis Cup WG2 R1: URU vs EGY,20230916,Clay,RR,2023,Amr Elsayed Abdou Ahmed Mohamed,Joaquin  Aguilar Cardozo ,553.0,1225.0,0,0.8169,1,0.8063,1,0.7951,1
Davis Cup Finals RR: ITA vs SWE,20230917,Hard,RR,2023,Matteo Arnaldi,Leo Borg,47.0,334.0,1,0.8057,1,0.7939,1,0.7943,1
Davis Cup Finals RR: ITA vs SWE,20230917,Hard,RR,2023,Elias Ymer,Lorenzo Sonego,175.0,38.0,0,0.2768,0,0.2372,0,0.2594,0
Davis Cup Finals RR: GBR vs FRA,20230917,Hard,RR,2023,Daniel Evans,Arthur Fils,27.0,44.0,1,0.4688,0,0.4749,0,0.3637,0
Davis Cup Finals RR: GBR vs FRA,20230917,Hard,RR,2023,Cameron Norrie,Ugo Humbert,17.0,36.0,0,0.502,1,0.5694,1,0.4279,0
Davis Cup Finals RR: ESP vs KOR,20230917,Hard,RR,2023,Seong Chan Hong,Bernabe Zapata Miralles,194.0,75.0,0,0.3473,0,0.3411,0,0.3414,0
Davis Cup Finals RR: ESP vs KOR,20230917,Hard,RR,2023,Soon Woo Kwon,Alejandro Davidovich Fokina,112.0,25.0,0,0.3218,0,0.3157,0,0.3109,0
Davis Cup Finals RR: CRO vs NED,20230917,Hard,RR,2023,Botic Van De Zandschulp,Duje Ajdukovic,68.0,206.0,1,0.7477,1,0.7329,1,0.7121,1
Davis Cup Finals RR: CRO vs NED,20230917,Hard,RR,2023,Borna Gojo,Tallon Griekspoor,77.0,24.0,1,0.4797,0,0.4559,0,0.4522,0
Chengdu,20230920,Hard,R32,2023,Nuno Borges,Philip Sekulic,88.0,325.0,0,0.781,1,0.7457,1,0.7451,1
Chengdu,20230920,Hard,R32,2023,Li Tu,Arthur Rinderknech,203.0,67.0,0,0.2705,0,0.3325,0,0.3504,0
Chengdu,20230920,Hard,R32,2023,Marcos Giron,Alexander Bublik,64.0,29.0,1,0.4173,0,0.4338,0,0.4572,0
Chengdu,20230920,Hard,R32,2023,Roman Safiullin,Brandon Nakashima,55.0,81.0,1,0.4403,0,0.4461,0,0.4727,0
Chengdu,20230920,Hard,R32,2023,Dusan Lajovic,Zizou Bergs,52.0,172.0,1,0.5896,1,0.637,1,0.524,1
Chengdu,20230920,Hard,R32,2023,Jordan Thompson,Max Purcell,56.0,43.0,1,0.4721,0,0.5125,1,0.5074,1
Chengdu,20230920,Hard,R32,2023,Taro Daniel,Aleksandar Vukic,95.0,50.0,1,0.4186,0,0.399,0,0.3749,0
Chengdu,20230920,Hard,R32,2023,Christopher Oconnell,Alibek Kachmazov,53.0,319.0,1,0.7661,1,0.8122,1,0.7527,1
Chengdu,20230920,Hard,R32,2023,Juan Pablo Varillas,Jie Cui,70.0,583.0,1,0.8633,1,0.8495,1,0.8954,1
Chengdu,20230920,Hard,R32,2023,Benjamin Lock,Miomir Kecmanovic,346.0,47.0,0,0.1727,0,0.2376,0,0.3512,0
Chengdu,20230920,Hard,R32,2023,Corentin Moutet,Tao Mu,122.0,573.0,1,0.8319,1,0.8539,1,0.8701,1
Chengdu,20230920,Hard,R32,2023,Daniel Elahi Galan,Pavel Kotov,87.0,106.0,0,0.5364,1,0.5294,1,0.6089,1
Chengdu,20230920,Hard,R16,2023,Lorenzo Musetti,Philip Sekulic,18.0,325.0,1,0.8752,1,0.8695,1,0.9118,1
Chengdu,20230920,Hard,R16,2023,Marcos Giron,Arthur Rinderknech,64.0,67.0,0,0.439,0,0.4687,0,0.4622,0
Chengdu,20230920,Hard,R16,2023,Daniel Evans,Roman Safiullin,27.0,55.0,0,0.5884,1,0.576,1,0.6095,1
Chengdu,20230920,Hard,R16,2023,Dusan Lajovic,Jordan Thompson,52.0,56.0,0,0.4717,0,0.4693,0,0.487,0
Chengdu,20230920,Hard,R16,2023,Taro Daniel,Christopher Oconnell,95.0,53.0,0,0.514,1,0.5127,1,0.5612,1
Chengdu,20230920,Hard,R16,2023,Grigor Dimitrov,Juan Pablo Varillas,20.0,70.0,1,0.6654,1,0.6806,1,0.6774,1
Chengdu,20230920,Hard,R16,2023,Corentin Moutet,Miomir Kecmanovic,122.0,47.0,0,0.3755,0,0.3439,0,0.3566,0
Chengdu,20230920,Hard,R16,2023,Alexander Zverev,Pavel Kotov,10.0,106.0,1,0.8093,1,0.8192,1,0.7934,1
Chengdu,20230920,Hard,QF,2023,Arthur Rinderknech,Lorenzo Musetti,67.0,18.0,0,0.3788,0,0.3363,0,0.3269,0
Chengdu,20230920,Hard,QF,2023,Jordan Thompson,Roman Safiullin,56.0,55.0,0,0.5455,1,0.5434,1,0.5676,1
Chengdu,20230920,Hard,QF,2023,Grigor Dimitrov,Christopher Oconnell,20.0,53.0,1,0.6719,1,0.6746,1,0.715,1
Chengdu,20230920,Hard,QF,2023,Alexander Zverev,Miomir Kecmanovic,10.0,47.0,1,0.7338,1,0.7609,1,0.7802,1
Chengdu,20230920,Hard,SF,2023,Roman Safiullin,Lorenzo Musetti,55.0,18.0,1,0.3199,0,0.2638,0,0.2221,0
Chengdu,20230920,Hard,SF,2023,Alexander Zverev,Grigor Dimitrov,10.0,20.0,1,0.6489,1,0.6081,1,0.5506,1
Chengdu,20230920,Hard,F,2023,Alexander Zverev,Roman Safiullin,10.0,55.0,1,0.7802,1,0.8119,1,0.773,1
Zhuhai,20230920,Hard,R32,2023,Marc Polmans,Dane Sweeny,152.0,247.0,1,0.5892,1,0.6043,1,0.5684,1
Zhuhai,20230920,Hard,R32,2023,Aslan Karatsev,Matteo Arnaldi,63.0,48.0,1,0.3934,0,0.3636,0,0.3353,0
Zhuhai,20230920,Hard,R32,2023,Andy Murray,Ye Cong Mo,41.0,668.0,1,0.915,1,0.8684,1,0.8624,1
Zhuhai,20230920,Hard,R32,2023,Cristian Garin,Yi Zhou,102.0,903.0,1,0.8961,1,0.789,1,0.8805,1
Zhuhai,20230920,Hard,R32,2023,Jiri Vesely,Lloyd Harris,300.0,162.0,0,0.5265,1,0.534,1,0.6394,1
Zhuhai,20230920,Hard,R32,2023,Yoshihito Nishioka,Terence Atmane,46.0,149.0,1,0.689,1,0.7099,1,0.6423,1
Zhuhai,20230920,Hard,R32,2023,Luke Saville,Tomas Martin Etcheverry,313.0,35.0,0,0.1584,0,0.1767,0,0.1855,0
Zhuhai,20230920,Hard,R32,2023,Zhe Li,Dalibor Svrcina,602.0,167.0,0,0.1773,0,0.2948,0,0.4235,0
Zhuhai,20230920,Hard,R32,2023,Alexandre Muller,Rinky Hijikata,84.0,72.0,1,0.3873,0,0.3978,0,0.5428,1
Zhuhai,20230920,Hard,R32,2023,Mackenzie Mcdonald,Juncheng Shang,39.0,158.0,1,0.5865,1,0.6106,1,0.5689,1
Zhuhai,20230920,Hard,R32,2023,Kimmer Coppejans,Aleksandar Kovacevic,186.0,116.0,1,0.2291,0,0.2766,0,0.1547,0
Zhuhai,20230920,Hard,R32,2023,Diego Schwartzman,Alex Bolt,136.0,323.0,0,0.643,1,0.6001,1,0.4959,0
Zhuhai,20230920,Hard,R16,2023,Cameron Norrie,Marc Polmans,17.0,152.0,1,0.8102,1,0.8374,1,0.8836,1
Zhuhai,20230920,Hard,R16,2023,Andy Murray,Aslan Karatsev,41.0,63.0,0,0.5735,1,0.5902,1,0.574,1
Zhuhai,20230920,Hard,R16,2023,Jan Lennard Struff,Cristian Garin,23.0,102.0,1,0.5687,1,0.6151,1,0.5957,1
Zhuhai,20230920,Hard,R16,2023,Yoshihito Nishioka,Lloyd Harris,46.0,162.0,1,0.5521,1,0.5905,1,0.4976,0
Zhuhai,20230920,Hard,R16,2023,Tomas Martin Etcheverry,Dalibor Svrcina,35.0,167.0,1,0.712,1,0.7211,1,0.7634,1
Zhuhai,20230920,Hard,R16,2023,Alexandre Muller,Sebastian Korda,84.0,33.0,0,0.2904,0,0.2971,0,0.2935,0
Zhuhai,20230920,Hard,R16,2023,Kimmer Coppejans,Mackenzie Mcdonald,186.0,39.0,0,0.1754,0,0.1778,0,0.1906,0
Zhuhai,20230920,Hard,R16,2023,Alex Bolt,Karen Khachanov,323.0,15.0,0,0.1212,0,0.1679,0,0.1727,0
Zhuhai,20230920,Hard,QF,2023,Aslan Karatsev,Cameron Norrie,63.0,17.0,1,0.387,0,0.3385,0,0.3645,0
Zhuhai,20230920,Hard,QF,2023,Jan Lennard Struff,Yoshihito Nishioka,23.0,46.0,0,0.55,1,0.5707,1,0.6155,1
Zhuhai,20230920,Hard,QF,2023,Tomas Martin Etcheverry,Sebastian Korda,35.0,33.0,0,0.4181,0,0.3865,0,0.3694,0
Zhuhai,20230920,Hard,QF,2023,Mackenzie Mcdonald,Karen Khachanov,39.0,15.0,0,0.4565,0,0.4476,0,0.4534,0
Zhuhai,20230920,Hard,SF,2023,Aslan Karatsev,Yoshihito Nishioka,63.0,46.0,0,0.5156,1,0.4642,0,0.5024,1
Zhuhai,20230920,Hard,SF,2023,Karen Khachanov,Sebastian Korda,15.0,33.0,1,0.4816,0,0.4963,0,0.4733,0
Zhuhai,20230920,Hard,F,2023,Yoshihito Nishioka,Karen Khachanov,46.0,15.0,0,0.3529,0,0.3938,0,0.2986,0
Astana,20230925,Hard,R32,2023,Gregoire Barrere,Jurij Rodionov,63.0,107.0,0,0.5779,1,0.6432,1,0.6395,1
Astana,20230925,Hard,R32,2023,Corentin Moutet,Alibek Kachmazov,119.0,315.0,0,0.7093,1,0.6817,1,0.6509,1
Astana,20230925,Hard,R32,2023,Adrian Mannarino,Arthur Rinderknech,34.0,66.0,1,0.5227,1,0.5712,1,0.4801,0
Astana,20230925,Hard,R32,2023,Marton Fucsovics,Sebastian Ofner,57.0,58.0,0,0.5445,1,0.5765,1,0.5826,1
Astana,20230925,Hard,R32,2023,Dominic Thiem,Juan Pablo Varillas,81.0,67.0,1,0.532,1,0.5699,1,0.6199,1
Astana,20230925,Hard,R32,2023,Stan Wawrinka,Marcos Giron,47.0,82.0,0,0.5648,1,0.6154,1,0.6296,1
Astana,20230925,Hard,R32,2023,Laslo Djere,Hamad Medjedovic,37.0,120.0,0,0.5684,1,0.6116,1,0.5877,1
Astana,20230925,Hard,R32,2023,Botic Van De Zandschulp,Alexander Shevchenko,68.0,85.0,0,0.5881,1,0.6034,1,0.6075,1
Astana,20230925,Hard,R32,2023,Egor Gerasimov,Bernabe Zapata Miralles,661.0,72.0,1,0.1309,0,0.2477,0,0.2476,0
Astana,20230925,Hard,R32,2023,Alexei Popyrin,Sebastian Korda,45.0,28.0,0,0.4735,0,0.4526,0,0.4926,0
Astana,20230925,Hard,R32,2023,Mikhail Kukushkin,Nuno Borges,246.0,86.0,0,0.2268,0,0.267,0,0.2715,0
Astana,20230925,Hard,R32,2023,Roberto Carballes Baena,Sho Shimabukuro,61.0,148.0,0,0.5956,1,0.6368,1,0.6118,1
Astana,20230925,Hard,R16,2023,Jurij Rodionov,Sebastian Baez,107.0,27.0,1,0.2892,0,0.2245,0,0.3013,0
Astana,20230925,Hard,R16,2023,Adrian Mannarino,Alibek Kachmazov,34.0,315.0,1,0.8145,1,0.7938,1,0.758,1
Astana,20230925,Hard,R16,2023,Alexander Bublik,Sebastian Ofner,35.0,58.0,0,0.5669,1,0.5709,1,0.5655,1
Astana,20230925,Hard,R16,2023,Marcos Giron,Dominic Thiem,82.0,81.0,0,0.4506,0,0.4257,0,0.3818,0
Astana,20230925,Hard,R16,2023,Alexander Shevchenko,Hamad Medjedovic,85.0,120.0,0,0.4156,0,0.4528,0,0.4006,0
Astana,20230925,Hard,R16,2023,Egor Gerasimov,Jiri Lehecka,661.0,29.0,0,0.0639,0,0.1804,0,0.1525,0
Astana,20230925,Hard,R16,2023,Nuno Borges,Sebastian Korda,86.0,28.0,0,0.3245,0,0.2687,0,0.1982,0
Astana,20230925,Hard,R16,2023,Tallon Griekspoor,Sho Shimabukuro,24.0,148.0,1,0.7003,1,0.6905,1,0.6556,1
Astana,20230925,Hard,QF,2023,Adrian Mannarino,Jurij Rodionov,34.0,107.0,1,0.6827,1,0.7218,1,0.6735,1
Astana,20230925,Hard,QF,2023,Dominic Thiem,Sebastian Ofner,81.0,58.0,0,0.5462,1,0.5967,1,0.6458,1
Astana,20230925,Hard,QF,2023,Jiri Lehecka,Hamad Medjedovic,29.0,120.0,0,0.6177,1,0.6768,1,0.6692,1
Astana,20230925,Hard,QF,2023,Tallon Griekspoor,Sebastian Korda,24.0,28.0,0,0.4552,0,0.458,0,0.4909,0
Astana,20230925,Hard,SF,2023,Adrian Mannarino,Sebastian Ofner,34.0,58.0,1,0.6015,1,0.6357,1,0.5873,1
Astana,20230925,Hard,SF,2023,Sebastian Korda,Hamad Medjedovic,28.0,120.0,1,0.6259,1,0.6666,1,0.6435,1
Astana,20230925,Hard,F,2023,Adrian Mannarino,Sebastian Korda,34.0,28.0,1,0.4155,0,0.4343,0,0.5054,1
Beijing,20230927,Hard,R32,2023,Daniil Medvedev,Tommy Paul,3.0,13.0,1,0.8138,1,0.7341,1,0.7698,1
Beijing,20230927,Hard,R32,2023,Andy Murray,Alex De Minaur,40.0,12.0,0,0.3223,0,0.3012,0,0.2879,0
Beijing,20230927,Hard,R32,2023,Lorenzo Sonego,Ugo Humbert,56.0,36.0,0,0.4287,0,0.3936,0,0.4001,0
Beijing,20230927,Hard,R32,2023,Cameron Norrie,Andrey Rublev,16.0,6.0,0,0.2896,0,0.2962,0,0.2949,0
Beijing,20230927,Hard,R32,2023,Nicolas Jarry,Stefanos Tsitsipas,23.0,5.0,1,0.2767,0,0.2968,0,0.2885,0
Beijing,20230927,Hard,R32,2023,J J Wolf,Matteo Arnaldi,51.0,48.0,0,0.4787,0,0.4312,0,0.4651,0
Beijing,20230927,Hard,R32,2023,Alejandro Davidovich Fokina,Yi Zhou,25.0,905.0,1,0.9389,1,0.8378,1,0.8172,1
Beijing,20230927,Hard,R32,2023,Alexander Zverev,Diego Schwartzman,10.0,133.0,1,0.8957,1,0.8776,1,0.929,1
Beijing,20230927,Hard,R32,2023,Daniel Evans,Jannik Sinner,33.0,7.0,0,0.1823,0,0.1918,0,0.2259,0
Beijing,20230927,Hard,R32,2023,Yoshihito Nishioka,Juncheng Shang,38.0,160.0,1,0.5512,1,0.5744,1,0.5838,1
Beijing,20230927,Hard,R32,2023,Grigor Dimitrov,Mackenzie Mcdonald,19.0,39.0,1,0.5627,1,0.5496,1,0.511,1
Beijing,20230927,Hard,R32,2023,Felix Auger Aliassime,Holger Rune,15.0,4.0,0,0.3693,0,0.3632,0,0.3427,0
Beijing,20230927,Hard,R32,2023,Jan Lennard Struff,Casper Ruud,22.0,9.0,0,0.3668,0,0.4442,0,0.3324,0
Beijing,20230927,Hard,R32,2023,Lloyd Harris,Tomas Martin Etcheverry,149.0,31.0,0,0.3556,0,0.3207,0,0.2838,0
Beijing,20230927,Hard,R32,2023,Karen Khachanov,Lorenzo Musetti,14.0,18.0,0,0.5949,1,0.6282,1,0.7052,1
Beijing,20230927,Hard,R32,2023,Yannick Hanfmann,Carlos Alcaraz,53.0,2.0,0,0.0436,0,0.104,0,0.0413,0
Beijing,20230927,Hard,R16,2023,Daniil Medvedev,Alex De Minaur,3.0,12.0,1,0.8006,1,0.7226,1,0.7614,1
Beijing,20230927,Hard,R16,2023,Andrey Rublev,Ugo Humbert,6.0,36.0,0,0.7146,1,0.7495,1,0.7574,1
Beijing,20230927,Hard,R16,2023,Nicolas Jarry,Matteo Arnaldi,23.0,48.0,1,0.5611,1,0.5736,1,0.5814,1
Beijing,20230927,Hard,R16,2023,Alexander Zverev,Alejandro Davidovich Fokina,10.0,25.0,1,0.6981,1,0.7011,1,0.7731,1
Beijing,20230927,Hard,R16,2023,Yoshihito Nishioka,Jannik Sinner,38.0,7.0,0,0.1655,0,0.1547,0,0.1329,0
Beijing,20230927,Hard,R16,2023,Grigor Dimitrov,Holger Rune,19.0,4.0,1,0.3346,0,0.3392,0,0.2914,0
Beijing,20230927,Hard,R16,2023,Casper Ruud,Tomas Martin Etcheverry,9.0,31.0,1,0.6302,1,0.613,1,0.6034,1
Beijing,20230927,Hard,R16,2023,Lorenzo Musetti,Carlos Alcaraz,18.0,2.0,0,0.1148,0,0.141,0,0.1105,0
Beijing,20230927,Hard,QF,2023,Daniil Medvedev,Ugo Humbert,3.0,36.0,1,0.8737,1,0.8732,1,0.9323,1
Beijing,20230927,Hard,QF,2023,Alexander Zverev,Nicolas Jarry,10.0,23.0,1,0.6708,1,0.6869,1,0.7472,1
Beijing,20230927,Hard,QF,2023,Grigor Dimitrov,Jannik Sinner,19.0,7.0,0,0.251,0,0.2512,0,0.2613,0
Beijing,20230927,Hard,QF,2023,Casper Ruud,Carlos Alcaraz,9.0,2.0,0,0.1406,0,0.1418,0,0.1142,0
Beijing,20230927,Hard,SF,2023,Alexander Zverev,Daniil Medvedev,10.0,3.0,0,0.2517,0,0.3418,0,0.3976,0
Beijing,20230927,Hard,SF,2023,Jannik Sinner,Carlos Alcaraz,7.0,2.0,1,0.267,0,0.3254,0,0.3328,0
Beijing,20230927,Hard,F,2023,Daniil Medvedev,Jannik Sinner,3.0,7.0,0,0.6676,1,0.6016,1,0.6356,1
Shanghai Masters,20231002,Hard,R128,2023,Cristian Garin,Aleksandar Kovacevic,98.0,146.0,1,0.5311,1,0.5632,1,0.5256,1
Shanghai Masters,20231002,Hard,R128,2023,Miomir Kecmanovic,Bu Yunchaokete,45.0,186.0,0,0.7775,1,0.7641,1,0.7313,1
Shanghai Masters,20231002,Hard,R128,2023,Mackenzie Mcdonald,Corentin Moutet,38.0,119.0,1,0.6672,1,0.7123,1,0.7038,1
Shanghai Masters,20231002,Hard,R128,2023,Marton Fucsovics,Denis Yevseyev,57.0,260.0,1,0.7924,1,0.757,1,0.7412,1
Shanghai Masters,20231002,Hard,R128,2023,Andy Murray,Roman Safiullin,39.0,50.0,0,0.5227,1,0.5365,1,0.4917,0
Shanghai Masters,20231002,Hard,R128,2023,Jaume Munar,Rigele Te,82.0,489.0,1,0.7269,1,0.6671,1,0.7354,1
Shanghai Masters,20231002,Hard,R128,2023,Taro Daniel,Dane Sweeny,97.0,273.0,0,0.7654,1,0.7186,1,0.7623,1
Shanghai Masters,20231002,Hard,R128,2023,Marcos Giron,Daniel Elahi Galan,80.0,90.0,1,0.5159,1,0.5752,1,0.4898,0
Shanghai Masters,20231002,Hard,R128,2023,Bernabe Zapata Miralles,Brandon Nakashima,70.0,122.0,0,0.4506,0,0.4603,0,0.4298,0
Shanghai Masters,20231002,Hard,R128,2023,Richard Gasquet,Zhizhen Zhang,63.0,60.0,0,0.4196,0,0.3799,0,0.3918,0
Shanghai Masters,20231002,Hard,R128,2023,Max Purcell,Yu Hsiou Hsu,41.0,184.0,0,0.6416,1,0.6357,1,0.6257,1
Shanghai Masters,20231002,Hard,R128,2023,Fabio Fognini,Thanasi Kokkinakis,128.0,69.0,0,0.2858,0,0.3094,0,0.2711,0
Shanghai Masters,20231002,Hard,R128,2023,Arthur Rinderknech,Fabian Marozsan,68.0,91.0,0,0.5354,1,0.5371,1,0.5739,1
Shanghai Masters,20231002,Hard,R128,2023,Stan Wawrinka,Dusan Lajovic,46.0,55.0,0,0.5195,1,0.5194,1,0.5074,1
Shanghai Masters,20231002,Hard,R128,2023,Yannick Hanfmann,James Duckworth,53.0,139.0,1,0.5587,1,0.5432,1,0.4291,0
Shanghai Masters,20231002,Hard,R128,2023,Yoshihito Nishioka,Daniel Altmaier,48.0,47.0,1,0.498,0,0.4974,0,0.4924,0
Shanghai Masters,20231002,Hard,R128,2023,Aslan Karatsev,Quentin Halys,52.0,76.0,0,0.5962,1,0.5889,1,0.5488,1
Shanghai Masters,20231002,Hard,R128,2023,Chun Hsin Tseng,Alexander Shevchenko,380.0,84.0,1,0.217,0,0.2649,0,0.3366,0
Shanghai Masters,20231002,Hard,R128,2023,Pavel Kotov,Arthur Fils,103.0,44.0,0,0.3666,0,0.3404,0,0.3141,0
Shanghai Masters,20231002,Hard,R128,2023,Juan Pablo Varillas,Sebastian Ofner,65.0,49.0,0,0.4205,0,0.4128,0,0.4473,0
Shanghai Masters,20231002,Hard,R128,2023,Pedro Cachin,J J Wolf,71.0,51.0,0,0.3717,0,0.311,0,0.36,0
Shanghai Masters,20231002,Hard,R128,2023,Alexei Popyrin,Matteo Arnaldi,43.0,42.0,0,0.5273,1,0.5277,1,0.5443,1
Shanghai Masters,20231002,Hard,R128,2023,Christopher Oconnell,Botic Van De Zandschulp,58.0,67.0,0,0.4798,0,0.4747,0,0.4652,0
Shanghai Masters,20231002,Hard,R128,2023,Laslo Djere,Rinky Hijikata,36.0,75.0,0,0.5821,1,0.5622,1,0.5665,1
Shanghai Masters,20231002,Hard,R128,2023,Yosuke Watanuki,Juncheng Shang,79.0,156.0,1,0.5634,1,0.6061,1,0.6069,1
Shanghai Masters,20231002,Hard,R128,2023,Diego Schwartzman,Luca Van Assche,130.0,66.0,1,0.3359,0,0.3551,0,0.3281,0
Shanghai Masters,20231002,Hard,R128,2023,Jordan Thompson,Terence Atmane,62.0,148.0,0,0.6951,1,0.6785,1,0.5256,1
Shanghai Masters,20231002,Hard,R128,2023,Lorenzo Sonego,Philip Sekulic,59.0,298.0,1,0.6085,1,0.6129,1,0.639,1
Shanghai Masters,20231002,Hard,R128,2023,Stefano Napolitano,Beibit Zhukayev,252.0,302.0,0,0.4713,0,0.5021,1,0.4313,0
Shanghai Masters,20231002,Hard,R128,2023,Roberto Carballes Baena,Aleksandar Vukic,61.0,54.0,0,0.4538,0,0.4334,0,0.477,0
Shanghai Masters,20231002,Hard,R128,2023,Mikhail Kukushkin,Alexandre Muller,245.0,81.0,1,0.2448,0,0.2748,0,0.3303,0
Shanghai Masters,20231002,Hard,R128,2023,Gregoire Barrere,Nuno Borges,73.0,85.0,1,0.461,0,0.5106,1,0.4805,0
Shanghai Masters,20231002,Hard,R64,2023,Daniil Medvedev,Cristian Garin,3.0,98.0,1,0.9298,1,0.8849,1,0.913,1
Shanghai Masters,20231002,Hard,R64,2023,Sebastian Korda,Bu Yunchaokete,26.0,186.0,1,0.8592,1,0.8675,1,0.9084,1
Shanghai Masters,20231002,Hard,R64,2023,Mackenzie Mcdonald,Francisco Cerundolo,38.0,21.0,0,0.4797,0,0.4716,0,0.5021,1
Shanghai Masters,20231002,Hard,R64,2023,Marton Fucsovics,Felix Auger Aliassime,57.0,15.0,1,0.3239,0,0.2671,0,0.2731,0
Shanghai Masters,20231002,Hard,R64,2023,Alexander Zverev,Roman Safiullin,10.0,50.0,0,0.7724,1,0.8065,1,0.8193,1
Shanghai Masters,20231002,Hard,R64,2023,Jaume Munar,Ben Shelton,82.0,20.0,0,0.3091,0,0.343,0,0.3566,0
Shanghai Masters,20231002,Hard,R64,2023,Sebastian Baez,Dane Sweeny,29.0,273.0,1,0.84,1,0.8557,1,0.8799,1
Shanghai Masters,20231002,Hard,R64,2023,Marcos Giron,Jannik Sinner,80.0,4.0,0,0.121,0,0.117,0,0.1438,0
Shanghai Masters,20231002,Hard,R64,2023,Brandon Nakashima,Holger Rune,122.0,5.0,1,0.2002,0,0.1874,0,0.133,0
Shanghai Masters,20231002,Hard,R64,2023,Zhizhen Zhang,Tomas Martin Etcheverry,60.0,31.0,1,0.4548,0,0.4516,0,0.4545,0
Shanghai Masters,20231002,Hard,R64,2023,Yu Hsiou Hsu,Lorenzo Musetti,184.0,18.0,1,0.2577,0,0.215,0,0.2604,0
Shanghai Masters,20231002,Hard,R64,2023,Thanasi Kokkinakis,Hubert Hurkacz,69.0,17.0,0,0.3181,0,0.2499,0,0.2378,0
Shanghai Masters,20231002,Hard,R64,2023,Alex De Minaur,Fabian Marozsan,11.0,91.0,0,0.7268,1,0.7335,1,0.7316,1
Shanghai Masters,20231002,Hard,R64,2023,Dusan Lajovic,Tallon Griekspoor,55.0,24.0,1,0.3893,0,0.3799,0,0.42,0
Shanghai Masters,20231002,Hard,R64,2023,Yannick Hanfmann,Christopher Eubanks,53.0,32.0,0,0.3105,0,0.3239,0,0.2769,0
Shanghai Masters,20231002,Hard,R64,2023,Yoshihito Nishioka,Casper Ruud,48.0,9.0,0,0.2805,0,0.3035,0,0.2569,0
Shanghai Masters,20231002,Hard,R64,2023,Quentin Halys,Andrey Rublev,76.0,7.0,0,0.1641,0,0.1453,0,0.1608,0
Shanghai Masters,20231002,Hard,R64,2023,Adrian Mannarino,Chun Hsin Tseng,23.0,380.0,1,0.8758,1,0.857,1,0.8589,1
Shanghai Masters,20231002,Hard,R64,2023,Alejandro Davidovich Fokina,Arthur Fils,25.0,44.0,0,0.5357,1,0.5054,1,0.543,1
Shanghai Masters,20231002,Hard,R64,2023,Sebastian Ofner,Tommy Paul,49.0,12.0,0,0.3309,0,0.2666,0,0.2292,0
Shanghai Masters,20231002,Hard,R64,2023,Cameron Norrie,J J Wolf,16.0,51.0,0,0.5555,1,0.5899,1,0.6061,1
Shanghai Masters,20231002,Hard,R64,2023,Jan Lennard Struff,Matteo Arnaldi,27.0,42.0,0,0.458,0,0.4994,0,0.4097,0
Shanghai Masters,20231002,Hard,R64,2023,Botic Van De Zandschulp,Ugo Humbert,67.0,34.0,0,0.3984,0,0.3598,0,0.3539,0
Shanghai Masters,20231002,Hard,R64,2023,Stefanos Tsitsipas,Rinky Hijikata,6.0,75.0,1,0.8087,1,0.7756,1,0.8018,1
Shanghai Masters,20231002,Hard,R64,2023,Taylor Fritz,Yosuke Watanuki,8.0,79.0,1,0.8122,1,0.8207,1,0.8765,1
Shanghai Masters,20231002,Hard,R64,2023,Diego Schwartzman,Jiri Lehecka,130.0,30.0,1,0.1886,0,0.1835,0,0.2143,0
Shanghai Masters,20231002,Hard,R64,2023,Nicolas Jarry,Terence Atmane,22.0,148.0,1,0.798,1,0.8108,1,0.7952,1
Shanghai Masters,20231002,Hard,R64,2023,Frances Tiafoe,Lorenzo Sonego,13.0,59.0,0,0.6863,1,0.73,1,0.7697,1
Shanghai Masters,20231002,Hard,R64,2023,Karen Khachanov,Beibit Zhukayev,14.0,302.0,1,0.8841,1,0.8723,1,0.9085,1
Shanghai Masters,20231002,Hard,R64,2023,Grigor Dimitrov,Aleksandar Vukic,19.0,54.0,1,0.6169,1,0.6701,1,0.6735,1
Shanghai Masters,20231002,Hard,R64,2023,Mikhail Kukushkin,Daniel Evans,245.0,33.0,0,0.1893,0,0.2054,0,0.3638,0
Shanghai Masters,20231002,Hard,R64,2023,Gregoire Barrere,Carlos Alcaraz,73.0,2.0,0,0.0482,0,0.0779,0,0.0396,0
Shanghai Masters,20231002,Hard,R32,2023,Daniil Medvedev,Sebastian Korda,3.0,26.0,0,0.8464,1,0.7156,1,0.8009,1
Shanghai Masters,20231002,Hard,R32,2023,Marton Fucsovics,Francisco Cerundolo,57.0,21.0,0,0.3981,0,0.3675,0,0.3774,0
Shanghai Masters,20231002,Hard,R32,2023,Roman Safiullin,Ben Shelton,50.0,20.0,0,0.3627,0,0.3811,0,0.3161,0
Shanghai Masters,20231002,Hard,R32,2023,Sebastian Baez,Jannik Sinner,29.0,4.0,0,0.1876,0,0.1947,0,0.171,0
Shanghai Masters,20231002,Hard,R32,2023,Zhizhen Zhang,Brandon Nakashima,60.0,122.0,1,0.5596,1,0.5476,1,0.5113,1
Shanghai Masters,20231002,Hard,R32,2023,Hubert Hurkacz,Yu Hsiou Hsu,17.0,184.0,1,0.7751,1,0.7697,1,0.788,1
Shanghai Masters,20231002,Hard,R32,2023,Dusan Lajovic,Fabian Marozsan,55.0,91.0,0,0.5019,1,0.529,1,0.5175,1
Shanghai Masters,20231002,Hard,R32,2023,Christopher Eubanks,Casper Ruud,32.0,9.0,0,0.3657,0,0.349,0,0.3156,0
Shanghai Masters,20231002,Hard,R32,2023,Adrian Mannarino,Andrey Rublev,23.0,7.0,0,0.2844,0,0.4053,0,0.3814,0
Shanghai Masters,20231002,Hard,R32,2023,Tommy Paul,Arthur Fils,12.0,44.0,1,0.6379,1,0.6207,1,0.6018,1
Shanghai Masters,20231002,Hard,R32,2023,J J Wolf,Matteo Arnaldi,51.0,42.0,1,0.4658,0,0.4177,0,0.4341,0
Shanghai Masters,20231002,Hard,R32,2023,Stefanos Tsitsipas,Ugo Humbert,6.0,34.0,0,0.7349,1,0.7178,1,0.6725,1
Shanghai Masters,20231002,Hard,R32,2023,Diego Schwartzman,Taylor Fritz,130.0,8.0,1,0.0857,0,0.0669,0,0.0341,0
Shanghai Masters,20231002,Hard,R32,2023,Nicolas Jarry,Lorenzo Sonego,22.0,59.0,1,0.6261,1,0.6437,1,0.6071,1
Shanghai Masters,20231002,Hard,R32,2023,Grigor Dimitrov,Karen Khachanov,19.0,14.0,1,0.4186,0,0.4169,0,0.4011,0
Shanghai Masters,20231002,Hard,R32,2023,Daniel Evans,Carlos Alcaraz,33.0,2.0,0,0.0701,0,0.1298,0,0.076,0
Shanghai Masters,20231002,Hard,R16,2023,Sebastian Korda,Francisco Cerundolo,26.0,21.0,1,0.5867,1,0.5936,1,0.594,1
Shanghai Masters,20231002,Hard,R16,2023,Jannik Sinner,Ben Shelton,4.0,20.0,0,0.766,1,0.8379,1,0.8942,1
Shanghai Masters,20231002,Hard,R16,2023,Zhizhen Zhang,Hubert Hurkacz,60.0,17.0,0,0.35,0,0.2947,0,0.2937,0
Shanghai Masters,20231002,Hard,R16,2023,Casper Ruud,Fabian Marozsan,9.0,91.0,0,0.7196,1,0.7223,1,0.7125,1
Shanghai Masters,20231002,Hard,R16,2023,Andrey Rublev,Tommy Paul,7.0,12.0,1,0.6189,1,0.5939,1,0.5546,1
Shanghai Masters,20231002,Hard,R16,2023,Ugo Humbert,J J Wolf,34.0,51.0,1,0.5676,1,0.5172,1,0.5164,1
Shanghai Masters,20231002,Hard,R16,2023,Diego Schwartzman,Nicolas Jarry,130.0,22.0,0,0.1843,0,0.1747,0,0.1674,0
Shanghai Masters,20231002,Hard,R16,2023,Grigor Dimitrov,Carlos Alcaraz,19.0,2.0,1,0.1075,0,0.2136,0,0.1501,0
Shanghai Masters,20231002,Hard,QF,2023,Sebastian Korda,Ben Shelton,26.0,20.0,1,0.5148,1,0.5366,1,0.5262,1
Shanghai Masters,20231002,Hard,QF,2023,Hubert Hurkacz,Fabian Marozsan,17.0,91.0,1,0.6925,1,0.674,1,0.6727,1
Shanghai Masters,20231002,Hard,QF,2023,Andrey Rublev,Ugo Humbert,7.0,34.0,1,0.7071,1,0.7233,1,0.7785,1
Shanghai Masters,20231002,Hard,QF,2023,Grigor Dimitrov,Nicolas Jarry,19.0,22.0,1,0.4982,0,0.496,0,0.4967,0
Shanghai Masters,20231002,Hard,SF,2023,Hubert Hurkacz,Sebastian Korda,17.0,26.0,1,0.5197,1,0.4872,0,0.4813,0
Shanghai Masters,20231002,Hard,SF,2023,Grigor Dimitrov,Andrey Rublev,19.0,7.0,0,0.3223,0,0.4158,0,0.3654,0
Shanghai Masters,20231002,Hard,F,2023,Andrey Rublev,Hubert Hurkacz,7.0,17.0,0,0.6342,1,0.6195,1,0.6031,1
Tokyo,20231016,Hard,R32,2023,Yosuke Watanuki,Casper Ruud,73.0,8.0,0,0.2643,0,0.249,0,0.1683,0
Tokyo,20231016,Hard,R32,2023,Marcos Giron,Yoshihito Nishioka,79.0,44.0,1,0.4606,0,0.4049,0,0.4228,0
Tokyo,20231016,Hard,R32,2023,Christopher Oconnell,Sebastian Ofner,59.0,47.0,0,0.4409,0,0.422,0,0.4186,0
Tokyo,20231016,Hard,R32,2023,Aleksandar Vukic,Felix Auger Aliassime,54.0,17.0,0,0.3729,0,0.3041,0,0.3186,0
Tokyo,20231016,Hard,R32,2023,Alexander Zverev,Jordan Thompson,9.0,60.0,0,0.7838,1,0.8005,1,0.8088,1
Tokyo,20231016,Hard,R32,2023,Taro Daniel,Ben Shelton,97.0,19.0,0,0.2863,0,0.3098,0,0.3242,0
Tokyo,20231016,Hard,R32,2023,Mackenzie Mcdonald,Max Purcell,37.0,40.0,1,0.5355,1,0.574,1,0.5613,1
Tokyo,20231016,Hard,R32,2023,Tommy Paul,Daniel Altmaier,12.0,48.0,1,0.7308,1,0.776,1,0.7745,1
Tokyo,20231016,Hard,R32,2023,Aslan Karatsev,Frances Tiafoe,50.0,14.0,1,0.3433,0,0.2634,0,0.2277,0
Tokyo,20231016,Hard,R32,2023,Zhizhen Zhang,Hubert Hurkacz,57.0,11.0,1,0.2932,0,0.2652,0,0.2617,0
Tokyo,20231016,Hard,R32,2023,Diego Schwartzman,Francisco Cerundolo,113.0,22.0,1,0.2685,0,0.207,0,0.2698,0
Tokyo,20231016,Hard,R32,2023,Alex De Minaur,Jack Draper,13.0,88.0,1,0.6342,1,0.6346,1,0.6502,1
Tokyo,20231016,Hard,R32,2023,Karen Khachanov,Alexei Popyrin,15.0,41.0,0,0.6456,1,0.6485,1,0.6619,1
Tokyo,20231016,Hard,R32,2023,Cristian Garin,Sho Shimabukuro,94.0,143.0,1,0.5626,1,0.5807,1,0.5776,1
Tokyo,20231016,Hard,R32,2023,Tomas Martin Etcheverry,Shintaro Mochizuki,31.0,215.0,0,0.7981,1,0.7776,1,0.7938,1
Tokyo,20231016,Hard,R32,2023,Cameron Norrie,Taylor Fritz,18.0,10.0,0,0.2893,0,0.2823,0,0.3239,0
Tokyo,20231016,Hard,R16,2023,Marcos Giron,Casper Ruud,79.0,8.0,1,0.2525,0,0.2701,0,0.2325,0
Tokyo,20231016,Hard,R16,2023,Sebastian Ofner,Felix Auger Aliassime,47.0,17.0,0,0.4048,0,0.4359,0,0.4688,0
Tokyo,20231016,Hard,R16,2023,Jordan Thompson,Ben Shelton,60.0,19.0,0,0.3068,0,0.3234,0,0.3063,0
Tokyo,20231016,Hard,R16,2023,Mackenzie Mcdonald,Tommy Paul,37.0,12.0,0,0.3527,0,0.3425,0,0.3325,0
Tokyo,20231016,Hard,R16,2023,Aslan Karatsev,Zhizhen Zhang,50.0,57.0,1,0.4462,0,0.4532,0,0.4836,0
Tokyo,20231016,Hard,R16,2023,Diego Schwartzman,Alex De Minaur,113.0,13.0,0,0.1909,0,0.1639,0,0.2104,0
Tokyo,20231016,Hard,R16,2023,Cristian Garin,Alexei Popyrin,94.0,41.0,0,0.4138,0,0.4096,0,0.3635,0
Tokyo,20231016,Hard,R16,2023,Taylor Fritz,Shintaro Mochizuki,10.0,215.0,0,0.9133,1,0.9069,1,0.9285,1
Tokyo,20231016,Hard,QF,2023,Marcos Giron,Felix Auger Aliassime,79.0,17.0,1,0.33,0,0.2816,0,0.3333,0
Tokyo,20231016,Hard,QF,2023,Tommy Paul,Ben Shelton,12.0,19.0,0,0.5226,1,0.5725,1,0.5684,1
Tokyo,20231016,Hard,QF,2023,Aslan Karatsev,Alex De Minaur,50.0,13.0,1,0.2987,0,0.2457,0,0.2423,0
Tokyo,20231016,Hard,QF,2023,Alexei Popyrin,Shintaro Mochizuki,41.0,215.0,0,0.794,1,0.7727,1,0.7537,1
Tokyo,20231016,Hard,SF,2023,Marcos Giron,Ben Shelton,79.0,19.0,0,0.2888,0,0.3261,0,0.269,0
Tokyo,20231016,Hard,SF,2023,Aslan Karatsev,Shintaro Mochizuki,50.0,215.0,1,0.7571,1,0.7432,1,0.734,1
Tokyo,20231016,Hard,F,2023,Aslan Karatsev,Ben Shelton,50.0,19.0,0,0.3272,0,0.362,0,0.3643,0
Stockholm,20231016,Hard,R32,2023,Roman Safiullin,Thiago Seyboth Wild,42.0,77.0,1,0.3461,0,0.4245,0,0.3648,0
Stockholm,20231016,Hard,R32,2023,Gael Monfils,Marton Fucsovics,140.0,52.0,1,0.4471,0,0.4469,0,0.435,0
Stockholm,20231016,Hard,R32,2023,Daniel Evans,Filip Misolic,34.0,181.0,0,0.7416,1,0.7255,1,0.6909,1
Stockholm,20231016,Hard,R32,2023,Stan Wawrinka,Borna Gojo,46.0,76.0,1,0.39,0,0.422,0,0.288,0
Stockholm,20231016,Hard,R32,2023,Laslo Djere,Leo Borg,35.0,359.0,1,0.8309,1,0.7952,1,0.7673,1
Stockholm,20231016,Hard,R32,2023,J J Wolf,Sebastian Baez,58.0,28.0,1,0.4337,0,0.4058,0,0.4396,0
Stockholm,20231016,Hard,R32,2023,Christopher Eubanks,Pavel Kotov,32.0,109.0,0,0.667,1,0.6605,1,0.633,1
Stockholm,20231016,Hard,R32,2023,Dusan Lajovic,Lorenzo Sonego,51.0,55.0,0,0.4858,0,0.5262,1,0.5026,1
Stockholm,20231016,Hard,R32,2023,Benjamin Hassan,Emil Ruusuvuori,161.0,61.0,0,0.3161,0,0.371,0,0.3783,0
Stockholm,20231016,Hard,R32,2023,Jiri Lehecka,Dino Prizmic,30.0,165.0,0,0.7857,1,0.7744,1,0.765,1
Stockholm,20231016,Hard,R32,2023,Roberto Bautista Agut,Elias Ymer,49.0,168.0,0,0.5938,1,0.6408,1,0.6494,1
Stockholm,20231016,Hard,R32,2023,Miomir Kecmanovic,Karl Friberg,53.0,433.0,1,0.8484,1,0.8422,1,0.8529,1
Stockholm,20231016,Hard,R16,2023,Adrian Mannarino,Roman Safiullin,24.0,42.0,1,0.5564,1,0.5914,1,0.5719,1
Stockholm,20231016,Hard,R16,2023,Gael Monfils,Filip Misolic,140.0,181.0,1,0.704,1,0.6372,1,0.5575,1
Stockholm,20231016,Hard,R16,2023,Stan Wawrinka,Tomas Machac,46.0,81.0,0,0.4465,0,0.5174,1,0.4638,0
Stockholm,20231016,Hard,R16,2023,Laslo Djere,J J Wolf,35.0,58.0,1,0.5474,1,0.5413,1,0.5121,1
Stockholm,20231016,Hard,R16,2023,Lorenzo Sonego,Pavel Kotov,55.0,109.0,0,0.6268,1,0.623,1,0.6082,1
Stockholm,20231016,Hard,R16,2023,Tallon Griekspoor,Emil Ruusuvuori,25.0,61.0,1,0.5171,1,0.5182,1,0.5165,1
Stockholm,20231016,Hard,R16,2023,Elias Ymer,Dino Prizmic,168.0,165.0,1,0.5133,1,0.511,1,0.4764,0
Stockholm,20231016,Hard,R16,2023,Miomir Kecmanovic,Holger Rune,53.0,6.0,1,0.2335,0,0.188,0,0.1332,0
Stockholm,20231016,Hard,QF,2023,Gael Monfils,Adrian Mannarino,140.0,24.0,1,0.3682,0,0.3397,0,0.3886,0
Stockholm,20231016,Hard,QF,2023,Laslo Djere,Tomas Machac,35.0,81.0,1,0.5223,1,0.5727,1,0.5968,1
Stockholm,20231016,Hard,QF,2023,Tallon Griekspoor,Pavel Kotov,25.0,109.0,0,0.6768,1,0.6911,1,0.6952,1
Stockholm,20231016,Hard,QF,2023,Elias Ymer,Miomir Kecmanovic,168.0,53.0,0,0.3119,0,0.2832,0,0.3023,0
Stockholm,20231016,Hard,SF,2023,Gael Monfils,Laslo Djere,140.0,35.0,1,0.3935,0,0.4088,0,0.4454,0
Stockholm,20231016,Hard,SF,2023,Miomir Kecmanovic,Pavel Kotov,53.0,109.0,0,0.6157,1,0.6052,1,0.5698,1
Stockholm,20231016,Hard,F,2023,Gael Monfils,Pavel Kotov,140.0,109.0,1,0.5592,1,0.4999,0,0.4557,0
Antwerp,20231016,Hard,R32,2023,Arthur Rinderknech,Hugo Gaston,82.0,96.0,0,0.5063,1,0.4877,0,0.5385,1
Antwerp,20231016,Hard,R32,2023,Nuno Borges,Dominik Koepfer,74.0,78.0,1,0.4462,0,0.4318,0,0.4977,0
Antwerp,20231016,Hard,R32,2023,Richard Gasquet,Maximilian Marterer,62.0,127.0,0,0.4188,0,0.543,1,0.6151,1
Antwerp,20231016,Hard,R32,2023,Gregoire Barrere,Daniel Elahi Galan,72.0,92.0,1,0.503,1,0.5322,1,0.504,1
Antwerp,20231016,Hard,R32,2023,David Goffin,Quentin Halys,105.0,87.0,1,0.4072,0,0.3993,0,0.3535,0
Antwerp,20231016,Hard,R32,2023,Roberto Carballes Baena,Giovanni Mpetshi Perricard,64.0,226.0,0,0.6725,1,0.6786,1,0.6856,1
Antwerp,20231016,Hard,R32,2023,Juan Pablo Varillas,Fabian Marozsan,69.0,65.0,1,0.3398,0,0.3199,0,0.2902,0
Antwerp,20231016,Hard,R32,2023,Benjamin Bonzi,Alexander Shevchenko,89.0,84.0,0,0.5959,1,0.6287,1,0.6409,1
Antwerp,20231016,Hard,R32,2023,Jaume Munar,Mark Lajal,83.0,229.0,0,0.7095,1,0.7101,1,0.6962,1
Antwerp,20231016,Hard,R32,2023,Yannick Hanfmann,Alexander Blockx,56.0,646.0,1,0.8396,1,0.8211,1,0.8379,1
Antwerp,20231016,Hard,R32,2023,Dominic Thiem,Luca Nardi,86.0,133.0,1,0.6882,1,0.6915,1,0.7001,1
Antwerp,20231016,Hard,R32,2023,Botic Van De Zandschulp,Dominic Stricker,67.0,90.0,1,0.4739,0,0.4684,0,0.4743,0
Antwerp,20231016,Hard,R16,2023,Jan Lennard Struff,Hugo Gaston,27.0,96.0,0,0.537,1,0.5775,1,0.5568,1
Antwerp,20231016,Hard,R16,2023,Maximilian Marterer,Nuno Borges,127.0,74.0,1,0.5757,1,0.5061,1,0.5164,1
Antwerp,20231016,Hard,R16,2023,Gregoire Barrere,Alexander Bublik,72.0,36.0,0,0.428,0,0.4173,0,0.4408,0
Antwerp,20231016,Hard,R16,2023,David Goffin,Giovanni Mpetshi Perricard,105.0,226.0,0,0.6052,1,0.6111,1,0.488,0
Antwerp,20231016,Hard,R16,2023,Juan Pablo Varillas,Alexander Shevchenko,69.0,84.0,1,0.5188,1,0.5233,1,0.5016,1
Antwerp,20231016,Hard,R16,2023,Arthur Fils,Mark Lajal,38.0,229.0,1,0.8056,1,0.8013,1,0.807,1
Antwerp,20231016,Hard,R16,2023,Yannick Hanfmann,Dominic Thiem,56.0,86.0,1,0.435,0,0.4411,0,0.3827,0
Antwerp,20231016,Hard,R16,2023,Botic Van De Zandschulp,Stefanos Tsitsipas,67.0,7.0,0,0.2239,0,0.1982,0,0.1495,0
Antwerp,20231016,Hard,QF,2023,Maximilian Marterer,Hugo Gaston,127.0,96.0,1,0.5619,1,0.529,1,0.4998,0
Antwerp,20231016,Hard,QF,2023,Alexander Bublik,Giovanni Mpetshi Perricard,36.0,226.0,1,0.7343,1,0.7417,1,0.765,1
Antwerp,20231016,Hard,QF,2023,Juan Pablo Varillas,Arthur Fils,69.0,38.0,0,0.3725,0,0.3529,0,0.4298,0
Antwerp,20231016,Hard,QF,2023,Yannick Hanfmann,Stefanos Tsitsipas,56.0,7.0,0,0.1688,0,0.2108,0,0.1378,0
Antwerp,20231016,Hard,SF,2023,Maximilian Marterer,Alexander Bublik,127.0,36.0,0,0.5357,1,0.408,0,0.3372,0
Antwerp,20231016,Hard,SF,2023,Stefanos Tsitsipas,Arthur Fils,7.0,38.0,0,0.7294,1,0.6942,1,0.7438,1
Antwerp,20231016,Hard,F,2023,Alexander Bublik,Arthur Fils,36.0,38.0,1,0.4325,0,0.3881,0,0.3905,0
Basel,20231023,Hard,F,2023,Hubert Hurkacz,Felix Auger Aliassime,11.0,19.0,0,0.6259,1,0.6503,1,0.6753,1
Basel,20231023,Hard,R32,2023,Alexander Bublik,Casper Ruud,30.0,8.0,0,0.3552,0,0.3273,0,0.3619,0
Basel,20231023,Hard,R32,2023,Benjamin Hassan,Dominic Stricker,163.0,96.0,0,0.3212,0,0.3932,0,0.2915,0
Basel,20231023,Hard,R32,2023,Marcos Giron,Ugo Humbert,57.0,28.0,0,0.382,0,0.3619,0,0.3385,0
Basel,20231023,Hard,R32,2023,Adrian Mannarino,Nicolas Jarry,24.0,20.0,0,0.4219,0,0.4448,0,0.4511,0
Basel,20231023,Hard,R32,2023,Dusan Lajovic,Hubert Hurkacz,53.0,11.0,0,0.2449,0,0.2283,0,0.2133,0
Basel,20231023,Hard,R32,2023,Jan Lennard Struff,Christopher Eubanks,27.0,34.0,1,0.4309,0,0.4235,0,0.391,0
Basel,20231023,Hard,R32,2023,Tallon Griekspoor,Thiago Seyboth Wild,25.0,78.0,1,0.5744,1,0.5938,1,0.6235,1
Basel,20231023,Hard,R32,2023,Diego Schwartzman,Alex De Minaur,104.0,13.0,0,0.2134,0,0.1692,0,0.1839,0
Basel,20231023,Hard,R32,2023,Felix Auger Aliassime,Leandro Riedi,19.0,162.0,1,0.7706,1,0.8199,1,0.8162,1
Basel,20231023,Hard,R32,2023,Roberto Bautista Agut,Botic Van De Zandschulp,48.0,65.0,0,0.4076,0,0.4448,0,0.458,0
Basel,20231023,Hard,R32,2023,Stan Wawrinka,Alexander Shevchenko,45.0,83.0,0,0.55,1,0.5907,1,0.4994,0
Basel,20231023,Hard,R32,2023,Taylor Fritz,Max Purcell,9.0,41.0,1,0.772,1,0.8367,1,0.81,1
Basel,20231023,Hard,R32,2023,Tomas Martin Etcheverry,Sebastian Korda,32.0,23.0,1,0.381,0,0.3413,0,0.3301,0
Basel,20231023,Hard,R32,2023,Andy Murray,Yannick Hanfmann,40.0,51.0,1,0.5413,1,0.5485,1,0.5363,1
Basel,20231023,Hard,R32,2023,Christopher Oconnell,Sebastian Baez,61.0,29.0,0,0.3979,0,0.3667,0,0.3987,0
Basel,20231023,Hard,R32,2023,Miomir Kecmanovic,Holger Rune,55.0,6.0,0,0.2646,0,0.2293,0,0.1359,0
Basel,20231023,Hard,R16,2023,Casper Ruud,Dominic Stricker,8.0,96.0,0,0.7144,1,0.6761,1,0.6345,1
Basel,20231023,Hard,R16,2023,Nicolas Jarry,Ugo Humbert,20.0,28.0,0,0.5539,1,0.5835,1,0.5409,1
Basel,20231023,Hard,R16,2023,Jan Lennard Struff,Hubert Hurkacz,27.0,11.0,0,0.2433,0,0.2763,0,0.3017,0
Basel,20231023,Hard,R16,2023,Tallon Griekspoor,Alex De Minaur,25.0,13.0,1,0.383,0,0.3668,0,0.4161,0
Basel,20231023,Hard,R16,2023,Botic Van De Zandschulp,Felix Auger Aliassime,65.0,19.0,0,0.3649,0,0.3843,0,0.368,0
Basel,20231023,Hard,R16,2023,Taylor Fritz,Alexander Shevchenko,9.0,83.0,0,0.8166,1,0.83,1,0.8093,1
Basel,20231023,Hard,R16,2023,Andy Murray,Tomas Martin Etcheverry,40.0,32.0,0,0.449,0,0.4294,0,0.3141,0
Basel,20231023,Hard,R16,2023,Sebastian Baez,Holger Rune,29.0,6.0,0,0.2968,0,0.236,0,0.2191,0
Basel,20231023,Hard,QF,2023,Ugo Humbert,Dominic Stricker,28.0,96.0,1,0.6138,1,0.612,1,0.6491,1
Basel,20231023,Hard,QF,2023,Hubert Hurkacz,Tallon Griekspoor,11.0,25.0,1,0.6786,1,0.7143,1,0.8005,1
Basel,20231023,Hard,QF,2023,Felix Auger Aliassime,Alexander Shevchenko,19.0,83.0,1,0.6955,1,0.6904,1,0.6752,1
Basel,20231023,Hard,QF,2023,Tomas Martin Etcheverry,Holger Rune,32.0,6.0,0,0.2903,0,0.2166,0,0.2144,0
Basel,20231023,Hard,SF,2023,Hubert Hurkacz,Ugo Humbert,11.0,28.0,1,0.651,1,0.6384,1,0.5954,1
Basel,20231023,Hard,SF,2023,Felix Auger Aliassime,Holger Rune,19.0,6.0,1,0.3678,0,0.3571,0,0.2932,0
Vienna,20231023,Hard,F,2023,Daniil Medvedev,Jannik Sinner,3.0,4.0,0,0.6386,1,0.532,1,0.5254,1
Vienna,20231023,Hard,R32,2023,Jannik Sinner,Ben Shelton,4.0,15.0,1,0.6827,1,0.7582,1,0.7861,1
Vienna,20231023,Hard,R32,2023,Lorenzo Sonego,Francisco Cerundolo,52.0,21.0,1,0.4375,0,0.4254,0,0.4354,0
Vienna,20231023,Hard,R32,2023,Gael Monfils,Daniel Altmaier,89.0,47.0,1,0.5927,1,0.4962,0,0.5008,1
Vienna,20231023,Hard,R32,2023,Daniel Evans,Frances Tiafoe,35.0,14.0,0,0.3287,0,0.3047,0,0.3328,0
Vienna,20231023,Hard,R32,2023,Andrey Rublev,Alexei Popyrin,5.0,39.0,1,0.7519,1,0.7367,1,0.759,1
Vienna,20231023,Hard,R32,2023,Albert Ramos,Matteo Arnaldi,93.0,46.0,0,0.2478,0,0.2668,0,0.1963,0
Vienna,20231023,Hard,R32,2023,Cameron Norrie,Filip Misolic,18.0,169.0,1,0.6714,1,0.6969,1,0.6674,1
Vienna,20231023,Hard,R32,2023,Alexander Zverev,Sebastian Ofner,10.0,44.0,1,0.7333,1,0.7685,1,0.798,1
Vienna,20231023,Hard,R32,2023,Alexandre Muller,Tommy Paul,84.0,12.0,0,0.2424,0,0.2097,0,0.1878,0
Vienna,20231023,Hard,R32,2023,Aslan Karatsev,Borna Gojo,37.0,77.0,0,0.4781,0,0.4978,0,0.3434,0
Vienna,20231023,Hard,R32,2023,Aleksandar Vukic,Tomas Machac,56.0,74.0,0,0.459,0,0.4653,0,0.4651,0
Vienna,20231023,Hard,R32,2023,Dominic Thiem,Stefanos Tsitsipas,99.0,7.0,0,0.1836,0,0.1991,0,0.1765,0
Vienna,20231023,Hard,R32,2023,Karen Khachanov,Roman Safiullin,16.0,43.0,1,0.66,1,0.6467,1,0.6081,1
Vienna,20231023,Hard,R32,2023,J J Wolf,Jiri Lehecka,59.0,31.0,0,0.4076,0,0.3575,0,0.3428,0
Vienna,20231023,Hard,R32,2023,Grigor Dimitrov,Lorenzo Musetti,17.0,22.0,1,0.5847,1,0.623,1,0.5857,1
Vienna,20231023,Hard,R32,2023,Daniil Medvedev,Arthur Fils,3.0,38.0,1,0.8732,1,0.8327,1,0.8993,1
Vienna,20231023,Hard,R16,2023,Lorenzo Sonego,Jannik Sinner,52.0,4.0,0,0.165,0,0.1663,0,0.1913,0
Vienna,20231023,Hard,R16,2023,Gael Monfils,Frances Tiafoe,89.0,14.0,0,0.3744,0,0.3846,0,0.3784,0
Vienna,20231023,Hard,R16,2023,Andrey Rublev,Matteo Arnaldi,5.0,46.0,1,0.7557,1,0.708,1,0.7109,1
Vienna,20231023,Hard,R16,2023,Alexander Zverev,Cameron Norrie,10.0,18.0,1,0.7039,1,0.7271,1,0.8429,1
Vienna,20231023,Hard,R16,2023,Tommy Paul,Borna Gojo,12.0,77.0,0,0.6206,1,0.6117,1,0.5025,1
Vienna,20231023,Hard,R16,2023,Stefanos Tsitsipas,Tomas Machac,7.0,74.0,1,0.7677,1,0.7922,1,0.8578,1
Vienna,20231023,Hard,R16,2023,Karen Khachanov,Jiri Lehecka,16.0,31.0,1,0.5802,1,0.5484,1,0.5359,1
Vienna,20231023,Hard,R16,2023,Grigor Dimitrov,Daniil Medvedev,17.0,3.0,0,0.1616,0,0.2403,0,0.2143,0
Vienna,20231023,Hard,QF,2023,Frances Tiafoe,Jannik Sinner,14.0,4.0,0,0.2532,0,0.2592,0,0.2162,0
Vienna,20231023,Hard,QF,2023,Alexander Zverev,Andrey Rublev,10.0,5.0,0,0.4417,0,0.4495,0,0.5042,1
Vienna,20231023,Hard,QF,2023,Stefanos Tsitsipas,Borna Gojo,7.0,77.0,1,0.7192,1,0.6871,1,0.7413,1
Vienna,20231023,Hard,QF,2023,Daniil Medvedev,Karen Khachanov,3.0,16.0,1,0.823,1,0.7561,1,0.7342,1
Vienna,20231023,Hard,SF,2023,Andrey Rublev,Jannik Sinner,5.0,4.0,0,0.4177,0,0.3947,0,0.3977,0
Vienna,20231023,Hard,SF,2023,Daniil Medvedev,Stefanos Tsitsipas,3.0,7.0,1,0.7407,1,0.7562,1,0.8143,1
Paris Masters,20231030,Hard,R64,2023,Tomas Martin Etcheverry,Miomir Kecmanovic,31.0,53.0,1,0.5616,1,0.5496,1,0.5612,1
Paris Masters,20231030,Hard,F,2023,Novak Djokovic,Grigor Dimitrov,1.0,17.0,1,0.9337,1,0.8898,1,0.9261,1
Paris Masters,20231030,Hard,R32,2023,Laslo Djere,Karen Khachanov,34.0,15.0,0,0.3823,0,0.4287,0,0.4403,0
Paris Masters,20231030,Hard,R32,2023,Alexander Zverev,Ugo Humbert,9.0,26.0,1,0.6548,1,0.626,1,0.5572,1
Paris Masters,20231030,Hard,R32,2023,Stefanos Tsitsipas,Felix Auger Aliassime,6.0,19.0,1,0.6545,1,0.646,1,0.6328,1
Paris Masters,20231030,Hard,R32,2023,Grigor Dimitrov,Daniil Medvedev,17.0,3.0,1,0.1609,0,0.2258,0,0.1995,0
Paris Masters,20231030,Hard,R32,2023,Nicolas Jarry,Alexander Bublik,20.0,33.0,0,0.6156,1,0.6671,1,0.6692,1
Paris Masters,20231030,Hard,R32,2023,Roberto Bautista Agut,Hubert Hurkacz,66.0,11.0,0,0.1602,0,0.1742,0,0.2032,0
Paris Masters,20231030,Hard,R32,2023,Casper Ruud,Francisco Cerundolo,8.0,21.0,0,0.6461,1,0.6041,1,0.5762,1
Paris Masters,20231030,Hard,R32,2023,Yoshihito Nishioka,Andrey Rublev,49.0,5.0,0,0.1761,0,0.2035,0,0.1641,0
Paris Masters,20231030,Hard,R32,2023,Botic Van De Zandschulp,Tommy Paul,60.0,12.0,1,0.3156,0,0.2398,0,0.2209,0
Paris Masters,20231030,Hard,R32,2023,Dusan Lajovic,Alex De Minaur,48.0,13.0,0,0.2815,0,0.2461,0,0.2219,0
Paris Masters,20231030,Hard,R32,2023,Mackenzie Mcdonald,Jannik Sinner,42.0,4.0,0,0.1426,0,0.1802,0,0.1952,0
Paris Masters,20231030,Hard,R32,2023,Dominic Thiem,Holger Rune,108.0,7.0,0,0.1745,0,0.2046,0,0.2519,0
Paris Masters,20231030,Hard,R32,2023,Taylor Fritz,Daniel Altmaier,10.0,54.0,0,0.8145,1,0.8317,1,0.8508,1
Paris Masters,20231030,Hard,R32,2023,Roman Safiullin,Carlos Alcaraz,45.0,2.0,1,0.0738,0,0.0992,0,0.0623,0
Paris Masters,20231030,Hard,R32,2023,Novak Djokovic,Tomas Martin Etcheverry,1.0,31.0,1,0.9501,1,0.8887,1,0.9226,1
Paris Masters,20231030,Hard,R16,2023,Karen Khachanov,Roman Safiullin,15.0,45.0,1,0.6704,1,0.6579,1,0.6361,1
Paris Masters,20231030,Hard,R16,2023,Alexander Zverev,Stefanos Tsitsipas,9.0,6.0,0,0.4587,0,0.4707,0,0.5425,1
Paris Masters,20231030,Hard,R16,2023,Grigor Dimitrov,Alexander Bublik,17.0,33.0,1,0.6019,1,0.6347,1,0.6357,1
Paris Masters,20231030,Hard,R16,2023,Hubert Hurkacz,Francisco Cerundolo,11.0,21.0,1,0.6897,1,0.7415,1,0.8513,1
Paris Masters,20231030,Hard,R16,2023,Botic Van De Zandschulp,Andrey Rublev,60.0,5.0,0,0.1891,0,0.1958,0,0.2141,0
Paris Masters,20231030,Hard,R16,2023,Alex De Minaur,Jannik Sinner,13.0,4.0,1,0.2493,0,0.2514,0,0.2189,0
Paris Masters,20231030,Hard,R16,2023,Daniel Altmaier,Holger Rune,54.0,7.0,0,0.1853,0,0.125,0,0.0833,0
Paris Masters,20231030,Hard,R16,2023,Novak Djokovic,Tallon Griekspoor,1.0,23.0,1,0.9449,1,0.8995,1,0.9095,1
Paris Masters,20231030,Hard,QF,2023,Karen Khachanov,Stefanos Tsitsipas,15.0,6.0,0,0.3698,0,0.4089,0,0.3829,0
Paris Masters,20231030,Hard,QF,2023,Grigor Dimitrov,Hubert Hurkacz,17.0,11.0,1,0.3718,0,0.3821,0,0.4168,0
Paris Masters,20231030,Hard,QF,2023,Andrey Rublev,Alex De Minaur,5.0,13.0,1,0.6616,1,0.557,1,0.503,1
Paris Masters,20231030,Hard,QF,2023,Novak Djokovic,Holger Rune,1.0,7.0,1,0.8863,1,0.8126,1,0.8921,1
Paris Masters,20231030,Hard,SF,2023,Grigor Dimitrov,Stefanos Tsitsipas,17.0,6.0,1,0.3262,0,0.3997,0,0.4325,0
Paris Masters,20231030,Hard,SF,2023,Novak Djokovic,Andrey Rublev,1.0,5.0,1,0.8549,1,0.8389,1,0.8782,1
Paris Masters,20231030,Hard,R32,2023,Tallon Griekspoor,Alejandro Davidovich Fokina,23.0,28.0,1,0.5291,1,0.5462,1,0.5378,1
Paris Masters,20231030,Hard,R64,2023,Alexandre Muller,Roman Safiullin,83.0,45.0,0,0.3816,0,0.3514,0,0.305,0
Paris Masters,20231030,Hard,R64,2023,Laslo Djere,Luca Van Assche,34.0,69.0,1,0.6713,1,0.7034,1,0.6994,1
Paris Masters,20231030,Hard,R64,2023,Karen Khachanov,Max Purcell,15.0,43.0,1,0.7126,1,0.7894,1,0.7607,1
Paris Masters,20231030,Hard,R64,2023,Alexander Zverev,Marton Fucsovics,9.0,52.0,1,0.7699,1,0.7797,1,0.8446,1
Paris Masters,20231030,Hard,R64,2023,Marcos Giron,Ugo Humbert,59.0,26.0,0,0.3474,0,0.3377,0,0.3131,0
Paris Masters,20231030,Hard,R64,2023,Jan Lennard Struff,Felix Auger Aliassime,27.0,19.0,0,0.3335,0,0.3274,0,0.3442,0
Paris Masters,20231030,Hard,R64,2023,Grigor Dimitrov,Lorenzo Musetti,17.0,22.0,1,0.5838,1,0.6151,1,0.6037,1
Paris Masters,20231030,Hard,R64,2023,Nicolas Jarry,Alexei Popyrin,20.0,39.0,1,0.626,1,0.6341,1,0.6341,1
Paris Masters,20231030,Hard,R64,2023,Alexander Bublik,Frances Tiafoe,33.0,14.0,1,0.3759,0,0.2727,0,0.2505,0
Paris Masters,20231030,Hard,R64,2023,Hubert Hurkacz,Sebastian Korda,11.0,24.0,1,0.6142,1,0.5923,1,0.514,1
Paris Masters,20231030,Hard,R64,2023,Roberto Bautista Agut,Jiri Lehecka,66.0,30.0,1,0.2725,0,0.2657,0,0.2064,0
Paris Masters,20231030,Hard,R64,2023,Gael Monfils,Francisco Cerundolo,79.0,21.0,0,0.4501,0,0.4469,0,0.415,0
Paris Masters,20231030,Hard,R64,2023,Yoshihito Nishioka,Jordan Thompson,49.0,55.0,1,0.5048,1,0.5239,1,0.5106,1
Paris Masters,20231030,Hard,R64,2023,Adrian Mannarino,Botic Van De Zandschulp,25.0,60.0,0,0.575,1,0.6311,1,0.5989,1
Paris Masters,20231030,Hard,R64,2023,Richard Gasquet,Tommy Paul,68.0,12.0,0,0.2474,0,0.2214,0,0.1886,0
Paris Masters,20231030,Hard,R64,2023,Andy Murray,Alex De Minaur,40.0,13.0,0,0.3099,0,0.2843,0,0.2878,0
Paris Masters,20231030,Hard,R64,2023,Dusan Lajovic,Benjamin Bonzi,48.0,77.0,1,0.4679,0,0.4429,0,0.406,0
Paris Masters,20231030,Hard,R64,2023,Mackenzie Mcdonald,J J Wolf,42.0,57.0,1,0.5142,1,0.5315,1,0.5459,1
Paris Masters,20231030,Hard,R64,2023,Stan Wawrinka,Dominic Thiem,51.0,108.0,0,0.544,1,0.5737,1,0.5704,1
Paris Masters,20231030,Hard,R64,2023,Daniel Altmaier,Arthur Fils,54.0,36.0,1,0.3472,0,0.3112,0,0.3009,0
Paris Masters,20231030,Hard,R64,2023,Taylor Fritz,Sebastian Baez,10.0,29.0,1,0.7189,1,0.6823,1,0.762,1
Paris Masters,20231030,Hard,R64,2023,Alejandro Davidovich Fokina,Ben Shelton,28.0,16.0,1,0.3451,0,0.3646,0,0.3896,0
Paris Masters,20231030,Hard,R64,2023,Christopher Eubanks,Tallon Griekspoor,32.0,23.0,0,0.4482,0,0.3825,0,0.4143,0
Metz,20231106,Hard,R32,2023,Pierre Hugues Herbert,Arthur Cazaux,344.0,123.0,1,0.3116,0,0.3399,0,0.381,0
Metz,20231106,Hard,QF,2023,Karen Khachanov,Alexander Shevchenko,15.0,63.0,0,0.7096,1,0.764,1,0.7381,1
Metz,20231106,Hard,R32,2023,Stan Wawrinka,Bernabe Zapata Miralles,53.0,81.0,1,0.5552,1,0.6026,1,0.5804,1
Metz,20231106,Hard,R32,2023,Constant Lestienne,Calvin Hemery,90.0,205.0,1,0.6402,1,0.6294,1,0.5956,1
Metz,20231106,Hard,R32,2023,Mathias Bourgue,Alexander Shevchenko,271.0,63.0,0,0.1982,0,0.2807,0,0.3113,0
Metz,20231106,Hard,R32,2023,Daniel Altmaier,Mate Valkusz,54.0,232.0,0,0.7717,1,0.72,1,0.6748,1
Metz,20231106,Hard,R32,2023,Yannick Hanfmann,Gregoire Barrere,50.0,85.0,0,0.5308,1,0.5161,1,0.5014,1
Metz,20231106,Hard,R32,2023,Botic Van De Zandschulp,Luca Van Assche,51.0,70.0,0,0.6652,1,0.6624,1,0.6035,1
Metz,20231106,Hard,R32,2023,Dominic Thiem,Matteo Martineau,95.0,299.0,1,0.7699,1,0.7407,1,0.7167,1
Metz,20231106,Hard,R32,2023,Marcos Giron,Lorenzo Sonego,59.0,49.0,0,0.4369,0,0.4002,0,0.3482,0
Metz,20231106,Hard,R32,2023,Hugo Gaston,Abedallah Shelbayh,83.0,215.0,0,0.7661,1,0.7163,1,0.7019,1
Metz,20231106,Hard,R32,2023,Fabio Fognini,Thiago Seyboth Wild,147.0,74.0,1,0.2714,0,0.2996,0,0.2915,0
Metz,20231106,Hard,R16,2023,Pierre Hugues Herbert,Gijs Brouwer,344.0,163.0,1,0.2466,0,0.3027,0,0.2456,0
Metz,20231106,Hard,F,2023,Ugo Humbert,Alexander Shevchenko,23.0,63.0,1,0.6375,1,0.6383,1,0.6344,1
Metz,20231106,Hard,R16,2023,Constant Lestienne,Karen Khachanov,90.0,15.0,0,0.174,0,0.1534,0,0.2043,0
Metz,20231106,Hard,R16,2023,Mate Valkusz,Alexander Shevchenko,232.0,63.0,0,0.2186,0,0.2804,0,0.2944,0
Metz,20231106,Hard,R16,2023,Gregoire Barrere,Harold Mayot,85.0,176.0,0,0.6963,1,0.6927,1,0.7101,1
Metz,20231106,Hard,R16,2023,Dominic Thiem,Ugo Humbert,95.0,23.0,0,0.3068,0,0.2882,0,0.258,0
Metz,20231106,Hard,R16,2023,Lorenzo Sonego,Abedallah Shelbayh,49.0,215.0,1,0.7842,1,0.7576,1,0.7644,1
Metz,20231106,Hard,R16,2023,Fabio Fognini,Alexander Bublik,147.0,32.0,1,0.1881,0,0.2414,0,0.273,0
Metz,20231106,Hard,QF,2023,Pierre Hugues Herbert,Luca Van Assche,344.0,70.0,1,0.251,0,0.336,0,0.3521,0
Metz,20231106,Hard,R16,2023,Stan Wawrinka,Luca Van Assche,53.0,70.0,0,0.5854,1,0.5995,1,0.5043,1
Metz,20231106,Hard,QF,2023,Ugo Humbert,Harold Mayot,23.0,176.0,1,0.8374,1,0.8159,1,0.8189,1
Metz,20231106,Hard,QF,2023,Fabio Fognini,Lorenzo Sonego,147.0,49.0,1,0.2087,0,0.2683,0,0.3114,0
Metz,20231106,Hard,SF,2023,Pierre Hugues Herbert,Alexander Shevchenko,344.0,63.0,0,0.1669,0,0.261,0,0.2669,0
Metz,20231106,Hard,SF,2023,Fabio Fognini,Ugo Humbert,147.0,23.0,0,0.1525,0,0.1927,0,0.2001,0
Metz,20231106,Hard,R32,2023,Yosuke Watanuki,Harold Mayot,79.0,176.0,0,0.7067,1,0.7233,1,0.7257,1
Sofia,20231106,Hard,R32,2023,Roberto Bautista Agut,Miomir Kecmanovic,60.0,56.0,1,0.4085,0,0.3692,0,0.359,0
Sofia,20231106,Hard,F,2023,Adrian Mannarino,Jack Draper,25.0,82.0,1,0.4982,0,0.5169,1,0.4238,0
Sofia,20231106,Hard,R32,2023,Sebastian Ofner,Vitaliy Sachko,44.0,166.0,1,0.7809,1,0.7532,1,0.7288,1
Sofia,20231106,Hard,R32,2023,Alexandar Lazarov,Pavel Kotov,709.0,80.0,0,0.1022,0,0.2088,0,0.1227,0
Sofia,20231106,Hard,R32,2023,Nicolas Moreno De Alboran,Jurij Rodionov,152.0,110.0,0,0.2778,0,0.2817,0,0.2694,0
Sofia,20231106,Hard,R32,2023,Marton Fucsovics,Terence Atmane,47.0,134.0,1,0.5575,1,0.5981,1,0.5813,1
Sofia,20231106,Hard,R32,2023,Albert Ramos,Roberto Carballes Baena,94.0,61.0,1,0.3749,0,0.2979,0,0.2941,0
Sofia,20231106,Hard,R32,2023,Zsombor Piros,Fabian Marozsan,121.0,62.0,0,0.4329,0,0.4492,0,0.5492,1
Sofia,20231106,Hard,R32,2023,Billy Harris,Marc Andrea Huesler,221.0,200.0,1,0.3508,0,0.3652,0,0.429,0
Sofia,20231106,Hard,R32,2023,Max Purcell,Rinky Hijikata,45.0,72.0,1,0.4252,0,0.4597,0,0.4557,0
Sofia,20231106,Hard,R32,2023,Dimitar Kuzmanov,Cem Ilkel,189.0,259.0,0,0.7411,1,0.6901,1,0.884,1
Sofia,20231106,Hard,R32,2023,Maximilian Marterer,Jack Draper,97.0,82.0,0,0.4727,0,0.4935,0,0.4945,0
Sofia,20231106,Hard,R16,2023,Albert Ramos,Adrian Mannarino,94.0,25.0,0,0.2261,0,0.1606,0,0.0664,0
Sofia,20231106,Hard,R16,2023,Christopher Oconnell,Sebastian Ofner,66.0,44.0,0,0.4099,0,0.3707,0,0.3719,0
Sofia,20231106,Hard,R16,2023,Pavel Kotov,Sebastian Baez,80.0,29.0,1,0.47,0,0.4191,0,0.4657,0
Sofia,20231106,Hard,R16,2023,Marton Fucsovics,Jurij Rodionov,47.0,110.0,1,0.494,0,0.5458,1,0.5465,1
Sofia,20231106,Hard,R16,2023,Roberto Bautista Agut,Fabian Marozsan,60.0,62.0,0,0.353,0,0.3604,0,0.3232,0
Sofia,20231106,Hard,R16,2023,Jan Lennard Struff,Billy Harris,28.0,221.0,1,0.7775,1,0.7866,1,0.8052,1
Sofia,20231106,Hard,R16,2023,Cem Ilkel,Max Purcell,259.0,45.0,1,0.2705,0,0.272,0,0.1514,0
Sofia,20231106,Hard,R16,2023,Lorenzo Musetti,Jack Draper,27.0,82.0,0,0.4609,0,0.4966,0,0.5117,1
Sofia,20231106,Hard,QF,2023,Adrian Mannarino,Sebastian Ofner,25.0,44.0,1,0.5466,1,0.6055,1,0.5367,1
Sofia,20231106,Hard,QF,2023,Marton Fucsovics,Pavel Kotov,47.0,80.0,0,0.477,0,0.4743,0,0.4548,0
Sofia,20231106,Hard,QF,2023,Jan Lennard Struff,Fabian Marozsan,28.0,62.0,1,0.4219,0,0.4629,0,0.4806,0
Sofia,20231106,Hard,QF,2023,Cem Ilkel,Jack Draper,259.0,82.0,0,0.1689,0,0.2207,0,0.1254,0
Sofia,20231106,Hard,SF,2023,Adrian Mannarino,Pavel Kotov,25.0,80.0,1,0.5699,1,0.595,1,0.4368,0
Sofia,20231106,Hard,SF,2023,Jan Lennard Struff,Jack Draper,28.0,82.0,0,0.4114,0,0.477,0,0.4392,0
Sofia,20231106,Hard,R32,2023,Christopher Oconnell,Hamad Medjedovic,66.0,107.0,1,0.3398,0,0.4228,0,0.389,0
Tour Finals,20231113,Hard,RR,2023,Novak Djokovic,Holger Rune,1.0,8.0,1,0.8819,1,0.8461,1,0.9286,1
Tour Finals,20231113,Hard,RR,2023,Alexander Zverev,Daniil Medvedev,7.0,3.0,0,0.2611,0,0.3409,0,0.3904,0
Tour Finals,20231113,Hard,RR,2023,Daniil Medvedev,Andrey Rublev,3.0,5.0,1,0.6811,1,0.65,1,0.6283,1
Tour Finals,20231113,Hard,RR,2023,Alexander Zverev,Carlos Alcaraz,7.0,2.0,1,0.2103,0,0.2748,0,0.2728,0
Tour Finals,20231113,Hard,RR,2023,Andrey Rublev,Carlos Alcaraz,5.0,2.0,0,0.2618,0,0.2977,0,0.3937,0
Tour Finals,20231113,Hard,RR,2023,Daniil Medvedev,Carlos Alcaraz,3.0,2.0,0,0.4304,0,0.4406,0,0.4919,0
Tour Finals,20231113,Hard,RR,2023,Stefanos Tsitsipas,Holger Rune,6.0,8.0,0,0.5806,1,0.569,1,0.5453,1
Tour Finals,20231113,Hard,RR,2023,Jannik Sinner,Holger Rune,4.0,8.0,1,0.7195,1,0.7672,1,0.8389,1
Tour Finals,20231113,Hard,RR,2023,Stefanos Tsitsipas,Jannik Sinner,6.0,4.0,0,0.3511,0,0.3555,0,0.3776,0
Tour Finals,20231113,Hard,RR,2023,Alexander Zverev,Andrey Rublev,7.0,5.0,1,0.4295,0,0.4011,0,0.4435,0
Tour Finals,20231113,Hard,RR,2023,Novak Djokovic,Hubert Hurkacz,1.0,9.0,1,0.8587,1,0.8569,1,0.9066,1
Tour Finals,20231113,Hard,RR,2023,Novak Djokovic,Jannik Sinner,1.0,4.0,0,0.7449,1,0.7124,1,0.7644,1
Tour Finals,20231113,Hard,SF,2023,Novak Djokovic,Carlos Alcaraz,1.0,2.0,1,0.625,1,0.6421,1,0.5548,1
Tour Finals,20231113,Hard,SF,2023,Daniil Medvedev,Jannik Sinner,3.0,4.0,0,0.5696,1,0.4734,0,0.4398,0
Tour Finals,20231113,Hard,F,2023,Novak Djokovic,Jannik Sinner,1.0,4.0,1,0.7449,1,0.7124,1,0.7644,1
Davis Cup Finals QF: CAN vs FIN,20231121,Hard,RR,2023,Milos Raonic,Patrick Kaukovalta,318.0,782.0,1,0.8112,1,0.8289,1,0.8436,1
Davis Cup Finals QF: CAN vs FIN,20231121,Hard,RR,2023,Otto Virtanen,Gabriel Diallo,171.0,139.0,1,0.5184,1,0.5131,1,0.5401,1
Davis Cup Finals QF: CZE vs AUS,20231122,Hard,RR,2023,Jordan Thompson,Tomas Machac,56.0,78.0,0,0.4711,0,0.4598,0,0.4492,0
Davis Cup Finals QF: CZE vs AUS,20231122,Hard,RR,2023,Alex De Minaur,Jiri Lehecka,12.0,31.0,1,0.6125,1,0.6271,1,0.674,1
Davis Cup Finals QF: ITA vs NED,20231123,Hard,RR,2023,Botic Van De Zandschulp,Matteo Arnaldi,51.0,44.0,1,0.4541,0,0.4075,0,0.4126,0
Davis Cup Finals QF: ITA vs NED,20231123,Hard,RR,2023,Tallon Griekspoor,Jannik Sinner,23.0,4.0,0,0.1543,0,0.1952,0,0.1712,0
Davis Cup Finals QF: SRB vs GBR,20231123,Hard,RR,2023,Novak Djokovic,Cameron Norrie,1.0,18.0,1,0.9525,1,0.9,1,0.9556,1
Davis Cup Finals QF: SRB vs GBR,20231123,Hard,RR,2023,Miomir Kecmanovic,Jack Draper,55.0,60.0,1,0.3955,0,0.3922,0,0.438,0
Davis Cup Finals SF: FIN vs AUS,20231124,Hard,RR,2023,Alexei Popyrin,Otto Virtanen,40.0,171.0,1,0.4883,0,0.5969,1,0.5919,1
Davis Cup Finals SF: FIN vs AUS,20231124,Hard,RR,2023,Alex De Minaur,Emil Ruusuvuori,12.0,69.0,1,0.6482,1,0.6429,1,0.6079,1
Davis Cup Finals SF: ITA vs SRB,20231125,Hard,RR,2023,Miomir Kecmanovic,Lorenzo Musetti,55.0,27.0,1,0.4717,0,0.4493,0,0.4498,0
Davis Cup Finals SF: ITA vs SRB,20231125,Hard,RR,2023,Novak Djokovic,Jannik Sinner,1.0,4.0,0,0.746,1,0.6966,1,0.761,1
Davis Cup Finals F: AUS vs ITA,20231126,Hard,RR,2023,Alexei Popyrin,Matteo Arnaldi,40.0,44.0,0,0.49,0,0.474,0,0.5061,1
Davis Cup Finals F: AUS vs ITA,20231126,Hard,RR,2023,Alex De Minaur,Jannik Sinner,12.0,4.0,0,0.2111,0,0.2425,0,0.2416,0
NextGen Finals,20231127,Hard,RR,2023,Hamad Medjedovic,Abedallah Shelbayh,110.0,185.0,1,0.6568,1,0.6567,1,0.5464,1
NextGen Finals,20231127,Hard,RR,2023,Abedallah Shelbayh,Alex Michelsen,185.0,97.0,1,0.4456,0,0.3791,0,0.4847,0
NextGen Finals,20231127,Hard,RR,2023,Hamad Medjedovic,Alex Michelsen,110.0,97.0,1,0.6054,1,0.5639,1,0.5847,1
NextGen Finals,20231127,Hard,RR,2023,Abedallah Shelbayh,Luca Van Assche,185.0,70.0,0,0.4428,0,0.4188,0,0.3924,0
NextGen Finals,20231127,Hard,RR,2023,Hamad Medjedovic,Luca Van Assche,110.0,70.0,1,0.6027,1,0.596,1,0.6167,1
NextGen Finals,20231127,Hard,RR,2023,Luca Van Assche,Alex Michelsen,70.0,97.0,1,0.5035,1,0.5059,1,0.5741,1
NextGen Finals,20231127,Hard,RR,2023,Flavio Cobolli,Luca Nardi,100.0,115.0,0,0.6115,1,0.6585,1,0.5871,1
NextGen Finals,20231127,Hard,RR,2023,Luca Nardi,Dominic Stricker,115.0,94.0,0,0.3162,0,0.3017,0,0.3844,0
NextGen Finals,20231127,Hard,RR,2023,Flavio Cobolli,Dominic Stricker,100.0,94.0,1,0.4206,0,0.4147,0,0.4277,0
NextGen Finals,20231127,Hard,RR,2023,Luca Nardi,Arthur Fils,115.0,36.0,0,0.2431,0,0.2583,0,0.2677,0
NextGen Finals,20231127,Hard,RR,2023,Flavio Cobolli,Arthur Fils,100.0,36.0,0,0.3352,0,0.3088,0,0.3237,0
NextGen Finals,20231127,Hard,RR,2023,Dominic Stricker,Arthur Fils,94.0,36.0,0,0.4105,0,0.3643,0,0.3472,0
NextGen Finals,20231127,Hard,SF,2023,Dominic Stricker,Hamad Medjedovic,94.0,110.0,0,0.4491,0,0.4615,0,0.4738,0
NextGen Finals,20231127,Hard,SF,2023,Luca Van Assche,Arthur Fils,70.0,36.0,0,0.3614,0,0.3011,0,0.3126,0
NextGen Finals,20231127,Hard,F,2023,Hamad Medjedovic,Arthur Fils,110.0,36.0,1,0.4612,0,0.4453,0,0.4185,0
Hong Kong,20240101,Hard,R32,2024,Roberto Bautista Agut,Fabian Marozsan,57.0,64.0,1,0.3724,0,0.3925,0,0.3658,0
Hong Kong,20240101,Hard,F,2024,Andrey Rublev,Emil Ruusuvuori,5.0,69.0,1,0.8152,1,0.8008,1,0.8233,1
Hong Kong,20240101,Hard,R32,2024,Lorenzo Musetti,Chak Lam Coleman Wong,27.0,,1,0.7927,1,0.8345,1,0.8984,1
Hong Kong,20240101,Hard,R32,2024,Benjamin Bonzi,Emil Ruusuvuori,73.0,69.0,0,0.4714,0,0.4512,0,0.4574,0
Hong Kong,20240101,Hard,R32,2024,Mackenzie Mcdonald,Sebastian Ofner,41.0,43.0,0,0.4919,0,0.5355,1,0.4959,0
Hong Kong,20240101,Hard,R32,2024,Marin Cilic,Jan Lennard Struff,674.0,25.0,0,0.1376,0,0.2654,0,0.2611,0
Hong Kong,20240101,Hard,R32,2024,Laslo Djere,Juncheng Shang,33.0,183.0,0,0.729,1,0.7183,1,0.7105,1
Hong Kong,20240101,Hard,R32,2024,Botic Van De Zandschulp,Shintaro Mochizuki,50.0,137.0,1,0.6868,1,0.6989,1,0.6619,1
Hong Kong,20240101,Hard,R32,2024,Taro Daniel,Miomir Kecmanovic,75.0,54.0,0,0.4003,0,0.3789,0,0.3837,0
Hong Kong,20240101,Hard,R32,2024,Borna Gojo,Arthur Fils,72.0,36.0,0,0.482,0,0.4763,0,0.4945,0
Hong Kong,20240101,Hard,R32,2024,Vitaliy Sachko,Marc Andrea Huesler,169.0,194.0,0,0.4087,0,0.4374,0,0.3854,0
Hong Kong,20240101,Hard,R32,2024,Liam Broady,Pedro Cachin,108.0,70.0,1,0.5602,1,0.5177,1,0.5439,1
Hong Kong,20240101,Hard,R16,2024,Karen Khachanov,Emil Ruusuvuori,15.0,69.0,0,0.74,1,0.7235,1,0.77,1
Hong Kong,20240101,Hard,R16,2024,Pavel Kotov,Lorenzo Musetti,67.0,27.0,1,0.5598,1,0.4774,0,0.5194,1
Hong Kong,20240101,Hard,R16,2024,Roberto Bautista Agut,Francisco Cerundolo,57.0,21.0,1,0.3516,0,0.3519,0,0.3019,0
Hong Kong,20240101,Hard,R16,2024,Jan Lennard Struff,Sebastian Ofner,25.0,43.0,0,0.4921,0,0.4868,0,0.4463,0
Hong Kong,20240101,Hard,R16,2024,Botic Van De Zandschulp,Juncheng Shang,50.0,183.0,0,0.7089,1,0.7033,1,0.6847,1
Hong Kong,20240101,Hard,R16,2024,Frances Tiafoe,Miomir Kecmanovic,16.0,54.0,1,0.6525,1,0.6562,1,0.6211,1
Hong Kong,20240101,Hard,R16,2024,Marc Andrea Huesler,Arthur Fils,194.0,36.0,0,0.2558,0,0.2518,0,0.2637,0
Hong Kong,20240101,Hard,R16,2024,Liam Broady,Andrey Rublev,108.0,5.0,0,0.1417,0,0.1813,0,0.126,0
Hong Kong,20240101,Hard,QF,2024,Pavel Kotov,Emil Ruusuvuori,67.0,69.0,0,0.5983,1,0.5361,1,0.5752,1
Hong Kong,20240101,Hard,QF,2024,Roberto Bautista Agut,Sebastian Ofner,57.0,43.0,0,0.4076,0,0.3864,0,0.3722,0
Hong Kong,20240101,Hard,QF,2024,Frances Tiafoe,Juncheng Shang,16.0,183.0,0,0.7973,1,0.8175,1,0.8239,1
Hong Kong,20240101,Hard,QF,2024,Andrey Rublev,Arthur Fils,5.0,36.0,1,0.711,1,0.6594,1,0.6919,1
Hong Kong,20240101,Hard,SF,2024,Sebastian Ofner,Emil Ruusuvuori,43.0,69.0,0,0.5806,1,0.5213,1,0.5165,1
Hong Kong,20240101,Hard,SF,2024,Andrey Rublev,Juncheng Shang,5.0,183.0,1,0.8848,1,0.8541,1,0.8866,1
Hong Kong,20240101,Hard,R32,2024,Nuno Borges,Pavel Kotov,66.0,67.0,0,0.346,0,0.3971,0,0.3534,0
Brisbane,20240101,Hard,R32,2024,Thanasi Kokkinakis,Rinky Hijikata,65.0,71.0,0,0.5258,1,0.5431,1,0.5966,1
Brisbane,20240101,Hard,F,2024,Grigor Dimitrov,Holger Rune,14.0,8.0,1,0.4307,0,0.4579,0,0.6034,1
Brisbane,20240101,Hard,R32,2024,Andy Murray,Grigor Dimitrov,42.0,14.0,0,0.2989,0,0.2849,0,0.2767,0
Brisbane,20240101,Hard,R32,2024,Tomas Martin Etcheverry,Tomas Machac,30.0,78.0,0,0.5698,1,0.5654,1,0.5882,1
Brisbane,20240101,Hard,R32,2024,Ugo Humbert,Alex Michelsen,20.0,97.0,1,0.7316,1,0.7104,1,0.6784,1
Brisbane,20240101,Hard,R32,2024,Jordan Thompson,Aleksandar Vukic,55.0,62.0,1,0.4884,0,0.5148,1,0.5242,1
Brisbane,20240101,Hard,R32,2024,Rafael Nadal,Dominic Thiem,672.0,98.0,1,0.1476,0,0.2648,0,0.2226,0
Brisbane,20240101,Hard,R32,2024,Jason Kubler,Aslan Karatsev,102.0,35.0,1,0.4044,0,0.383,0,0.3241,0
Brisbane,20240101,Hard,R32,2024,Lukas Klein,Sebastian Baez,170.0,28.0,1,0.268,0,0.2599,0,0.3008,0
Brisbane,20240101,Hard,R32,2024,Marton Fucsovics,Matteo Arnaldi,59.0,44.0,0,0.4294,0,0.4215,0,0.3614,0
Brisbane,20240101,Hard,R32,2024,Christopher Oconnell,Alexei Popyrin,68.0,40.0,0,0.4077,0,0.4292,0,0.4619,0
Brisbane,20240101,Hard,R32,2024,Roman Safiullin,Ben Shelton,39.0,17.0,1,0.4235,0,0.4513,0,0.4684,0
Brisbane,20240101,Hard,R32,2024,Yannick Hanfmann,Sebastian Korda,51.0,24.0,1,0.3243,0,0.3554,0,0.4091,0
Brisbane,20240101,Hard,R32,2024,James Duckworth,J J Wolf,116.0,53.0,1,0.3435,0,0.3117,0,0.2457,0
Brisbane,20240101,Hard,R32,2024,Alexander Shevchenko,Luca Van Assche,48.0,90.0,1,0.6086,1,0.62,1,0.6064,1
Brisbane,20240101,Hard,R32,2024,Max Purcell,Holger Rune,45.0,8.0,0,0.2277,0,0.1507,0,0.1268,0
Brisbane,20240101,Hard,R16,2024,Grigor Dimitrov,Daniel Altmaier,14.0,56.0,1,0.7282,1,0.7889,1,0.8133,1
Brisbane,20240101,Hard,R16,2024,Tomas Machac,Rinky Hijikata,78.0,71.0,0,0.5972,1,0.5301,1,0.5488,1
Brisbane,20240101,Hard,R16,2024,Jordan Thompson,Ugo Humbert,55.0,20.0,1,0.256,0,0.2593,0,0.2574,0
Brisbane,20240101,Hard,R16,2024,Rafael Nadal,Jason Kubler,672.0,102.0,1,0.1807,0,0.2689,0,0.2217,0
Brisbane,20240101,Hard,R16,2024,Lukas Klein,Matteo Arnaldi,170.0,44.0,0,0.2225,0,0.2299,0,0.2101,0
Brisbane,20240101,Hard,R16,2024,Roman Safiullin,Alexei Popyrin,39.0,40.0,1,0.5036,1,0.5247,1,0.5314,1
Brisbane,20240101,Hard,R16,2024,Yannick Hanfmann,James Duckworth,51.0,116.0,0,0.6095,1,0.6333,1,0.623,1
Brisbane,20240101,Hard,R16,2024,Alexander Shevchenko,Holger Rune,48.0,8.0,0,0.3117,0,0.3238,0,0.308,0
Brisbane,20240101,Hard,QF,2024,Grigor Dimitrov,Rinky Hijikata,14.0,71.0,1,0.7549,1,0.7361,1,0.7797,1
Brisbane,20240101,Hard,QF,2024,Rafael Nadal,Jordan Thompson,672.0,55.0,0,0.1519,0,0.2667,0,0.2161,0
Brisbane,20240101,Hard,QF,2024,Roman Safiullin,Matteo Arnaldi,39.0,44.0,1,0.4661,0,0.4518,0,0.4543,0
Brisbane,20240101,Hard,QF,2024,James Duckworth,Holger Rune,116.0,8.0,0,0.1298,0,0.1244,0,0.1371,0
Brisbane,20240101,Hard,SF,2024,Grigor Dimitrov,Jordan Thompson,14.0,55.0,1,0.7628,1,0.7977,1,0.8266,1
Brisbane,20240101,Hard,SF,2024,Roman Safiullin,Holger Rune,39.0,8.0,0,0.2775,0,0.2871,0,0.3077,0
Brisbane,20240101,Hard,R32,2024,Li Tu,Daniel Altmaier,225.0,56.0,0,0.2642,0,0.2825,0,0.2833,0
United Cup,20240101,Hard,RR,2024,Cameron Norrie,Taylor Fritz,18.0,10.0,0,0.3255,0,0.3024,0,0.3005,0
United Cup,20240101,Hard,F,2024,Alexander Zverev,Hubert Hurkacz,7.0,9.0,1,0.5338,1,0.4945,0,0.455,0
United Cup,20240101,Hard,RR,2024,Borna Coric,Tallon Griekspoor,37.0,23.0,1,0.3664,0,0.357,0,0.3761,0
United Cup,20240101,Hard,RR,2024,Novak Djokovic,Zhizhen Zhang,1.0,58.0,1,0.9683,1,0.8964,1,0.9604,1
United Cup,20240101,Hard,RR,2024,Novak Djokovic,Jiri Lehecka,1.0,31.0,1,0.9505,1,0.8826,1,0.9296,1
United Cup,20240101,Hard,RR,2024,Zhizhen Zhang,Jiri Lehecka,58.0,31.0,1,0.3987,0,0.3647,0,0.3878,0
United Cup,20240101,Hard,RR,2024,Alexander Zverev,Lorenzo Sonego,7.0,46.0,1,0.7473,1,0.7141,1,0.7221,1
United Cup,20240101,Hard,RR,2024,Alexander Zverev,Adrian Mannarino,7.0,22.0,1,0.7068,1,0.6048,1,0.6648,1
United Cup,20240101,Hard,RR,2024,Adrian Mannarino,Lorenzo Sonego,22.0,46.0,1,0.5515,1,0.601,1,0.5462,1
United Cup,20240101,Hard,RR,2024,Cameron Norrie,Alex De Minaur,18.0,12.0,1,0.3603,0,0.3348,0,0.3113,0
United Cup,20240101,Hard,RR,2024,Taylor Fritz,Alex De Minaur,10.0,12.0,0,0.5392,1,0.5401,1,0.515,1
United Cup,20240101,Hard,RR,2024,Casper Ruud,Tallon Griekspoor,11.0,23.0,1,0.5196,1,0.4927,0,0.5573,1
United Cup,20240101,Hard,RR,2024,Steven Diez,Nicolas Jarry,314.0,19.0,0,0.0934,0,0.144,0,0.1076,0
United Cup,20240101,Hard,RR,2024,Nicolas Jarry,Stefanos Sakellaridis,19.0,416.0,1,0.8462,1,0.8343,1,0.8453,1
United Cup,20240101,Hard,RR,2024,Steven Diez,Stefanos Tsitsipas,314.0,6.0,0,0.0479,0,0.0898,0,0.0438,0
United Cup,20240101,Hard,RR,2024,Alejandro Davidovich Fokina,Thiago Seyboth Wild,26.0,79.0,1,0.6962,1,0.7041,1,0.7302,1
United Cup,20240101,Hard,RR,2024,Hubert Hurkacz,Thiago Seyboth Wild,9.0,79.0,1,0.8324,1,0.8295,1,0.8403,1
United Cup,20240101,Hard,RR,2024,Hubert Hurkacz,Alejandro Davidovich Fokina,9.0,26.0,0,0.6848,1,0.6736,1,0.6742,1
United Cup,20240101,Hard,QF,2024,Alexander Zverev,Stefanos Tsitsipas,7.0,6.0,1,0.4914,0,0.4946,0,0.4852,0
United Cup,20240101,Hard,QF,2024,Novak Djokovic,Alex De Minaur,1.0,12.0,0,0.9101,1,0.8646,1,0.9017,1
United Cup,20240101,Hard,QF,2024,Adrian Mannarino,Casper Ruud,22.0,11.0,0,0.459,0,0.5116,1,0.546,1
United Cup,20240101,Hard,QF,2024,Zhizhen Zhang,Hubert Hurkacz,58.0,9.0,0,0.2143,0,0.2386,0,0.2189,0
United Cup,20240101,Hard,SF,2024,Alexander Zverev,Alex De Minaur,7.0,12.0,0,0.5949,1,0.5578,1,0.5449,1
United Cup,20240101,Hard,SF,2024,Adrian Mannarino,Hubert Hurkacz,22.0,9.0,0,0.3225,0,0.346,0,0.2969,0
United Cup,20240101,Hard,RR,2024,Borna Coric,Casper Ruud,37.0,11.0,0,0.349,0,0.3166,0,0.2362,0
Auckland,20240108,Hard,R16,2024,Nuno Borges,Arthur Fils,66.0,35.0,0,0.2907,0,0.2678,0,0.3079,0
Auckland,20240108,Hard,R32,2024,Alejandro Tabilo,Borna Gojo,82.0,91.0,1,0.4639,0,0.4698,0,0.4983,0
Auckland,20240108,Hard,R32,2024,Christopher Eubanks,Botic Van De Zandschulp,34.0,59.0,0,0.4652,0,0.5229,1,0.5103,1
Auckland,20240108,Hard,R32,2024,Marcos Giron,Daniel Altmaier,60.0,57.0,0,0.4323,0,0.4701,0,0.4792,0
Auckland,20240108,Hard,R32,2024,Nuno Borges,Alex Michelsen,66.0,92.0,1,0.4797,0,0.4831,0,0.4261,0
Auckland,20240108,Hard,R32,2024,Richard Gasquet,Arthur Fils,76.0,35.0,0,0.2658,0,0.2932,0,0.2521,0
Auckland,20240108,Hard,R32,2024,Max Purcell,Kiranpal Pannu,45.0,716.0,1,0.894,1,0.8264,1,0.874,1
Auckland,20240108,Hard,R32,2024,Taro Daniel,Aleksandar Vukic,74.0,63.0,1,0.4903,0,0.4941,0,0.4838,0
Auckland,20240108,Hard,R32,2024,Alexandre Muller,Benjamin Bonzi,79.0,110.0,1,0.4938,0,0.4936,0,0.4978,0
Auckland,20240108,Hard,R32,2024,Sebastian Ofner,Denis Shapovalov,37.0,116.0,1,0.7101,1,0.7097,1,0.7544,1
Auckland,20240108,Hard,R32,2024,Roberto Bautista Agut,Roberto Carballes Baena,51.0,67.0,0,0.6286,1,0.6361,1,0.626,1
Auckland,20240108,Hard,R32,2024,Gael Monfils,Fabian Marozsan,75.0,65.0,0,0.3845,0,0.3957,0,0.3343,0
Auckland,20240108,Hard,R16,2024,Cameron Norrie,Luca Van Assche,19.0,87.0,1,0.6032,1,0.6505,1,0.6801,1
Auckland,20240108,Hard,R16,2024,Botic Van De Zandschulp,Alejandro Tabilo,59.0,82.0,0,0.6208,1,0.6179,1,0.6248,1
Auckland,20240108,Hard,R16,2024,Daniel Altmaier,Felix Auger Aliassime,57.0,27.0,1,0.3616,0,0.3348,0,0.404,0
Auckland,20240108,Hard,R32,2024,J J Wolf,Luca Van Assche,54.0,87.0,0,0.5024,1,0.5626,1,0.6272,1
Auckland,20240108,Hard,R16,2024,Taro Daniel,Max Purcell,74.0,45.0,1,0.4464,0,0.454,0,0.4759,0
Auckland,20240108,Hard,R16,2024,Alexandre Muller,Francisco Cerundolo,79.0,22.0,1,0.2857,0,0.2139,0,0.235,0
Auckland,20240108,Hard,R16,2024,Roberto Carballes Baena,Sebastian Ofner,67.0,37.0,1,0.2771,0,0.3148,0,0.2764,0
Auckland,20240108,Hard,R16,2024,Fabian Marozsan,Ben Shelton,65.0,16.0,0,0.4396,0,0.4239,0,0.3987,0
Auckland,20240108,Hard,QF,2024,Cameron Norrie,Alejandro Tabilo,19.0,82.0,0,0.6438,1,0.6741,1,0.7818,1
Auckland,20240108,Hard,QF,2024,Daniel Altmaier,Arthur Fils,57.0,35.0,0,0.3558,0,0.3087,0,0.3169,0
Auckland,20240108,Hard,QF,2024,Taro Daniel,Alexandre Muller,74.0,79.0,1,0.5326,1,0.5726,1,0.5809,1
Auckland,20240108,Hard,QF,2024,Roberto Carballes Baena,Ben Shelton,67.0,16.0,0,0.2643,0,0.2989,0,0.3108,0
Auckland,20240108,Hard,SF,2024,Alejandro Tabilo,Arthur Fils,82.0,35.0,1,0.3081,0,0.2888,0,0.296,0
Auckland,20240108,Hard,SF,2024,Taro Daniel,Ben Shelton,74.0,16.0,1,0.3114,0,0.3194,0,0.2871,0
Auckland,20240108,Hard,F,2024,Taro Daniel,Alejandro Tabilo,74.0,82.0,0,0.4985,0,0.4794,0,0.5015,1
Adelaide,20240108,Hard,R32,2024,Bernabe Zapata Miralles,Matteo Arnaldi,77.0,41.0,0,0.2816,0,0.3023,0,0.329,0
Adelaide,20240108,Hard,R32,2024,Dusan Lajovic,Thanasi Kokkinakis,52.0,68.0,1,0.5355,1,0.5239,1,0.4951,0
Adelaide,20240108,Hard,R32,2024,Adam Walton,Jiri Lehecka,176.0,32.0,0,0.2251,0,0.1993,0,0.1838,0
Adelaide,20240108,Hard,R32,2024,Yannick Hanfmann,Lorenzo Sonego,49.0,46.0,0,0.4334,0,0.4019,0,0.396,0
Adelaide,20240108,Hard,R32,2024,Christopher Oconnell,Arthur Rinderknech,71.0,97.0,1,0.5715,1,0.5886,1,0.5856,1
Adelaide,20240108,Hard,R32,2024,Tomas Martin Etcheverry,Alexander Shevchenko,30.0,48.0,0,0.4801,0,0.5048,1,0.48,0
Adelaide,20240108,Hard,R32,2024,Alexander Bublik,James Mccabe,31.0,278.0,1,0.8259,1,0.8234,1,0.8259,1
Adelaide,20240108,Hard,R32,2024,Daniel Evans,Rinky Hijikata,40.0,70.0,1,0.3934,0,0.4351,0,0.328,0
Adelaide,20240108,Hard,R32,2024,Jordan Thompson,Facundo Diaz Acosta,47.0,93.0,1,0.6303,1,0.6446,1,0.6018,1
Adelaide,20240108,Hard,R32,2024,Sebastian Baez,Jack Draper,26.0,62.0,0,0.3692,0,0.4839,0,0.4816,0
Adelaide,20240108,Hard,R32,2024,Mackenzie Mcdonald,Miomir Kecmanovic,42.0,55.0,0,0.488,0,0.5044,1,0.4512,0
Adelaide,20240108,Hard,R32,2024,Alex Bolt,Thiago Seyboth Wild,325.0,78.0,1,0.3769,0,0.359,0,0.3559,0
Adelaide,20240108,Hard,R16,2024,Nicolas Jarry,Matteo Arnaldi,18.0,41.0,1,0.6012,1,0.5961,1,0.6451,1
Adelaide,20240108,Hard,R16,2024,Dusan Lajovic,Jiri Lehecka,52.0,32.0,0,0.4625,0,0.4438,0,0.4189,0
Adelaide,20240108,Hard,R16,2024,Lorenzo Sonego,Sebastian Korda,46.0,29.0,0,0.4622,0,0.4572,0,0.4662,0
Adelaide,20240108,Hard,R16,2024,Christopher Oconnell,Alexander Shevchenko,71.0,48.0,1,0.3684,0,0.3657,0,0.338,0
Adelaide,20240108,Hard,R16,2024,Daniel Evans,Alexander Bublik,40.0,31.0,0,0.3446,0,0.3746,0,0.3723,0
Adelaide,20240108,Hard,R16,2024,Jordan Thompson,Lorenzo Musetti,47.0,25.0,0,0.494,0,0.4781,0,0.5359,1
Adelaide,20240108,Hard,R16,2024,Miomir Kecmanovic,Jack Draper,55.0,62.0,0,0.4147,0,0.4163,0,0.4474,0
Adelaide,20240108,Hard,R16,2024,Alex Bolt,Tommy Paul,325.0,14.0,0,0.1437,0,0.1877,0,0.1844,0
Adelaide,20240108,Hard,QF,2024,Nicolas Jarry,Jiri Lehecka,18.0,32.0,0,0.6644,1,0.6478,1,0.6228,1
Adelaide,20240108,Hard,QF,2024,Christopher Oconnell,Sebastian Korda,71.0,29.0,0,0.382,0,0.3702,0,0.4377,0
Adelaide,20240108,Hard,QF,2024,Alexander Bublik,Lorenzo Musetti,31.0,25.0,1,0.5509,1,0.5157,1,0.6028,1
Adelaide,20240108,Hard,QF,2024,Tommy Paul,Jack Draper,14.0,62.0,0,0.5769,1,0.5363,1,0.4888,0
Adelaide,20240108,Hard,SF,2024,Sebastian Korda,Jiri Lehecka,29.0,32.0,0,0.5362,1,0.5511,1,0.588,1
Adelaide,20240108,Hard,SF,2024,Alexander Bublik,Jack Draper,31.0,62.0,0,0.452,0,0.4667,0,0.4578,0
Adelaide,20240108,Hard,F,2024,Jack Draper,Jiri Lehecka,62.0,32.0,0,0.5879,1,0.5202,1,0.602,1
Australian Open,20240115,Hard,R16,2024,Taylor Fritz,Stefanos Tsitsipas,12.0,7.0,1,0.4836,0,0.5178,1,0.635,1
Australian Open,20240115,Hard,F,2024,Daniil Medvedev,Jannik Sinner,3.0,4.0,0,0.5046,1,0.4684,0,0.4297,0
Australian Open,20240115,Hard,R128,2024,Gael Monfils,Yannick Hanfmann,76.0,52.0,1,0.4897,0,0.4645,0,0.4311,0
Australian Open,20240115,Hard,R128,2024,Andy Murray,Tomas Martin Etcheverry,44.0,32.0,0,0.4403,0,0.4213,0,0.3108,0
Australian Open,20240115,Hard,R128,2024,Stan Wawrinka,Adrian Mannarino,56.0,19.0,0,0.3783,0,0.3456,0,0.3418,0
Australian Open,20240115,Hard,R128,2024,Jaume Munar,Alexander Shevchenko,82.0,48.0,1,0.2926,0,0.291,0,0.2724,0
Australian Open,20240115,Hard,R128,2024,Christopher Oconnell,Cristian Garin,68.0,86.0,1,0.5732,1,0.5464,1,0.5577,1
Australian Open,20240115,Hard,R128,2024,Roberto Bautista Agut,Ben Shelton,72.0,16.0,0,0.2715,0,0.2999,0,0.2812,0
Australian Open,20240115,Hard,R128,2024,Taylor Fritz,Facundo Diaz Acosta,12.0,90.0,1,0.814,1,0.844,1,0.8079,1
Australian Open,20240115,Hard,R128,2024,Roberto Carballes Baena,Hugo Gaston,63.0,97.0,0,0.5491,1,0.5213,1,0.4728,0
Australian Open,20240115,Hard,R128,2024,Marin Cilic,Fabian Marozsan,,67.0,0,0.424,0,0.2914,0,0.1604,0
Australian Open,20240115,Hard,R128,2024,Francisco Cerundolo,Dane Sweeny,21.0,257.0,1,0.769,1,0.7463,1,0.782,1
Australian Open,20240115,Hard,R128,2024,Benjamin Bonzi,Lorenzo Musetti,106.0,28.0,0,0.3603,0,0.3324,0,0.2947,0
Australian Open,20240115,Hard,R128,2024,James Duckworth,Luca Van Assche,95.0,79.0,0,0.4767,0,0.4556,0,0.3934,0
Australian Open,20240115,Hard,R128,2024,Jordan Thompson,Aleksandar Vukic,47.0,64.0,1,0.5974,1,0.622,1,0.6342,1
Australian Open,20240115,Hard,R128,2024,Stefanos Tsitsipas,Zizou Bergs,7.0,129.0,1,0.8599,1,0.8474,1,0.8954,1
Australian Open,20240115,Hard,R128,2024,Botic Van De Zandschulp,Jannik Sinner,59.0,4.0,0,0.1082,0,0.0853,0,0.0802,0
Australian Open,20240115,Hard,R128,2024,Pedro Cachin,Jesper De Jong,74.0,161.0,0,0.6269,1,0.6408,1,0.6189,1
Australian Open,20240115,Hard,R128,2024,Jason Kubler,Daniel Elahi Galan,113.0,87.0,0,0.5784,1,0.574,1,0.6156,1
Australian Open,20240115,Hard,R128,2024,J J Wolf,Sebastian Baez,57.0,29.0,0,0.4786,0,0.4368,0,0.4765,0
Australian Open,20240115,Hard,R128,2024,Borna Coric,Frances Tiafoe,40.0,17.0,0,0.4129,0,0.417,0,0.4233,0
Australian Open,20240115,Hard,R128,2024,Tomas Machac,Shintaro Mochizuki,75.0,136.0,1,0.6806,1,0.6968,1,0.7058,1
Australian Open,20240115,Hard,R128,2024,Alejandro Tabilo,Aleksandar Kovacevic,49.0,101.0,0,0.7706,1,0.7176,1,0.7552,1
Australian Open,20240115,Hard,R128,2024,Karen Khachanov,Daniel Altmaier,15.0,50.0,1,0.668,1,0.7239,1,0.7233,1
Australian Open,20240115,Hard,R128,2024,Milos Raonic,Alex De Minaur,319.0,10.0,0,0.2219,0,0.3495,0,0.3339,0
Australian Open,20240115,Hard,R128,2024,Adam Walton,Matteo Arnaldi,174.0,41.0,0,0.203,0,0.2045,0,0.2358,0
Australian Open,20240115,Hard,R128,2024,Arthur Rinderknech,Pavel Kotov,94.0,65.0,0,0.3267,0,0.3295,0,0.4058,0
Australian Open,20240115,Hard,R128,2024,Nicolas Jarry,Flavio Cobolli,18.0,100.0,0,0.7354,1,0.7772,1,0.782,1
Australian Open,20240115,Hard,R128,2024,Vit Kopriva,Sebastian Korda,132.0,26.0,0,0.1629,0,0.1947,0,0.1839,0
Australian Open,20240115,Hard,R128,2024,Quentin Halys,Lloyd Harris,110.0,167.0,1,0.547,1,0.5605,1,0.4776,0
Australian Open,20240115,Hard,R128,2024,Taro Daniel,Christopher Eubanks,58.0,35.0,0,0.5427,1,0.4857,0,0.5324,1
Australian Open,20240115,Hard,R128,2024,Andrey Rublev,Thiago Seyboth Wild,5.0,77.0,1,0.8818,1,0.8698,1,0.8894,1
Australian Open,20240115,Hard,R128,2024,Yoshihito Nishioka,Holger Rune,61.0,8.0,0,0.1636,0,0.2072,0,0.1718,0
Australian Open,20240115,Hard,R128,2024,Laslo Djere,Arthur Cazaux,33.0,122.0,0,0.6916,1,0.7301,1,0.7388,1
Australian Open,20240115,Hard,R128,2024,Jiri Vesely,Arthur Fils,293.0,34.0,0,0.1985,0,0.2618,0,0.3067,0
Australian Open,20240115,Hard,R128,2024,Roman Safiullin,Tallon Griekspoor,36.0,31.0,0,0.575,1,0.5116,1,0.5816,1
Australian Open,20240115,Hard,R128,2024,David Goffin,Ugo Humbert,112.0,20.0,0,0.2011,0,0.2177,0,0.235,0
Australian Open,20240115,Hard,R128,2024,Federico Coria,Zhizhen Zhang,84.0,54.0,0,0.2836,0,0.3056,0,0.2381,0
Australian Open,20240115,Hard,R128,2024,Denis Shapovalov,Jakub Mensik,114.0,142.0,0,0.4051,0,0.4406,0,0.3912,0
Australian Open,20240115,Hard,R128,2024,Omar Jasika,Hubert Hurkacz,343.0,9.0,0,0.0679,0,0.0693,0,0.0353,0
Australian Open,20240115,Hard,R128,2024,Grigor Dimitrov,Marton Fucsovics,13.0,70.0,1,0.7547,1,0.8121,1,0.8236,1
Australian Open,20240115,Hard,R128,2024,Thanasi Kokkinakis,Sebastian Ofner,80.0,37.0,1,0.3408,0,0.3291,0,0.3307,0
Australian Open,20240115,Hard,R128,2024,Maximilian Marterer,Nuno Borges,96.0,69.0,0,0.4663,0,0.4444,0,0.3791,0
Australian Open,20240115,Hard,R128,2024,Constant Lestienne,Alejandro Davidovich Fokina,99.0,24.0,0,0.2302,0,0.1807,0,0.1904,0
Australian Open,20240115,Hard,R128,2024,Dominic Thiem,Felix Auger Aliassime,92.0,30.0,0,0.3663,0,0.395,0,0.4727,0
Australian Open,20240115,Hard,R128,2024,Alexandre Muller,Hugo Grenier,73.0,178.0,0,0.7425,1,0.6874,1,0.7218,1
Australian Open,20240115,Hard,R128,2024,Emil Ruusuvuori,Patrick Kypson,53.0,183.0,1,0.8158,1,0.7794,1,0.8282,1
Australian Open,20240115,Hard,R128,2024,Daniil Medvedev,Terence Atmane,3.0,144.0,1,0.9431,1,0.9246,1,0.9361,1
Australian Open,20240115,Hard,R128,2024,Alexander Zverev,Dominik Koepfer,6.0,62.0,1,0.851,1,0.799,1,0.8552,1
Australian Open,20240115,Hard,R128,2024,Soon Woo Kwon,Lukas Klein,697.0,163.0,0,0.1754,0,0.2528,0,0.1309,0
Australian Open,20240115,Hard,R128,2024,James Mccabe,Alex Michelsen,269.0,91.0,0,0.3088,0,0.2979,0,0.392,0
Australian Open,20240115,Hard,R128,2024,Bernabe Zapata Miralles,Jiri Lehecka,78.0,23.0,0,0.2417,0,0.2364,0,0.2297,0
Australian Open,20240115,Hard,R128,2024,Cameron Norrie,Juan Pablo Varillas,22.0,81.0,1,0.6782,1,0.6996,1,0.727,1
Australian Open,20240115,Hard,R128,2024,Dusan Lajovic,Giulio Zeppieri,51.0,133.0,0,0.7167,1,0.6985,1,0.6448,1
Australian Open,20240115,Hard,R128,2024,Max Purcell,Mate Valkusz,45.0,214.0,1,0.5828,1,0.6178,1,0.7165,1
Australian Open,20240115,Hard,R128,2024,Albert Ramos,Casper Ruud,85.0,11.0,0,0.1799,0,0.1837,0,0.1403,0
Australian Open,20240115,Hard,R128,2024,Gregoire Barrere,Tommy Paul,83.0,14.0,0,0.2852,0,0.2439,0,0.219,0
Australian Open,20240115,Hard,R128,2024,Marcos Giron,Jack Draper,66.0,55.0,0,0.2829,0,0.3158,0,0.3762,0
Australian Open,20240115,Hard,R128,2024,Yosuke Watanuki,Miomir Kecmanovic,102.0,60.0,0,0.364,0,0.3506,0,0.3497,0
Australian Open,20240115,Hard,R128,2024,Jan Lennard Struff,Rinky Hijikata,25.0,71.0,1,0.563,1,0.5395,1,0.5064,1
Australian Open,20240115,Hard,R128,2024,Sumit Nagal,Alexander Bublik,137.0,27.0,1,0.3359,0,0.3077,0,0.194,0
Australian Open,20240115,Hard,R128,2024,Mackenzie Mcdonald,Juncheng Shang,42.0,140.0,0,0.4666,0,0.5708,1,0.5458,1
Australian Open,20240115,Hard,R128,2024,Daniel Evans,Lorenzo Sonego,38.0,46.0,0,0.4547,0,0.4608,0,0.4309,0
Australian Open,20240115,Hard,R128,2024,Richard Gasquet,Carlos Alcaraz,131.0,2.0,0,0.0343,0,0.075,0,0.0202,0
Australian Open,20240115,Hard,R64,2024,Novak Djokovic,Alexei Popyrin,1.0,43.0,1,0.9436,1,0.8933,1,0.9385,1
Australian Open,20240115,Hard,R64,2024,Gael Monfils,Tomas Martin Etcheverry,76.0,32.0,0,0.4191,0,0.4242,0,0.2881,0
Australian Open,20240115,Hard,R64,2024,Adrian Mannarino,Jaume Munar,19.0,82.0,1,0.7399,1,0.7471,1,0.6787,1
Australian Open,20240115,Hard,R64,2024,Christopher Oconnell,Ben Shelton,68.0,16.0,0,0.3033,0,0.3138,0,0.283,0
Australian Open,20240115,Hard,R64,2024,Taylor Fritz,Hugo Gaston,12.0,97.0,1,0.7971,1,0.8291,1,0.8084,1
Australian Open,20240115,Hard,R64,2024,Francisco Cerundolo,Fabian Marozsan,21.0,67.0,0,0.4899,0,0.5277,1,0.5767,1
Australian Open,20240115,Hard,R64,2024,Lorenzo Musetti,Luca Van Assche,28.0,79.0,0,0.5576,1,0.599,1,0.6225,1
Australian Open,20240115,Hard,R64,2024,Jordan Thompson,Stefanos Tsitsipas,47.0,7.0,0,0.2742,0,0.2597,0,0.2513,0
Australian Open,20240115,Hard,R64,2024,Jannik Sinner,Jesper De Jong,4.0,161.0,1,0.9665,1,0.9593,1,0.9722,1
Australian Open,20240115,Hard,R64,2024,Daniel Elahi Galan,Sebastian Baez,87.0,29.0,0,0.3815,0,0.3017,0,0.3445,0
Australian Open,20240115,Hard,R64,2024,Frances Tiafoe,Tomas Machac,17.0,75.0,0,0.5926,1,0.5676,1,0.5281,1
Australian Open,20240115,Hard,R64,2024,Karen Khachanov,Aleksandar Kovacevic,15.0,101.0,1,0.7823,1,0.816,1,0.8133,1
Australian Open,20240115,Hard,R64,2024,Alex De Minaur,Matteo Arnaldi,10.0,41.0,1,0.6567,1,0.6755,1,0.7366,1
Australian Open,20240115,Hard,R64,2024,Pavel Kotov,Flavio Cobolli,65.0,100.0,0,0.6274,1,0.6152,1,0.6438,1
Australian Open,20240115,Hard,R64,2024,Quentin Halys,Sebastian Korda,110.0,26.0,0,0.2639,0,0.2662,0,0.2793,0
Australian Open,20240115,Hard,R64,2024,Christopher Eubanks,Andrey Rublev,35.0,5.0,0,0.1855,0,0.1728,0,0.198,0
Australian Open,20240115,Hard,R64,2024,Holger Rune,Arthur Cazaux,8.0,122.0,0,0.8824,1,0.8888,1,0.8784,1
Australian Open,20240115,Hard,R64,2024,Tallon Griekspoor,Arthur Fils,31.0,34.0,1,0.3676,0,0.4342,0,0.3558,0
Australian Open,20240115,Hard,R64,2024,Zhizhen Zhang,Ugo Humbert,54.0,20.0,0,0.3298,0,0.2938,0,0.2815,0
Australian Open,20240115,Hard,R64,2024,Hubert Hurkacz,Jakub Mensik,9.0,142.0,1,0.7596,1,0.7226,1,0.7565,1
Australian Open,20240115,Hard,R64,2024,Grigor Dimitrov,Thanasi Kokkinakis,13.0,80.0,1,0.797,1,0.8108,1,0.788,1
Australian Open,20240115,Hard,R64,2024,Nuno Borges,Alejandro Davidovich Fokina,69.0,24.0,1,0.2981,0,0.2662,0,0.294,0
Australian Open,20240115,Hard,R64,2024,Hugo Grenier,Felix Auger Aliassime,178.0,30.0,0,0.2231,0,0.2251,0,0.2031,0
Australian Open,20240115,Hard,R64,2024,Daniil Medvedev,Emil Ruusuvuori,3.0,53.0,1,0.869,1,0.8219,1,0.9074,1
Australian Open,20240115,Hard,R64,2024,Alexander Zverev,Lukas Klein,6.0,163.0,1,0.8699,1,0.8581,1,0.8458,1
Australian Open,20240115,Hard,R64,2024,Jiri Lehecka,Alex Michelsen,23.0,91.0,0,0.706,1,0.7223,1,0.7251,1
Australian Open,20240115,Hard,R64,2024,Cameron Norrie,Giulio Zeppieri,22.0,133.0,1,0.7669,1,0.78,1,0.8089,1
Australian Open,20240115,Hard,R64,2024,Max Purcell,Casper Ruud,45.0,11.0,0,0.2579,0,0.1912,0,0.1899,0
Australian Open,20240115,Hard,R64,2024,Tommy Paul,Jack Draper,14.0,55.0,1,0.5578,1,0.5332,1,0.4925,0
Australian Open,20240115,Hard,R64,2024,Jan Lennard Struff,Miomir Kecmanovic,25.0,60.0,0,0.5264,1,0.5295,1,0.4856,0
Australian Open,20240115,Hard,R64,2024,Sumit Nagal,Juncheng Shang,137.0,140.0,0,0.4294,0,0.535,1,0.4994,0
Australian Open,20240115,Hard,R64,2024,Lorenzo Sonego,Carlos Alcaraz,46.0,2.0,0,0.0827,0,0.1377,0,0.0911,0
Australian Open,20240115,Hard,R32,2024,Novak Djokovic,Tomas Martin Etcheverry,1.0,32.0,1,0.9544,1,0.8868,1,0.9457,1
Australian Open,20240115,Hard,R32,2024,Adrian Mannarino,Ben Shelton,19.0,16.0,1,0.4105,0,0.4315,0,0.3883,0
Australian Open,20240115,Hard,R32,2024,Taylor Fritz,Fabian Marozsan,12.0,67.0,1,0.6856,1,0.6792,1,0.7341,1
Australian Open,20240115,Hard,R32,2024,Stefanos Tsitsipas,Luca Van Assche,7.0,79.0,1,0.758,1,0.7958,1,0.8738,1
Australian Open,20240115,Hard,R32,2024,Sebastian Baez,Jannik Sinner,29.0,4.0,0,0.0894,0,0.1462,0,0.156,0
Australian Open,20240115,Hard,R32,2024,Karen Khachanov,Tomas Machac,15.0,75.0,1,0.6231,1,0.6214,1,0.5923,1
Australian Open,20240115,Hard,R32,2024,Alex De Minaur,Flavio Cobolli,10.0,100.0,1,0.7755,1,0.8072,1,0.7619,1
Australian Open,20240115,Hard,R32,2024,Andrey Rublev,Sebastian Korda,5.0,26.0,1,0.7148,1,0.6809,1,0.6697,1
Australian Open,20240115,Hard,R32,2024,Tallon Griekspoor,Arthur Cazaux,31.0,122.0,0,0.7032,1,0.7344,1,0.6972,1
Australian Open,20240115,Hard,R32,2024,Hubert Hurkacz,Ugo Humbert,9.0,20.0,1,0.5783,1,0.6062,1,0.611,1
Australian Open,20240115,Hard,R32,2024,Grigor Dimitrov,Nuno Borges,13.0,69.0,0,0.7763,1,0.8344,1,0.8161,1
Australian Open,20240115,Hard,R32,2024,Daniil Medvedev,Felix Auger Aliassime,3.0,30.0,1,0.8851,1,0.8691,1,0.924,1
Australian Open,20240115,Hard,R32,2024,Alexander Zverev,Alex Michelsen,6.0,91.0,1,0.8533,1,0.8417,1,0.8864,1
Australian Open,20240115,Hard,R32,2024,Cameron Norrie,Casper Ruud,22.0,11.0,1,0.3089,0,0.3484,0,0.4528,0
Australian Open,20240115,Hard,R32,2024,Tommy Paul,Miomir Kecmanovic,14.0,60.0,0,0.6569,1,0.6457,1,0.6276,1
Australian Open,20240115,Hard,R32,2024,Carlos Alcaraz,Juncheng Shang,2.0,140.0,1,0.9261,1,0.844,1,0.9397,1
Australian Open,20240115,Hard,R16,2024,Novak Djokovic,Adrian Mannarino,1.0,19.0,1,0.9365,1,0.865,1,0.892,1
Australian Open,20240115,Hard,R128,2024,Novak Djokovic,Dino Prizmic,1.0,187.0,1,0.9779,1,0.8882,1,0.948,1
Australian Open,20240115,Hard,R16,2024,Karen Khachanov,Jannik Sinner,15.0,4.0,0,0.1778,0,0.23,0,0.2414,0
Australian Open,20240115,Hard,R16,2024,Andrey Rublev,Alex De Minaur,5.0,10.0,1,0.6148,1,0.542,1,0.4919,0
Australian Open,20240115,Hard,R16,2024,Hubert Hurkacz,Arthur Cazaux,9.0,122.0,1,0.8683,1,0.8854,1,0.9159,1
Australian Open,20240115,Hard,R16,2024,Daniil Medvedev,Nuno Borges,3.0,69.0,1,0.9191,1,0.8888,1,0.9238,1
Australian Open,20240115,Hard,R16,2024,Alexander Zverev,Cameron Norrie,6.0,22.0,1,0.7736,1,0.7776,1,0.783,1
Australian Open,20240115,Hard,R16,2024,Miomir Kecmanovic,Carlos Alcaraz,60.0,2.0,0,0.0823,0,0.1209,0,0.0385,0
Australian Open,20240115,Hard,QF,2024,Novak Djokovic,Taylor Fritz,1.0,12.0,1,0.8908,1,0.7776,1,0.7552,1
Australian Open,20240115,Hard,QF,2024,Andrey Rublev,Jannik Sinner,5.0,4.0,0,0.3177,0,0.3159,0,0.2847,0
Australian Open,20240115,Hard,QF,2024,Daniil Medvedev,Hubert Hurkacz,3.0,9.0,1,0.7645,1,0.7105,1,0.7701,1
Australian Open,20240115,Hard,R128,2024,Marc Polmans,Alexei Popyrin,154.0,43.0,0,0.3215,0,0.2779,0,0.217,0
Australian Open,20240115,Hard,SF,2024,Novak Djokovic,Jannik Sinner,1.0,4.0,0,0.6996,1,0.5945,1,0.593,1
Australian Open,20240115,Hard,SF,2024,Alexander Zverev,Daniil Medvedev,6.0,3.0,0,0.3103,0,0.4057,0,0.4805,0
Australian Open,20240115,Hard,QF,2024,Alexander Zverev,Carlos Alcaraz,6.0,2.0,1,0.2536,0,0.3324,0,0.3096,0
Montpellier,20240129,Hard,R32,2024,Denis Shapovalov,Hugo Gaston,137.0,88.0,1,0.3619,0,0.3325,0,0.2804,0
Montpellier,20240129,Hard,QF,2024,Felix Auger Aliassime,Harold Mayot,30.0,144.0,1,0.6878,1,0.6753,1,0.7628,1
Montpellier,20240129,Hard,R32,2024,Dalibor Svrcina,Alexander Shevchenko,194.0,59.0,0,0.3418,0,0.3239,0,0.2771,0
Montpellier,20240129,Hard,R32,2024,Maximilian Marterer,Arthur Cazaux,92.0,83.0,0,0.3627,0,0.4274,0,0.4781,0
Montpellier,20240129,Hard,R32,2024,Lucas Pouille,Harold Mayot,315.0,144.0,0,0.2456,0,0.3304,0,0.4407,0
Montpellier,20240129,Hard,R32,2024,Andy Murray,Benoit Paire,49.0,112.0,0,0.6703,1,0.6753,1,0.6812,1
Montpellier,20240129,Hard,R32,2024,Gael Monfils,Flavio Cobolli,70.0,76.0,0,0.4566,0,0.4821,0,0.3802,0
Montpellier,20240129,Hard,R32,2024,Gregoire Barrere,Ugo Blanchet,104.0,214.0,1,0.7005,1,0.6762,1,0.6768,1
Montpellier,20240129,Hard,R32,2024,Pedro Martinez,Jaume Munar,99.0,75.0,1,0.413,0,0.3648,0,0.3354,0
Montpellier,20240129,Hard,R32,2024,Antoine Escoffier,Alexandre Muller,172.0,71.0,0,0.2478,0,0.2753,0,0.2508,0
Montpellier,20240129,Hard,R32,2024,Michael Mmoh,Benjamin Bonzi,133.0,126.0,1,0.5594,1,0.5758,1,0.5978,1
Montpellier,20240129,Hard,R32,2024,Richard Gasquet,Pablo Llamas Ruiz,130.0,156.0,0,0.5335,1,0.5649,1,0.452,0
Montpellier,20240129,Hard,R16,2024,Alexander Bublik,Denis Shapovalov,27.0,137.0,1,0.7418,1,0.7197,1,0.7851,1
Montpellier,20240129,Hard,R16,2024,Gregoire Barrere,Alexander Shevchenko,104.0,59.0,0,0.3622,0,0.3563,0,0.3148,0
Montpellier,20240129,Hard,R16,2024,Felix Auger Aliassime,Arthur Cazaux,30.0,83.0,1,0.5641,1,0.5783,1,0.6651,1
Montpellier,20240129,Hard,R16,2024,Benoit Paire,Harold Mayot,112.0,144.0,0,0.3574,0,0.4389,0,0.2405,0
Montpellier,20240129,Hard,R16,2024,Constant Lestienne,Flavio Cobolli,106.0,76.0,0,0.276,0,0.2898,0,0.4185,0
Montpellier,20240129,Hard,R16,2024,Borna Coric,Pedro Martinez,37.0,99.0,1,0.6761,1,0.7034,1,0.7105,1
Montpellier,20240129,Hard,R16,2024,Michael Mmoh,Alexandre Muller,133.0,71.0,1,0.4513,0,0.4933,0,0.4843,0
Montpellier,20240129,Hard,R16,2024,Pablo Llamas Ruiz,Holger Rune,156.0,7.0,0,0.1075,0,0.1369,0,0.0755,0
Montpellier,20240129,Hard,QF,2024,Alexander Bublik,Alexander Shevchenko,27.0,59.0,1,0.5814,1,0.5523,1,0.5479,1
Montpellier,20240129,Hard,F,2024,Borna Coric,Alexander Bublik,37.0,27.0,0,0.4372,0,0.4081,0,0.3718,0
Montpellier,20240129,Hard,QF,2024,Borna Coric,Flavio Cobolli,37.0,76.0,1,0.5168,1,0.5098,1,0.4751,0
Montpellier,20240129,Hard,QF,2024,Michael Mmoh,Holger Rune,133.0,7.0,0,0.1794,0,0.2177,0,0.2134,0
Montpellier,20240129,Hard,SF,2024,Alexander Bublik,Felix Auger Aliassime,27.0,30.0,1,0.4888,0,0.4575,0,0.4581,0
Montpellier,20240129,Hard,SF,2024,Borna Coric,Holger Rune,37.0,7.0,1,0.2583,0,0.291,0,0.314,0
Montpellier,20240129,Hard,R32,2024,Constant Lestienne,Bernabe Zapata Miralles,106.0,80.0,1,0.4262,0,0.3592,0,0.3547,0
Davis Cup QLS R1: UKR vs USA,20240201,Hard,RR,2024,Christopher Eubanks,Viacheslav Bielinskyi,32.0,498.0,1,0.9436,1,0.8291,1,0.9251,1
Davis Cup QLS R1: UKR vs USA,20240201,Hard,RR,2024,Sebastian Korda,Oleksii Krutykh,33.0,342.0,1,0.7847,1,0.7352,1,0.7847,1
Davis Cup QLS R1: UKR vs USA,20240201,Hard,RR,2024,Taylor Fritz,Vladyslav Orlov,9.0,598.0,1,0.9381,1,0.8303,1,0.9382,1
Davis Cup QLS R1: CAN vs KOR,20240202,Hard,RR,2024,Soon Woo Kwon,Gabriel Diallo,700.0,132.0,0,0.1699,0,0.2875,0,0.3148,0
Davis Cup QLS R1: CAN vs KOR,20240202,Hard,RR,2024,Vasek Pospisil,Seong Chan Hong,486.0,224.0,1,0.455,0,0.396,0,0.4019,0
Davis Cup QLS R1: CAN vs KOR,20240202,Hard,RR,2024,Seong Chan Hong,Gabriel Diallo,224.0,132.0,0,0.3385,0,0.3179,0,0.2517,0
Davis Cup QLS R1: FIN vs POR,20240202,Hard,RR,2024,Nuno Borges,Otto Virtanen,47.0,166.0,0,0.6251,1,0.6328,1,0.6314,1
Davis Cup QLS R1: FIN vs POR,20240202,Hard,RR,2024,Joao Sousa,Emil Ruusuvuori,245.0,55.0,0,0.3119,0,0.3056,0,0.4505,0
Davis Cup QLS R1: FIN vs POR,20240202,Hard,RR,2024,Eero Vasa,Henrique Rocha,1005.0,243.0,0,0.1668,0,0.328,0,0.4204,0
Davis Cup QLS R1: HUN vs GER,20240202,Hard,RR,2024,Dominik Koepfer,Fabian Marozsan,60.0,57.0,1,0.3752,0,0.3814,0,0.4211,0
Davis Cup QLS R1: HUN vs GER,20240202,Hard,RR,2024,Jan Lennard Struff,Marton Fucsovics,24.0,82.0,0,0.6483,1,0.6531,1,0.7077,1
Davis Cup QLS R1: HUN vs GER,20240202,Hard,RR,2024,Jan Lennard Struff,Mate Valkusz,24.0,213.0,1,0.7301,1,0.758,1,0.762,1
Davis Cup QLS R1: HUN vs GER,20240202,Hard,RR,2024,Kevin Krawietz,Zsombor Piros,,129.0,0,0.5094,1,0.371,0,0.371,0
Davis Cup QLS R1: NED vs SUI,20240202,Hard,RR,2024,Tallon Griekspoor,Leandro Riedi,29.0,175.0,1,0.7416,1,0.7524,1,0.7666,1
Davis Cup QLS R1: NED vs SUI,20240202,Hard,RR,2024,Botic Van De Zandschulp,Leandro Riedi,63.0,175.0,0,0.6938,1,0.7112,1,0.6828,1
Davis Cup QLS R1: NED vs SUI,20240202,Hard,RR,2024,Tallon Griekspoor,Marc Andrea Huesler,29.0,199.0,1,0.6631,1,0.6529,1,0.6492,1
Davis Cup QLS R1: NED vs SUI,20240202,Hard,RR,2024,Botic Van De Zandschulp,Marc Andrea Huesler,63.0,199.0,1,0.6085,1,0.6003,1,0.5782,1
Davis Cup QLS R1: SRB vs SVK,20240202,Clay,RR,2024,Lukas Klein,Miomir Kecmanovic,142.0,41.0,1,0.2851,0,0.2881,0,0.3265,0
Davis Cup QLS R1: SRB vs SVK,20240202,Clay,RR,2024,Dusan Lajovic,Alex Molcan,53.0,122.0,0,0.6135,1,0.6444,1,0.614,1
Davis Cup QLS R1: SRB vs SVK,20240202,Clay,RR,2024,Laslo Djere,Lukas Pokorny,34.0,589.0,0,0.8776,1,0.8559,1,0.8682,1
Davis Cup QLS R1: SWE vs BRA,20240202,Hard,RR,2024,Thiago Monteiro,Karl Friberg,119.0,364.0,1,0.7228,1,0.6997,1,0.7103,1
Davis Cup QLS R1: SWE vs BRA,20240202,Hard,RR,2024,Elias Ymer,Gustavo Heide,160.0,241.0,1,0.6035,1,0.6343,1,0.5954,1
Davis Cup QLS R1: SWE vs BRA,20240202,Hard,RR,2024,Thiago Monteiro,Elias Ymer,119.0,160.0,1,0.5537,1,0.5797,1,0.5827,1
Davis Cup WG1 PO: COL vs LUX,20240202,Clay,RR,2024,Nicolas Mejia,Chris Rodesch,411.0,648.0,0,0.581,1,0.6066,1,0.595,1
Davis Cup WG1 PO: COL vs LUX,20240202,Clay,RR,2024,Alex Knaff,Adria Soriano Barrera,500.0,593.0,1,0.6969,1,0.6514,1,0.5887,1
Davis Cup WG1 PO: COL vs LUX,20240202,Clay,RR,2024,Alex Knaff,Nicolas Mejia,500.0,411.0,0,0.4949,0,0.4708,0,0.5072,1
Davis Cup WG1 PO: COL vs LUX,20240202,Clay,RR,2024,Adria Soriano Barrera,Chris Rodesch,593.0,648.0,1,0.369,0,0.4164,0,0.3681,0
Davis Cup WG1 PO: EGY vs ECU,20240202,Clay,RR,2024,Mohamed Safwat,Alvaro Guillen Meza,358.0,312.0,1,0.4362,0,0.3933,0,0.3387,0
Davis Cup WG1 PO: EGY vs ECU,20240202,Clay,RR,2024,Emilio Gomez,Amr Elsayed Abdou Ahmed Mohamed,307.0,735.0,0,0.7607,1,0.7231,1,0.8058,1
Davis Cup WG1 PO: EGY vs ECU,20240202,Clay,RR,2024,Andres Andrade,Michael Bassem Sobhy,669.0,1090.0,1,0.7244,1,0.7104,1,0.7331,1
Davis Cup WG1 PO: LBN vs JPN,20240202,Clay,RR,2024,Yoshihito Nishioka,Benjamin Hassan,84.0,152.0,1,0.4491,0,0.5016,1,0.4503,0
Davis Cup WG1 PO: LBN vs JPN,20240202,Clay,RR,2024,Yosuke Watanuki,Benjamin Hassan,113.0,152.0,0,0.4115,0,0.4721,0,0.384,0
Davis Cup WG1 PO: LBN vs JPN,20240202,Clay,RR,2024,Yoshihito Nishioka,Hady Habib,84.0,304.0,1,0.5093,1,0.5753,1,0.4527,0
Davis Cup WG1 PO: NOR vs LAT,20240202,Hard,RR,2024,Viktor Durasovic,Robert Strombachs,413.0,346.0,1,0.2509,0,0.3941,0,0.4078,0
Davis Cup WG1 PO: NOR vs LAT,20240202,Hard,RR,2024,Casper Ruud,Martins Rocens,12.0,1763.0,1,0.9947,1,0.9315,1,0.9561,1
Davis Cup WG1 PO: NOR vs LAT,20240202,Hard,RR,2024,Nicolai Budkov Kjaer,Davis Rolis,,,1,0.7081,1,0.7751,1,0.7725,1
Davis Cup WG1 PO: NZL vs TUR,20240202,Hard,RR,2024,Cem Ilkel,Kiranpal Pannu,284.0,716.0,0,0.8182,1,0.7677,1,0.8666,1
Davis Cup WG1 PO: NZL vs TUR,20240202,Hard,RR,2024,Yanki Erel,Ajeet Rai,325.0,538.0,1,0.6047,1,0.6326,1,0.558,1
Davis Cup WG1 PO: NZL vs TUR,20240202,Hard,RR,2024,Altug Celikbilek,Ajeet Rai,371.0,538.0,1,0.6042,1,0.6363,1,0.5295,1
Davis Cup WG1 PO: UZB vs POL,20240202,Hard,RR,2024,Hubert Hurkacz,Sergey Fomin,8.0,665.0,1,0.9668,1,0.9322,1,0.9453,1
Davis Cup WG1 PO: UZB vs POL,20240202,Hard,RR,2024,Khumoun Sultanov,Maks Kasnikowski,330.0,271.0,0,0.4803,0,0.4132,0,0.4327,0
Davis Cup WG1 PO: UZB vs POL,20240202,Hard,RR,2024,Kamil Majchrzak,Maxim Shin,807.0,1469.0,1,0.7543,1,0.6838,1,0.5788,1
Davis Cup WG2 PO: CHN vs SLO,20240202,Hard,RR,2024,Matic Kriznik,Yi Zhou,1274.0,877.0,0,0.3473,0,0.3036,0,0.2444,0
Davis Cup WG2 PO: CHN vs SLO,20240202,Hard,RR,2024,Sebastian Dominko,Yi Zhou,1107.0,877.0,0,0.3925,0,0.4213,0,0.459,0
Davis Cup WG2 PO: CHN vs SLO,20240202,Hard,RR,2024,Zhizhen Zhang,Sebastian Dominko,50.0,1107.0,0,0.9508,1,0.8521,1,0.9196,1
Davis Cup WG2 PO: CHN vs SLO,20240202,Hard,RR,2024,Zhizhen Zhang,Matic Kriznik,50.0,1274.0,1,0.9713,1,0.9082,1,0.9583,1
Davis Cup WG2 PO: ESA vs POC,20240202,Hard,RR,2024,Diego Duran,Gillian Osmont,,,1,0.0077,0,0.7487,1,0.7413,1
Davis Cup WG2 PO: ESA vs POC,20240202,Hard,RR,2024,Marcelo Arevalo,Heve Kelley,,,1,0.7041,1,0.812,1,0.8179,1
Davis Cup WG2 PO: ESA vs POC,20240202,Hard,RR,2024,Matavao Fanguna,Juan Carlos Fuentes Vasquez,,,0,0.6685,1,0.7318,1,0.7217,1
Davis Cup WG2 PO: TUN vs CRC,20240202,Hard,RR,2024,Moez Echargui,Jesse Flores,279.0,900.0,1,0.7865,1,0.7341,1,0.5971,1
Davis Cup WG2 PO: TUN vs CRC,20240202,Hard,RR,2024,Aziz Dougaz,Rodrigo Crespo Piedra,219.0,,1,0.6868,1,0.7476,1,0.7446,1
Davis Cup WG2 PO: VIE vs RSA,20240202,Hard,RR,2024,Nam Hoang Ly,Philip Henning,554.0,748.0,1,0.6619,1,0.657,1,0.5286,1
Davis Cup WG2 PO: VIE vs RSA,20240202,Hard,RR,2024,Kris Van Wyk,Linh Giang Trinh,416.0,,1,0.6632,1,0.7188,1,0.6795,1
Davis Cup WG2 PO: VIE vs RSA,20240202,Hard,RR,2024,Nam Hoang Ly,Kris Van Wyk,554.0,416.0,1,0.4466,0,0.4157,0,0.3862,0
Davis Cup WG2 PO: VIE vs RSA,20240202,Hard,RR,2024,Linh Giang Trinh,Philip Henning,,748.0,0,0.6901,1,0.7413,1,0.7343,1
Davis Cup QLS R1: ARG vs KAZ,20240203,Clay,RR,2024,Dmitry Popko,Francisco Cerundolo,338.0,22.0,0,0.1375,0,0.145,0,0.1521,0
Davis Cup QLS R1: ARG vs KAZ,20240203,Clay,RR,2024,Tomas Martin Etcheverry,Timofey Skatov,28.0,278.0,0,0.7712,1,0.7427,1,0.8549,1
Davis Cup QLS R1: ARG vs KAZ,20240203,Clay,RR,2024,Francisco Cerundolo,Timofey Skatov,22.0,278.0,0,0.7508,1,0.7289,1,0.7903,1
Davis Cup QLS R1: ARG vs KAZ,20240203,Clay,RR,2024,Dmitry Popko,Sebastian Baez,338.0,25.0,0,0.1444,0,0.2048,0,0.2844,0
Davis Cup QLS R1: CHI vs PER,20240203,Hard,RR,2024,Nicolas Jarry,Juan Pablo Varillas,20.0,87.0,1,0.7572,1,0.7673,1,0.8239,1
Davis Cup QLS R1: CHI vs PER,20240203,Hard,RR,2024,Nicolas Jarry,Ignacio Buse,20.0,438.0,0,0.8991,1,0.8372,1,0.8424,1
Davis Cup QLS R1: CHI vs PER,20240203,Hard,RR,2024,Juan Pablo Varillas,Alejandro Tabilo,87.0,54.0,0,0.283,0,0.296,0,0.3882,0
Davis Cup QLS R1: CHI vs PER,20240203,Hard,RR,2024,Alejandro Tabilo,Ignacio Buse,54.0,438.0,1,0.8791,1,0.8818,1,0.9362,1
Davis Cup QLS R1: CRO vs BEL,20240203,Hard,RR,2024,Marin Cilic,Zizou Bergs,1044.0,131.0,0,0.1031,0,0.2993,0,0.3353,0
Davis Cup QLS R1: CRO vs BEL,20240203,Hard,RR,2024,Joris De Loore,Duje Ajdukovic,192.0,125.0,0,0.4187,0,0.3754,0,0.306,0
Davis Cup QLS R1: CRO vs BEL,20240203,Hard,RR,2024,Zizou Bergs,Duje Ajdukovic,131.0,125.0,1,0.5466,1,0.563,1,0.6084,1
Davis Cup QLS R1: CZE vs ISR,20240203,Hard,RR,2024,Yshai Oliel,Jakub Mensik,415.0,127.0,0,0.2242,0,0.2694,0,0.239,0
Davis Cup QLS R1: CZE vs ISR,20240203,Hard,RR,2024,Daniel Cukierman,Jiri Lehecka,465.0,31.0,0,0.2587,0,0.235,0,0.1011,0
Davis Cup QLS R1: CZE vs ISR,20240203,Hard,RR,2024,Vit Kopriva,Orel Kimhi,115.0,456.0,1,0.7063,1,0.7555,1,0.7932,1
Davis Cup QLS R1: TPE vs FRA,20240203,Hard,RR,2024,Yu Hsiou Hsu,Luca Van Assche,230.0,68.0,0,0.3449,0,0.3146,0,0.2335,0
Davis Cup QLS R1: TPE vs FRA,20240203,Hard,RR,2024,Adrian Mannarino,Tung Lin Wu,17.0,238.0,1,0.7801,1,0.7995,1,0.7557,1
Davis Cup QLS R1: TPE vs FRA,20240203,Hard,RR,2024,Quentin Halys,Chun Hsin Tseng,100.0,305.0,1,0.7286,1,0.7192,1,0.7461,1
Davis Cup WG1 PO: BUL vs BIH,20240203,Hard,RR,2024,Dimitar Kuzmanov,Nerman Fatic,225.0,204.0,0,0.4999,0,0.4857,0,0.5362,1
Davis Cup WG1 PO: BUL vs BIH,20240203,Hard,RR,2024,Damir Dzumhur,Yanaki Milev,147.0,550.0,1,0.686,1,0.7121,1,0.7402,1
Davis Cup WG1 PO: BUL vs BIH,20240203,Hard,RR,2024,Petr Nesterov,Andrej Nedic,564.0,591.0,1,0.5586,1,0.5562,1,0.5253,1
Davis Cup WG1 PO: GRE vs ROU,20240203,Hard,RR,2024,Marius Copil,Stefanos Tsitsipas,283.0,10.0,0,0.0795,0,0.0918,0,0.0484,0
Davis Cup WG1 PO: GRE vs ROU,20240203,Hard,RR,2024,Nicholas David Ionel,Aristotelis Thanos,265.0,1433.0,0,0.9347,1,0.8999,1,0.9478,1
Davis Cup WG1 PO: GRE vs ROU,20240203,Hard,RR,2024,Ioannis Xilas,Luca Preda,1286.0,1099.0,1,0.443,0,0.3562,0,0.3973,0
Davis Cup WG1 PO: IRL vs AUT,20240203,Hard,RR,2024,Dominic Thiem,Michael Agwi,90.0,935.0,1,0.8867,1,0.8281,1,0.9087,1
Davis Cup WG1 PO: IRL vs AUT,20240203,Hard,RR,2024,Sebastian Ofner,Osgar Ohoisin,40.0,1015.0,1,0.9561,1,0.8507,1,0.9045,1
Davis Cup WG1 PO: IRL vs AUT,20240203,Hard,RR,2024,Lucas Miedler,Michael Agwi,1071.0,935.0,1,0.3879,0,0.3864,0,0.363,0
Davis Cup WG1 PO: LTU vs GEO,20240203,Hard,RR,2024,Saba Purtseladze,Vilius Gaubas,450.0,366.0,1,0.4619,0,0.4365,0,0.5672,1
Davis Cup WG1 PO: LTU vs GEO,20240203,Hard,RR,2024,Ricardas Berankis,Zura Tkemaladze,248.0,721.0,1,0.6845,1,0.7055,1,0.6073,1
Davis Cup WG1 PO: LTU vs GEO,20240203,Hard,RR,2024,Ricardas Berankis,Saba Purtseladze,248.0,450.0,1,0.545,1,0.5691,1,0.5912,1
Davis Cup WG1 PO: LTU vs GEO,20240203,Hard,RR,2024,Zura Tkemaladze,Vilius Gaubas,721.0,366.0,0,0.3215,0,0.4126,0,0.4828,0
Davis Cup WG1 PO: MEX vs DEN,20240203,Clay,RR,2024,Ernesto Escobedo,Elmer Moller,493.0,361.0,0,0.5376,1,0.5476,1,0.63,1
Davis Cup WG1 PO: MEX vs DEN,20240203,Clay,RR,2024,August Holmgren,Rodrigo Pacheco Mendez,292.0,696.0,0,0.4432,0,0.6908,1,0.7554,1
Davis Cup WG1 PO: MEX vs DEN,20240203,Clay,RR,2024,Ernesto Escobedo,August Holmgren,493.0,292.0,0,0.5271,1,0.4449,0,0.4556,0
Davis Cup WG1 PO: PAK vs IND,20240203,Grass,RR,2024,Aisam Ul Haq Qureshi,Ramkumar Ramanathan,,461.0,0,0.8095,1,0.7802,1,0.7751,1
Davis Cup WG1 PO: PAK vs IND,20240203,Grass,RR,2024,Aqeel Khan,N Sriram Balaji,,,0,0.847,1,0.8084,1,0.8459,1
Davis Cup WG1 PO: PAK vs IND,20240203,Grass,RR,2024,Niki Kaliyanda Poonacha,Muhammad Shoaib,795.0,,1,0.4347,0,0.4537,0,0.4181,0
Davis Cup WG2 PO: BOL vs THA,20240203,Clay,RR,2024,Boris Arias,Thanapet Chanta,,938.0,1,0.6799,1,0.7429,1,0.7347,1
Davis Cup WG2 PO: BOL vs THA,20240203,Clay,RR,2024,Wishaya Trongcharoenchaikul,Murkel Alejandro Dellien Velasco,780.0,288.0,0,0.2673,0,0.2834,0,0.1593,0
Davis Cup WG2 PO: BOL vs THA,20240203,Clay,RR,2024,Juan Carlos Prado Angelo,Maximus Jones,605.0,581.0,1,0.5006,1,0.4175,0,0.4353,0
Davis Cup WG2 PO: CYP vs MAR,20240203,Hard,RR,2024,Petros Chrysochos,Yassine Dlimi,1410.0,604.0,0,0.0963,0,0.3081,0,0.3878,0
Davis Cup WG2 PO: CYP vs MAR,20240203,Hard,RR,2024,Menelaos Efstathiou,Elliot Benchetrit,1222.0,614.0,0,0.2316,0,0.3401,0,0.3272,0
Davis Cup WG2 PO: CYP vs MAR,20240203,Hard,RR,2024,Hamza Karmoussi,Stylianos Christodoulou,,1114.0,0,0.0077,0,0.7379,1,0.717,1
Davis Cup WG2 PO: HKG vs ZIM,20240203,Hard,RR,2024,Benjamin Lock,Hong Kit Jack Wong,348.0,1643.0,0,0.9381,1,0.8106,1,0.9184,1
Davis Cup WG2 PO: HKG vs ZIM,20240203,Hard,RR,2024,Courtney John Lock,Coleman Wong,,247.0,0,0.497,0,0.3771,0,0.3899,0
Davis Cup WG2 PO: HKG vs ZIM,20240203,Hard,RR,2024,Benedict Badza,Kwok Shun Dasson Chan,,,1,0.7015,1,0.7351,1,0.7147,1
Davis Cup WG2 PO: JAM vs BAR,20240203,Hard,RR,2024,Blaise Bicknell,Kaipo Marshall,319.0,,1,0.7021,1,0.7286,1,0.7397,1
Davis Cup WG2 PO: JAM vs BAR,20240203,Hard,RR,2024,Darian King,Rowland Phillips,547.0,,1,0.7155,1,0.7143,1,0.7293,1
Davis Cup WG2 PO: JAM vs BAR,20240203,Hard,RR,2024,Darian King,Blaise Bicknell,547.0,319.0,0,0.3661,0,0.3641,0,0.4537,0
Davis Cup WG2 PO: JAM vs BAR,20240203,Hard,RR,2024,Rowland Phillips,Kaipo Marshall,,,0,0.6681,1,0.6866,1,0.6796,1
Davis Cup WG2 PO: PAR vs MON,20240203,Clay,RR,2024,Benjamin Balleret,Daniel Vallejo,,,0,0.6673,1,0.5892,1,0.6521,1
Davis Cup WG2 PO: PAR vs MON,20240203,Clay,RR,2024,Valentin Vacherot,Martin Antonio Vergara Del Puerto,171.0,,1,0.701,1,0.7466,1,0.7405,1
Davis Cup WG2 PO: PAR vs MON,20240203,Clay,RR,2024,Daniel Vallejo,Valentin Vacherot,,171.0,0,0.6562,1,0.6705,1,0.7096,1
Davis Cup WG2 PO: TOG vs INA,20240203,Hard,RR,2024,Komlavi Loglo,Fitriadi M Rifqi,,569.0,0,0.6046,1,0.5116,1,0.4859,0
Davis Cup WG2 PO: TOG vs INA,20240203,Hard,RR,2024,Thomas Yaka Kofi Setodji,Anthony Susanto,819.0,,1,0.6927,1,0.6754,1,0.6782,1
Davis Cup WG2 PO: TOG vs INA,20240203,Hard,RR,2024,Thomas Yaka Kofi Setodji,Fitriadi M Rifqi,819.0,569.0,0,0.3728,0,0.4105,0,0.5636,1
Davis Cup WG2 PO: TOG vs INA,20240203,Hard,RR,2024,Komlavi Loglo,Anthony Susanto,,,1,0.6513,1,0.6412,1,0.5856,1
Davis Cup WG2 PO: URU vs MDA,20240203,Clay,RR,2024,Franco Roncadelli,Ilya Snitari,616.0,740.0,1,0.5792,1,0.603,1,0.5376,1
Davis Cup WG2 PO: URU vs MDA,20240203,Clay,RR,2024,Radu Albot,Joaquin  Aguilar Cardozo ,136.0,1109.0,1,0.8035,1,0.8039,1,0.9578,1
Davis Cup WG2 PO: URU vs MDA,20240203,Clay,RR,2024,Radu Albot,Franco Roncadelli,136.0,616.0,1,0.7732,1,0.7743,1,0.8115,1
Davis Cup WG2 PO: URU vs MDA,20240203,Clay,RR,2024,Ilya Snitari,Joaquin  Aguilar Cardozo ,740.0,1109.0,0,0.4608,0,0.6848,1,0.69,1
Dallas,20240205,Hard,R32,2024,Dominik Koepfer,Aleksandar Kovacevic,60.0,100.0,1,0.5624,1,0.61,1,0.6058,1
Dallas,20240205,Hard,F,2024,Marcos Giron,Tommy Paul,67.0,15.0,0,0.2631,0,0.251,0,0.2616,0
Dallas,20240205,Hard,R32,2024,Constant Lestienne,Taro Daniel,104.0,62.0,0,0.3301,0,0.3001,0,0.2857,0
Dallas,20240205,Hard,R32,2024,Michael Mmoh,Emilio Nava,115.0,149.0,1,0.6833,1,0.6668,1,0.6443,1
Dallas,20240205,Hard,R32,2024,Radu Albot,Denis Kudla,137.0,174.0,0,0.6872,1,0.6251,1,0.5993,1
Dallas,20240205,Hard,R32,2024,Jordan Thompson,Adam Neff,44.0,829.0,1,0.9333,1,0.8999,1,0.9316,1
Dallas,20240205,Hard,R32,2024,Steve Johnson,Christopher Eubanks,246.0,33.0,0,0.1721,0,0.2,0,0.1977,0
Dallas,20240205,Hard,R32,2024,James Duckworth,Zachary Svajda,106.0,145.0,1,0.6051,1,0.6201,1,0.5696,1
Dallas,20240205,Hard,R32,2024,Yoshihito Nishioka,Terence Atmane,83.0,144.0,1,0.6009,1,0.6273,1,0.5375,1
Dallas,20240205,Hard,R32,2024,Mitchell Krueger,Max Purcell,244.0,43.0,0,0.3186,0,0.318,0,0.2313,0
Dallas,20240205,Hard,R32,2024,Marcos Giron,Nicolas Moreno De Alboran,67.0,154.0,1,0.657,1,0.6683,1,0.6702,1
Dallas,20240205,Hard,R32,2024,Tennys Sandgren,Alex Michelsen,281.0,75.0,0,0.1944,0,0.274,0,0.2685,0
Dallas,20240205,Hard,R16,2024,Taro Daniel,Tommy Paul,62.0,15.0,0,0.3629,0,0.3243,0,0.3609,0
Dallas,20240205,Hard,R16,2024,Dominik Koepfer,Rinky Hijikata,60.0,88.0,1,0.5425,1,0.5678,1,0.5805,1
Dallas,20240205,Hard,R16,2024,Michael Mmoh,Ben Shelton,115.0,16.0,0,0.36,0,0.4,0,0.36,0
Dallas,20240205,Hard,R16,2024,Denis Kudla,Jordan Thompson,174.0,44.0,0,0.2577,0,0.2685,0,0.2218,0
Dallas,20240205,Hard,R16,2024,James Duckworth,Christopher Eubanks,106.0,33.0,1,0.3485,0,0.3456,0,0.3386,0
Dallas,20240205,Hard,R16,2024,Adrian Mannarino,Yoshihito Nishioka,17.0,83.0,1,0.6458,1,0.7227,1,0.6915,1
Dallas,20240205,Hard,R16,2024,Marcos Giron,Max Purcell,67.0,43.0,1,0.4015,0,0.4038,0,0.3694,0
Dallas,20240205,Hard,R16,2024,Frances Tiafoe,Alex Michelsen,14.0,75.0,1,0.6467,1,0.688,1,0.6887,1
Dallas,20240205,Hard,QF,2024,Tommy Paul,Dominik Koepfer,15.0,60.0,1,0.642,1,0.5889,1,0.5655,1
Dallas,20240205,Hard,QF,2024,Jordan Thompson,Ben Shelton,44.0,16.0,0,0.362,0,0.419,0,0.4158,0
Dallas,20240205,Hard,QF,2024,Adrian Mannarino,James Duckworth,17.0,106.0,1,0.6807,1,0.7165,1,0.6742,1
Dallas,20240205,Hard,QF,2024,Marcos Giron,Frances Tiafoe,67.0,14.0,1,0.278,0,0.2796,0,0.2625,0
Dallas,20240205,Hard,SF,2024,Tommy Paul,Ben Shelton,15.0,16.0,1,0.4827,0,0.534,1,0.5238,1
Dallas,20240205,Hard,SF,2024,Adrian Mannarino,Marcos Giron,17.0,67.0,0,0.6921,1,0.7304,1,0.7285,1
Dallas,20240205,Hard,R32,2024,Rinky Hijikata,Ethan Quinn,88.0,288.0,1,0.7412,1,0.6849,1,0.6421,1
Marseille,20240205,Hard,R32,2024,David Goffin,Jiri Lehecka,134.0,32.0,0,0.2268,0,0.2519,0,0.2067,0
Marseille,20240205,Hard,R32,2024,Arthur Rinderknech,Maxime Cressy,94.0,128.0,1,0.4901,0,0.4989,0,0.4563,0
Marseille,20240205,Hard,R32,2024,Hugo Grenier,Sebastian Korda,155.0,34.0,0,0.3359,0,0.3001,0,0.2567,0
Marseille,20240205,Hard,R32,2024,Richard Gasquet,Roberto Bautista Agut,131.0,102.0,0,0.4176,0,0.378,0,0.3367,0
Marseille,20240205,Hard,R32,2024,Zhizhen Zhang,Giulio Zeppieri,50.0,111.0,1,0.5502,1,0.5734,1,0.5887,1
Marseille,20240205,Hard,R32,2024,Quentin Halys,Felix Auger Aliassime,101.0,28.0,0,0.3723,0,0.4149,0,0.385,0
Marseille,20240205,Hard,R32,2024,Gregoire Barrere,Alejandro Davidovich Fokina,105.0,24.0,0,0.2984,0,0.3007,0,0.3246,0
Marseille,20240205,Hard,R32,2024,Emil Ruusuvuori,Luca Van Assche,55.0,68.0,1,0.5809,1,0.5934,1,0.5709,1
Marseille,20240205,Hard,R32,2024,Denis Shapovalov,Hugo Gaston,127.0,86.0,0,0.4433,0,0.3824,0,0.3678,0
Marseille,20240205,Hard,R32,2024,Maximilian Marterer,Lorenzo Musetti,99.0,27.0,0,0.3313,0,0.3249,0,0.3182,0
Marseille,20240205,Hard,R32,2024,Andy Murray,Tomas Machac,49.0,66.0,0,0.3654,0,0.4264,0,0.3245,0
Marseille,20240205,Hard,R32,2024,Benjamin Bonzi,Alexander Shevchenko,126.0,56.0,0,0.3287,0,0.3288,0,0.3003,0
Marseille,20240205,Hard,R16,2024,Grigor Dimitrov,Sebastian Korda,13.0,34.0,1,0.6162,1,0.6616,1,0.677,1
Marseille,20240205,Hard,R16,2024,Arthur Rinderknech,Jiri Lehecka,94.0,32.0,1,0.2836,0,0.2502,0,0.2778,0
Marseille,20240205,Hard,R16,2024,Roberto Bautista Agut,Karen Khachanov,102.0,18.0,0,0.2362,0,0.1954,0,0.2312,0
Marseille,20240205,Hard,R16,2024,Zhizhen Zhang,Felix Auger Aliassime,50.0,28.0,1,0.4071,0,0.3712,0,0.3759,0
Marseille,20240205,Hard,R16,2024,Alejandro Davidovich Fokina,Emil Ruusuvuori,24.0,55.0,1,0.5401,1,0.527,1,0.4971,0
Marseille,20240205,Hard,R16,2024,Ugo Humbert,Hugo Gaston,21.0,86.0,1,0.6987,1,0.7412,1,0.7677,1
Marseille,20240205,Hard,R16,2024,Lorenzo Musetti,Tomas Machac,27.0,66.0,0,0.4997,0,0.4982,0,0.526,1
Marseille,20240205,Hard,R16,2024,Hubert Hurkacz,Alexander Shevchenko,8.0,56.0,1,0.7516,1,0.7903,1,0.7904,1
Marseille,20240205,Hard,QF,2024,Grigor Dimitrov,Arthur Rinderknech,13.0,94.0,1,0.8087,1,0.8442,1,0.842,1
Marseille,20240205,Hard,QF,2024,Zhizhen Zhang,Karen Khachanov,50.0,18.0,0,0.3686,0,0.345,0,0.338,0
Marseille,20240205,Hard,QF,2024,Ugo Humbert,Alejandro Davidovich Fokina,21.0,24.0,1,0.5186,1,0.491,0,0.5191,1
Marseille,20240205,Hard,QF,2024,Hubert Hurkacz,Tomas Machac,8.0,66.0,1,0.7314,1,0.6977,1,0.7364,1
Marseille,20240205,Hard,SF,2024,Grigor Dimitrov,Karen Khachanov,13.0,18.0,1,0.5781,1,0.6135,1,0.608,1
Marseille,20240205,Hard,SF,2024,Hubert Hurkacz,Ugo Humbert,8.0,21.0,0,0.6565,1,0.6299,1,0.5275,1
Marseille,20240205,Hard,F,2024,Grigor Dimitrov,Ugo Humbert,13.0,21.0,0,0.5938,1,0.6518,1,0.6446,1
Cordoba,20240205,Clay,R32,2024,Hugo Dellien,Thiago Seyboth Wild,112.0,81.0,1,0.401,0,0.3709,0,0.4225,0
Cordoba,20240205,Clay,R32,2024,Federico Agustin Gomez,Facundo Diaz Acosta,365.0,95.0,0,0.2526,0,0.2846,0,0.2928,0
Cordoba,20240205,Clay,R32,2024,Thiago Agustin Tirante,Francisco Comesana,109.0,120.0,1,0.6737,1,0.6305,1,0.5181,1
Cordoba,20240205,Clay,R32,2024,Tomas Barrios Vera,Luciano Darderi,108.0,136.0,0,0.5344,1,0.5501,1,0.6246,1
Cordoba,20240205,Clay,R32,2024,Diego Schwartzman,Roman Andres Burruchaga,117.0,170.0,0,0.5682,1,0.5331,1,0.5211,1
Cordoba,20240205,Clay,R32,2024,Yannick Hanfmann,Juan Pablo Varillas,59.0,85.0,1,0.5775,1,0.5849,1,0.5833,1
Cordoba,20240205,Clay,R32,2024,Federico Coria,Daniel Altmaier,93.0,52.0,1,0.3439,0,0.3541,0,0.3432,0
Cordoba,20240205,Clay,R32,2024,Albert Ramos,Pedro Cachin,84.0,73.0,1,0.4423,0,0.427,0,0.4236,0
Cordoba,20240205,Clay,R32,2024,Cristian Garin,Bernabe Zapata Miralles,87.0,79.0,0,0.5019,1,0.5309,1,0.5524,1
Cordoba,20240205,Clay,R32,2024,Roberto Carballes Baena,Mariano Navone,65.0,118.0,1,0.7375,1,0.683,1,0.7354,1
Cordoba,20240205,Clay,R32,2024,Facundo Bagnis,Juan Manuel Cerundolo,207.0,148.0,1,0.389,0,0.3523,0,0.3091,0
Cordoba,20240205,Clay,R32,2024,Daniel Elahi Galan,Jaume Munar,78.0,74.0,0,0.4735,0,0.3947,0,0.406,0
Cordoba,20240205,Clay,R16,2024,Hugo Dellien,Sebastian Baez,112.0,26.0,0,0.2661,0,0.2368,0,0.2261,0
Cordoba,20240205,Clay,R16,2024,Thiago Agustin Tirante,Facundo Diaz Acosta,109.0,95.0,0,0.5325,1,0.5468,1,0.5181,1
Cordoba,20240205,Clay,R16,2024,Sebastian Ofner,Luciano Darderi,38.0,136.0,0,0.6786,1,0.6955,1,0.775,1
Cordoba,20240205,Clay,R16,2024,Yannick Hanfmann,Roman Andres Burruchaga,59.0,170.0,1,0.7582,1,0.7109,1,0.57,1
Cordoba,20240205,Clay,R16,2024,Albert Ramos,Federico Coria,84.0,93.0,0,0.4847,0,0.4906,0,0.5513,1
Cordoba,20240205,Clay,R16,2024,Bernabe Zapata Miralles,Tomas Martin Etcheverry,79.0,29.0,0,0.3422,0,0.3335,0,0.2977,0
Cordoba,20240205,Clay,R16,2024,Facundo Bagnis,Roberto Carballes Baena,207.0,65.0,1,0.2408,0,0.264,0,0.2807,0
Cordoba,20240205,Clay,R16,2024,Jaume Munar,Francisco Cerundolo,74.0,22.0,1,0.3893,0,0.3755,0,0.3821,0
Cordoba,20240205,Clay,QF,2024,Sebastian Baez,Facundo Diaz Acosta,26.0,95.0,1,0.6927,1,0.7592,1,0.7687,1
Cordoba,20240205,Clay,QF,2024,Yannick Hanfmann,Luciano Darderi,59.0,136.0,0,0.6203,1,0.6455,1,0.6107,1
Cordoba,20240205,Clay,QF,2024,Federico Coria,Tomas Martin Etcheverry,93.0,29.0,1,0.3015,0,0.319,0,0.319,0
Cordoba,20240205,Clay,QF,2024,Facundo Bagnis,Jaume Munar,207.0,74.0,1,0.2512,0,0.2569,0,0.27,0
Cordoba,20240205,Clay,SF,2024,Sebastian Baez,Luciano Darderi,26.0,136.0,0,0.6965,1,0.7163,1,0.7202,1
Cordoba,20240205,Clay,SF,2024,Facundo Bagnis,Federico Coria,207.0,93.0,1,0.327,0,0.3301,0,0.3547,0
Cordoba,20240205,Clay,F,2024,Facundo Bagnis,Luciano Darderi,207.0,136.0,0,0.3356,0,0.3407,0,0.3928,0
Rotterdam,20240212,Hard,R16,2024,Grigor Dimitrov,Marton Fucsovics,13.0,86.0,1,0.769,1,0.8068,1,0.8398,1
Rotterdam,20240212,Hard,F,2024,Alex De Minaur,Jannik Sinner,11.0,4.0,0,0.157,0,0.2159,0,0.205,0
Rotterdam,20240212,Hard,R32,2024,David Goffin,Dino Prizmic,133.0,171.0,1,0.4656,0,0.4839,0,0.3485,0
Rotterdam,20240212,Hard,R32,2024,Alex De Minaur,Sebastian Korda,11.0,33.0,1,0.6255,1,0.6613,1,0.6762,1
Rotterdam,20240212,Hard,R32,2024,Roman Safiullin,Holger Rune,39.0,7.0,0,0.2815,0,0.2877,0,0.2713,0
Rotterdam,20240212,Hard,R32,2024,Zhizhen Zhang,Alexander Shevchenko,47.0,57.0,0,0.5157,1,0.5317,1,0.562,1
Rotterdam,20240212,Hard,R32,2024,Marton Fucsovics,Fabian Marozsan,86.0,61.0,1,0.4006,0,0.3733,0,0.3589,0
Rotterdam,20240212,Hard,R32,2024,Grigor Dimitrov,Lorenzo Sonego,13.0,48.0,1,0.7243,1,0.803,1,0.8069,1
Rotterdam,20240212,Hard,R32,2024,Ugo Humbert,Emil Ruusuvuori,18.0,55.0,0,0.6121,1,0.6025,1,0.5211,1
Rotterdam,20240212,Hard,R32,2024,Jan Lennard Struff,Alejandro Davidovich Fokina,25.0,24.0,1,0.415,0,0.4111,0,0.4274,0
Rotterdam,20240212,Hard,R32,2024,Tallon Griekspoor,Lorenzo Musetti,29.0,26.0,1,0.5259,1,0.6107,1,0.6143,1
Rotterdam,20240212,Hard,R32,2024,Hubert Hurkacz,Jiri Lehecka,8.0,32.0,1,0.6907,1,0.6672,1,0.6626,1
Rotterdam,20240212,Hard,R32,2024,Borna Coric,Alexander Bublik,31.0,23.0,0,0.4195,0,0.3772,0,0.3465,0
Rotterdam,20240212,Hard,R32,2024,Milos Raonic,Jesper De Jong,309.0,141.0,1,0.3382,0,0.3967,0,0.467,0
Rotterdam,20240212,Hard,R32,2024,Gael Monfils,Denis Shapovalov,70.0,127.0,1,0.5787,1,0.6027,1,0.5612,1
Rotterdam,20240212,Hard,R32,2024,Botic Van De Zandschulp,Jannik Sinner,66.0,4.0,0,0.0654,0,0.0806,0,0.0382,0
Rotterdam,20240212,Hard,R16,2024,Andrey Rublev,Felix Auger Aliassime,5.0,28.0,1,0.7569,1,0.7844,1,0.819,1
Rotterdam,20240212,Hard,R16,2024,David Goffin,Alex De Minaur,133.0,11.0,0,0.1413,0,0.1078,0,0.0863,0
Rotterdam,20240212,Hard,R16,2024,Alexander Shevchenko,Holger Rune,57.0,7.0,1,0.2656,0,0.249,0,0.2106,0
Rotterdam,20240212,Hard,R32,2024,Andrey Rublev,Zizou Bergs,5.0,132.0,1,0.8619,1,0.8384,1,0.8211,1
Rotterdam,20240212,Hard,R16,2024,Jan Lennard Struff,Emil Ruusuvuori,25.0,55.0,0,0.4605,0,0.4657,0,0.4636,0
Rotterdam,20240212,Hard,R16,2024,Hubert Hurkacz,Tallon Griekspoor,8.0,29.0,0,0.7102,1,0.6883,1,0.7273,1
Rotterdam,20240212,Hard,R16,2024,Milos Raonic,Alexander Bublik,309.0,23.0,1,0.1815,0,0.2691,0,0.2858,0
Rotterdam,20240212,Hard,R16,2024,Gael Monfils,Jannik Sinner,70.0,4.0,0,0.0538,0,0.1216,0,0.0744,0
Rotterdam,20240212,Hard,QF,2024,Andrey Rublev,Alex De Minaur,5.0,11.0,0,0.6513,1,0.5925,1,0.5719,1
Rotterdam,20240212,Hard,QF,2024,Grigor Dimitrov,Alexander Shevchenko,13.0,57.0,1,0.7011,1,0.7869,1,0.788,1
Rotterdam,20240212,Hard,QF,2024,Tallon Griekspoor,Emil Ruusuvuori,29.0,55.0,1,0.5031,1,0.4883,0,0.4895,0
Rotterdam,20240212,Hard,QF,2024,Milos Raonic,Jannik Sinner,309.0,4.0,0,0.0274,0,0.1038,0,0.0674,0
Rotterdam,20240212,Hard,SF,2024,Grigor Dimitrov,Alex De Minaur,13.0,11.0,0,0.4966,0,0.5164,1,0.5359,1
Rotterdam,20240212,Hard,SF,2024,Tallon Griekspoor,Jannik Sinner,29.0,4.0,0,0.0886,0,0.1338,0,0.1286,0
Rotterdam,20240212,Hard,R32,2024,Felix Auger Aliassime,Maxime Cressy,28.0,170.0,1,0.7573,1,0.7776,1,0.7547,1
Delray Beach,20240212,Hard,R32,2024,Radu Albot,Juncheng Shang,137.0,139.0,1,0.3897,0,0.381,0,0.3512,0
Delray Beach,20240212,Hard,QF,2024,Jordan Thompson,Tommy Paul,42.0,14.0,0,0.3445,0,0.3393,0,0.4105,0
Delray Beach,20240212,Hard,R32,2024,Max Purcell,Zachary Svajda,41.0,146.0,0,0.6765,1,0.6679,1,0.6688,1
Delray Beach,20240212,Hard,R32,2024,Thanasi Kokkinakis,Alex Michelsen,79.0,75.0,0,0.4422,0,0.4125,0,0.4257,0
Delray Beach,20240212,Hard,R32,2024,Nicolas Moreno De Alboran,Aleksandar Kovacevic,149.0,102.0,1,0.3455,0,0.2913,0,0.3045,0
Delray Beach,20240212,Hard,R32,2024,Daniel Evans,Jordan Thompson,44.0,42.0,0,0.4055,0,0.4077,0,0.3383,0
Delray Beach,20240212,Hard,R32,2024,Miomir Kecmanovic,Patrick Kypson,40.0,155.0,0,0.7593,1,0.7345,1,0.6566,1
Delray Beach,20240212,Hard,R32,2024,Taro Daniel,Flavio Cobolli,63.0,72.0,0,0.4553,0,0.4543,0,0.4665,0
Delray Beach,20240212,Hard,R32,2024,Marcos Giron,Emilio Nava,52.0,144.0,1,0.6528,1,0.6726,1,0.5782,1
Delray Beach,20240212,Hard,R32,2024,Yoshihito Nishioka,Matteo Arnaldi,77.0,43.0,0,0.3691,0,0.351,0,0.3574,0
Delray Beach,20240212,Hard,R32,2024,Liam Broady,Rinky Hijikata,121.0,84.0,0,0.4707,0,0.486,0,0.5068,1
Delray Beach,20240212,Hard,R32,2024,Nuno Borges,Gabriel Diallo,46.0,136.0,1,0.4219,0,0.5224,1,0.482,0
Delray Beach,20240212,Hard,R16,2024,Radu Albot,Frances Tiafoe,137.0,15.0,0,0.2736,0,0.2588,0,0.2757,0
Delray Beach,20240212,Hard,R16,2024,Flavio Cobolli,Zachary Svajda,72.0,146.0,1,0.7207,1,0.7053,1,0.7575,1
Delray Beach,20240212,Hard,R16,2024,Tommy Paul,Alex Michelsen,14.0,75.0,1,0.6774,1,0.7094,1,0.6828,1
Delray Beach,20240212,Hard,R16,2024,Jordan Thompson,Nicolas Moreno De Alboran,42.0,149.0,1,0.7554,1,0.7491,1,0.5568,1
Delray Beach,20240212,Hard,R16,2024,Constant Lestienne,Patrick Kypson,104.0,155.0,0,0.5557,1,0.594,1,0.5372,1
Delray Beach,20240212,Hard,R16,2024,Adrian Mannarino,Marcos Giron,19.0,52.0,0,0.607,1,0.6454,1,0.6778,1
Delray Beach,20240212,Hard,R16,2024,Rinky Hijikata,Matteo Arnaldi,84.0,43.0,1,0.3963,0,0.3623,0,0.3316,0
Delray Beach,20240212,Hard,R16,2024,Taylor Fritz,Nuno Borges,9.0,46.0,1,0.7605,1,0.814,1,0.8055,1
Delray Beach,20240212,Hard,QF,2024,Frances Tiafoe,Flavio Cobolli,15.0,72.0,1,0.5782,1,0.6156,1,0.5939,1
Delray Beach,20240212,Hard,F,2024,Taylor Fritz,Tommy Paul,9.0,14.0,1,0.6024,1,0.5982,1,0.611,1
Delray Beach,20240212,Hard,QF,2024,Marcos Giron,Patrick Kypson,52.0,155.0,1,0.7134,1,0.6935,1,0.6394,1
Delray Beach,20240212,Hard,QF,2024,Taylor Fritz,Rinky Hijikata,9.0,84.0,1,0.7876,1,0.8096,1,0.8067,1
Delray Beach,20240212,Hard,SF,2024,Tommy Paul,Frances Tiafoe,14.0,15.0,1,0.5639,1,0.5571,1,0.6177,1
Delray Beach,20240212,Hard,SF,2024,Marcos Giron,Taylor Fritz,52.0,9.0,0,0.2278,0,0.2013,0,0.1638,0
Delray Beach,20240212,Hard,R32,2024,Constant Lestienne,Aleksandar Vukic,104.0,69.0,1,0.4135,0,0.3665,0,0.4246,0
Buenos Aires,20240212,Clay,R16,2024,Francisco Cerundolo,Facundo Diaz Acosta,22.0,87.0,0,0.6009,1,0.6548,1,0.6892,1
Buenos Aires,20240212,Clay,F,2024,Nicolas Jarry,Facundo Diaz Acosta,21.0,87.0,0,0.6914,1,0.7149,1,0.7195,1
Buenos Aires,20240212,Clay,R32,2024,Bernabe Zapata Miralles,Sebastian Baez,78.0,30.0,0,0.393,0,0.3326,0,0.3127,0
Buenos Aires,20240212,Clay,R32,2024,Daniel Altmaier,Facundo Diaz Acosta,53.0,87.0,0,0.5504,1,0.5416,1,0.5445,1
Buenos Aires,20240212,Clay,R32,2024,Yannick Hanfmann,Alejandro Tabilo,56.0,54.0,0,0.5542,1,0.5327,1,0.6232,1
Buenos Aires,20240212,Clay,R32,2024,Dusan Lajovic,Arthur Fils,58.0,36.0,1,0.3274,0,0.3417,0,0.2428,0
Buenos Aires,20240212,Clay,R32,2024,Roberto Carballes Baena,Tomas Martin Etcheverry,64.0,27.0,0,0.3923,0,0.4299,0,0.4387,0
Buenos Aires,20240212,Clay,R32,2024,Diego Schwartzman,Daniel Elahi Galan,116.0,80.0,0,0.3643,0,0.3407,0,0.3492,0
Buenos Aires,20240212,Clay,R32,2024,Stan Wawrinka,Pedro Cachin,60.0,74.0,1,0.4771,0,0.5339,1,0.5003,1
Buenos Aires,20240212,Clay,R32,2024,Marin Cilic,Laslo Djere,1044.0,35.0,0,0.054,0,0.2293,0,0.227,0
Buenos Aires,20240212,Clay,R32,2024,Andrea Vavassori,Thiago Seyboth Wild,152.0,83.0,1,0.4765,0,0.4811,0,0.4421,0
Buenos Aires,20240212,Clay,R32,2024,Juan Pablo Varillas,Camilo Ugo Carabelli,85.0,134.0,0,0.5863,1,0.6177,1,0.5918,1
Buenos Aires,20240212,Clay,R16,2024,Federico Coria,Cameron Norrie,106.0,20.0,1,0.3087,0,0.2848,0,0.3075,0
Buenos Aires,20240212,Clay,R16,2024,Sebastian Baez,Luciano Darderi,30.0,76.0,1,0.3767,0,0.5187,1,0.586,1
Buenos Aires,20240212,Clay,R32,2024,Federico Coria,Sebastian Ofner,106.0,38.0,1,0.4066,0,0.3957,0,0.3048,0
Buenos Aires,20240212,Clay,R16,2024,Dusan Lajovic,Alejandro Tabilo,58.0,54.0,1,0.4827,0,0.5126,1,0.6164,1
Buenos Aires,20240212,Clay,R16,2024,Daniel Elahi Galan,Tomas Martin Etcheverry,80.0,27.0,0,0.3279,0,0.2764,0,0.2796,0
Buenos Aires,20240212,Clay,R16,2024,Stan Wawrinka,Nicolas Jarry,60.0,21.0,0,0.2488,0,0.2964,0,0.2366,0
Buenos Aires,20240212,Clay,R16,2024,Laslo Djere,Andrea Vavassori,35.0,152.0,0,0.6154,1,0.6297,1,0.6272,1
Buenos Aires,20240212,Clay,R16,2024,Camilo Ugo Carabelli,Carlos Alcaraz,134.0,2.0,0,0.0298,0,0.0467,0,0.0225,0
Buenos Aires,20240212,Clay,QF,2024,Federico Coria,Sebastian Baez,106.0,30.0,1,0.3812,0,0.3247,0,0.3374,0
Buenos Aires,20240212,Clay,QF,2024,Dusan Lajovic,Facundo Diaz Acosta,58.0,87.0,0,0.4764,0,0.5152,1,0.3979,0
Buenos Aires,20240212,Clay,QF,2024,Nicolas Jarry,Tomas Martin Etcheverry,21.0,27.0,1,0.5735,1,0.6109,1,0.6426,1
Buenos Aires,20240212,Clay,QF,2024,Andrea Vavassori,Carlos Alcaraz,152.0,2.0,0,0.035,0,0.0925,0,0.0605,0
Buenos Aires,20240212,Clay,SF,2024,Federico Coria,Facundo Diaz Acosta,106.0,87.0,0,0.4681,0,0.4794,0,0.4682,0
Buenos Aires,20240212,Clay,SF,2024,Nicolas Jarry,Carlos Alcaraz,21.0,2.0,1,0.1047,0,0.2515,0,0.2003,0
Buenos Aires,20240212,Clay,R32,2024,Mariano Navone,Luciano Darderi,117.0,76.0,0,0.1567,0,0.253,0,0.3309,0
Doha,20240219,Hard,R16,2024,Gael Monfils,Zhizhen Zhang,68.0,48.0,1,0.4323,0,0.4055,0,0.3698,0
Doha,20240219,Hard,F,2024,Karen Khachanov,Jakub Mensik,17.0,116.0,1,0.5818,1,0.5636,1,0.5688,1
Doha,20240219,Hard,R32,2024,Jan Lennard Struff,Christopher Oconnell,25.0,65.0,0,0.5636,1,0.544,1,0.5472,1
Doha,20240219,Hard,R32,2024,Roberto Bautista Agut,Marton Fucsovics,97.0,80.0,0,0.4316,0,0.4314,0,0.5052,1
Doha,20240219,Hard,R32,2024,Alexei Popyrin,Abedallah Shelbayh,46.0,230.0,1,0.7448,1,0.7287,1,0.7584,1
Doha,20240219,Hard,R32,2024,Maximilian Marterer,Hugo Grenier,99.0,151.0,0,0.477,0,0.5519,1,0.4717,0
Doha,20240219,Hard,R32,2024,Zhizhen Zhang,Lorenzo Musetti,48.0,26.0,1,0.486,0,0.5159,1,0.5346,1
Doha,20240219,Hard,R32,2024,Gael Monfils,Botic Van De Zandschulp,68.0,70.0,1,0.4786,0,0.4839,0,0.4785,0
Doha,20240219,Hard,R32,2024,Lorenzo Sonego,Pavel Kotov,49.0,64.0,0,0.443,0,0.4419,0,0.4319,0
Doha,20240219,Hard,R32,2024,Alejandro Davidovich Fokina,Jakub Mensik,24.0,116.0,0,0.525,1,0.5465,1,0.5929,1
Doha,20240219,Hard,R32,2024,Andy Murray,Alexandre Muller,50.0,75.0,1,0.4525,0,0.4931,0,0.5401,1
Doha,20240219,Hard,R32,2024,Richard Gasquet,Alexander Shevchenko,126.0,45.0,1,0.256,0,0.2913,0,0.2457,0
Doha,20240219,Hard,R16,2024,Karen Khachanov,Fabian Marozsan,17.0,60.0,1,0.6395,1,0.646,1,0.6848,1
Doha,20240219,Hard,R16,2024,Christopher Oconnell,Emil Ruusuvuori,65.0,43.0,0,0.3857,0,0.3471,0,0.3276,0
Doha,20240219,Hard,R16,2024,Marton Fucsovics,Alexander Bublik,80.0,21.0,0,0.3164,0,0.309,0,0.3015,0
Doha,20240219,Hard,R16,2024,Hugo Grenier,Alexei Popyrin,151.0,46.0,0,0.3534,0,0.3244,0,0.3513,0
Doha,20240219,Hard,R32,2024,Vit Kopriva,Fabian Marozsan,118.0,60.0,0,0.4175,0,0.4499,0,0.498,0
Doha,20240219,Hard,R16,2024,Ugo Humbert,Pavel Kotov,18.0,64.0,1,0.6262,1,0.5994,1,0.5678,1
Doha,20240219,Hard,R16,2024,Andy Murray,Jakub Mensik,50.0,116.0,0,0.3304,0,0.5324,1,0.5682,1
Doha,20240219,Hard,R16,2024,Richard Gasquet,Andrey Rublev,126.0,5.0,0,0.0778,0,0.0793,0,0.1154,0
Doha,20240219,Hard,QF,2024,Karen Khachanov,Emil Ruusuvuori,17.0,43.0,1,0.5764,1,0.5639,1,0.5546,1
Doha,20240219,Hard,QF,2024,Alexander Bublik,Alexei Popyrin,21.0,46.0,0,0.6051,1,0.6216,1,0.6798,1
Doha,20240219,Hard,QF,2024,Gael Monfils,Ugo Humbert,68.0,18.0,1,0.2968,0,0.3262,0,0.3061,0
Doha,20240219,Hard,QF,2024,Andrey Rublev,Jakub Mensik,5.0,116.0,0,0.776,1,0.6895,1,0.7923,1
Doha,20240219,Hard,SF,2024,Karen Khachanov,Alexei Popyrin,17.0,46.0,1,0.6257,1,0.6243,1,0.6061,1
Doha,20240219,Hard,SF,2024,Gael Monfils,Jakub Mensik,68.0,116.0,0,0.377,0,0.424,0,0.3941,0
Doha,20240219,Hard,R32,2024,Emil Ruusuvuori,Giulio Zeppieri,43.0,133.0,1,0.6857,1,0.6956,1,0.6893,1
Rio De Janeiro,20240219,Clay,R32,2024,Alejandro Tabilo,Thiago Seyboth Wild,52.0,82.0,0,0.6329,1,0.623,1,0.655,1
Rio De Janeiro,20240219,Clay,F,2024,Sebastian Baez,Mariano Navone,30.0,113.0,1,0.7718,1,0.7863,1,0.7472,1
Rio De Janeiro,20240219,Clay,R32,2024,Hugo Dellien,Cameron Norrie,135.0,23.0,0,0.2667,0,0.1917,0,0.1732,0
Rio De Janeiro,20240219,Clay,R32,2024,Sebastian Ofner,Jaume Munar,37.0,73.0,0,0.5203,1,0.5157,1,0.4947,0
Rio De Janeiro,20240219,Clay,R32,2024,Yannick Hanfmann,Nicolas Jarry,56.0,19.0,1,0.327,0,0.3077,0,0.286,0
Rio De Janeiro,20240219,Clay,R32,2024,Federico Coria,Mariano Navone,85.0,113.0,0,0.7071,1,0.7027,1,0.6419,1
Rio De Janeiro,20240219,Clay,R32,2024,Roberto Carballes Baena,Cristian Garin,66.0,88.0,0,0.5565,1,0.5084,1,0.4955,0
Rio De Janeiro,20240219,Clay,R32,2024,Arthur Fils,Joao Fonseca,36.0,655.0,0,0.9218,1,0.8676,1,0.9331,1
Rio De Janeiro,20240219,Clay,R32,2024,Laslo Djere,Bernabe Zapata Miralles,35.0,93.0,1,0.5893,1,0.6267,1,0.6022,1
Rio De Janeiro,20240219,Clay,R32,2024,Dusan Lajovic,Daniel Elahi Galan,58.0,78.0,1,0.5297,1,0.5845,1,0.5451,1
Rio De Janeiro,20240219,Clay,R32,2024,Albert Ramos,Juan Pablo Varillas,96.0,108.0,1,0.5164,1,0.4878,0,0.4662,0
Rio De Janeiro,20240219,Clay,R32,2024,Francisco Cerundolo,Francisco Comesana,22.0,119.0,1,0.767,1,0.7756,1,0.7632,1
Rio De Janeiro,20240219,Clay,R32,2024,Corentin Moutet,Sebastian Baez,147.0,30.0,0,0.2415,0,0.2229,0,0.2451,0
Rio De Janeiro,20240219,Clay,R32,2024,Stan Wawrinka,Facundo Diaz Acosta,67.0,59.0,0,0.3327,0,0.3392,0,0.337,0
Rio De Janeiro,20240219,Clay,R32,2024,Pedro Cachin,Felipe Meligeni Alves,76.0,153.0,0,0.6849,1,0.6943,1,0.7219,1
Rio De Janeiro,20240219,Clay,R32,2024,Thiago Monteiro,Carlos Alcaraz,117.0,2.0,1,0.0583,0,0.1376,0,0.0603,0
Rio De Janeiro,20240219,Clay,R16,2024,Cameron Norrie,Tomas Barrios Vera,23.0,120.0,1,0.7872,1,0.8047,1,0.8353,1
Rio De Janeiro,20240219,Clay,R16,2024,Jaume Munar,Thiago Seyboth Wild,73.0,82.0,0,0.6052,1,0.6296,1,0.61,1
Rio De Janeiro,20240219,Clay,R16,2024,Yannick Hanfmann,Mariano Navone,56.0,113.0,0,0.726,1,0.7198,1,0.5967,1
Rio De Janeiro,20240219,Clay,R16,2024,Cristian Garin,Joao Fonseca,88.0,655.0,0,0.8462,1,0.7972,1,0.873,1
Rio De Janeiro,20240219,Clay,R16,2024,Dusan Lajovic,Laslo Djere,58.0,35.0,1,0.4603,0,0.4751,0,0.4815,0
Rio De Janeiro,20240219,Clay,R16,2024,Albert Ramos,Francisco Cerundolo,96.0,22.0,0,0.341,0,0.2913,0,0.2313,0
Rio De Janeiro,20240219,Clay,R16,2024,Sebastian Baez,Facundo Diaz Acosta,30.0,59.0,1,0.4674,0,0.4664,0,0.4334,0
Rio De Janeiro,20240219,Clay,R16,2024,Thiago Monteiro,Felipe Meligeni Alves,117.0,153.0,1,0.7458,1,0.6712,1,0.7024,1
Rio De Janeiro,20240219,Clay,QF,2024,Cameron Norrie,Thiago Seyboth Wild,23.0,82.0,1,0.706,1,0.7377,1,0.7238,1
Rio De Janeiro,20240219,Clay,QF,2024,Mariano Navone,Joao Fonseca,113.0,655.0,1,0.7522,1,0.6825,1,0.7723,1
Rio De Janeiro,20240219,Clay,QF,2024,Dusan Lajovic,Francisco Cerundolo,58.0,22.0,0,0.4124,0,0.4372,0,0.4255,0
Rio De Janeiro,20240219,Clay,QF,2024,Thiago Monteiro,Sebastian Baez,117.0,30.0,0,0.4169,0,0.3956,0,0.4179,0
Rio De Janeiro,20240219,Clay,SF,2024,Cameron Norrie,Mariano Navone,23.0,113.0,0,0.7978,1,0.793,1,0.7093,1
Rio De Janeiro,20240219,Clay,SF,2024,Francisco Cerundolo,Sebastian Baez,22.0,30.0,0,0.4881,0,0.4998,0,0.4876,0
Rio De Janeiro,20240219,Clay,R32,2024,Tomas Barrios Vera,Gustavo Heide,120.0,236.0,1,0.5786,1,0.6034,1,0.6242,1
Los Cabos,20240219,Hard,R16,2024,Max Purcell,Nuno Borges,51.0,47.0,0,0.4712,0,0.4157,0,0.4607,0
Los Cabos,20240219,Hard,R32,2024,Brandon Holt,Aleksandar Kovacevic,295.0,100.0,0,0.278,0,0.2886,0,0.2925,0
Los Cabos,20240219,Hard,R32,2024,Miomir Kecmanovic,Rinky Hijikata,54.0,79.0,0,0.5256,1,0.5252,1,0.5159,1
Los Cabos,20240219,Hard,R32,2024,Taro Daniel,Marcos Giron,62.0,44.0,0,0.4891,0,0.462,0,0.4856,0
Los Cabos,20240219,Hard,R32,2024,Nuno Borges,Dominik Koepfer,47.0,57.0,1,0.4828,0,0.4515,0,0.5124,1
Los Cabos,20240219,Hard,R32,2024,Max Purcell,Matteo Arnaldi,51.0,41.0,1,0.4059,0,0.3307,0,0.3734,0
Los Cabos,20240219,Hard,R32,2024,Jordan Thompson,Ernesto Escobedo,40.0,494.0,1,0.8727,1,0.8366,1,0.8373,1
Los Cabos,20240219,Hard,R32,2024,Diego Schwartzman,Emilio Nava,115.0,146.0,0,0.4912,0,0.5497,1,0.5371,1
Los Cabos,20240219,Hard,R32,2024,Constant Lestienne,Alex Michelsen,104.0,74.0,0,0.3353,0,0.3348,0,0.2485,0
Los Cabos,20240219,Hard,R32,2024,Daniel Evans,Roman Safiullin,42.0,38.0,1,0.3914,0,0.3708,0,0.3888,0
Los Cabos,20240219,Hard,R32,2024,Thanasi Kokkinakis,Jack Draper,103.0,53.0,1,0.3028,0,0.2818,0,0.2996,0
Los Cabos,20240219,Hard,R32,2024,Yoshihito Nishioka,Flavio Cobolli,84.0,69.0,1,0.3588,0,0.3412,0,0.3512,0
Los Cabos,20240219,Hard,R16,2024,Stefanos Tsitsipas,Aleksandar Vukic,11.0,72.0,1,0.8014,1,0.8261,1,0.8434,1
Los Cabos,20240219,Hard,R16,2024,Aleksandar Kovacevic,Rinky Hijikata,100.0,79.0,1,0.4115,0,0.3537,0,0.3611,0
Los Cabos,20240219,Hard,R16,2024,Marcos Giron,Casper Ruud,44.0,12.0,0,0.2868,0,0.2641,0,0.2544,0
Los Cabos,20240219,Hard,R32,2024,Aleksandar Vukic,Rodrigo Pacheco Mendez,72.0,692.0,1,0.7295,1,0.7288,1,0.8996,1
Los Cabos,20240219,Hard,R16,2024,Jordan Thompson,Emilio Nava,40.0,146.0,1,0.7088,1,0.7176,1,0.673,1
Los Cabos,20240219,Hard,R16,2024,Alex De Minaur,Alex Michelsen,9.0,74.0,0,0.7336,1,0.7958,1,0.8175,1
Los Cabos,20240219,Hard,R16,2024,Daniel Evans,Thanasi Kokkinakis,42.0,103.0,0,0.5022,1,0.5009,1,0.5575,1
Los Cabos,20240219,Hard,R16,2024,Alexander Zverev,Yoshihito Nishioka,6.0,84.0,1,0.8816,1,0.8215,1,0.8283,1
Los Cabos,20240219,Hard,QF,2024,Stefanos Tsitsipas,Aleksandar Kovacevic,11.0,100.0,1,0.7995,1,0.8463,1,0.826,1
Los Cabos,20240219,Hard,QF,2024,Nuno Borges,Casper Ruud,47.0,12.0,0,0.2843,0,0.2281,0,0.1985,0
Los Cabos,20240219,Hard,QF,2024,Jordan Thompson,Alex Michelsen,40.0,74.0,1,0.5274,1,0.5885,1,0.5462,1
Los Cabos,20240219,Hard,QF,2024,Alexander Zverev,Thanasi Kokkinakis,6.0,103.0,1,0.8803,1,0.843,1,0.848,1
Los Cabos,20240219,Hard,SF,2024,Stefanos Tsitsipas,Casper Ruud,11.0,12.0,0,0.5075,1,0.4931,0,0.5319,1
Los Cabos,20240219,Hard,SF,2024,Alexander Zverev,Jordan Thompson,6.0,40.0,0,0.8186,1,0.8035,1,0.7902,1
Los Cabos,20240219,Hard,F,2024,Jordan Thompson,Casper Ruud,40.0,12.0,1,0.3133,0,0.2965,0,0.2953,0
Dubai,20240226,Hard,R32,2024,Zhizhen Zhang,Andrey Rublev,46.0,5.0,0,0.1928,0,0.1843,0,0.1413,0
Dubai,20240226,Hard,R32,2024,Lorenzo Musetti,Arthur Cazaux,26.0,86.0,0,0.5138,1,0.5321,1,0.4646,0
Dubai,20240226,Hard,R32,2024,Pavel Kotov,Sebastian Korda,63.0,33.0,0,0.4428,0,0.4677,0,0.5305,1
Dubai,20240226,Hard,R32,2024,Adrian Mannarino,Botic Van De Zandschulp,19.0,75.0,0,0.6118,1,0.6671,1,0.7133,1
Dubai,20240226,Hard,R32,2024,Karen Khachanov,Luca Van Assche,15.0,72.0,1,0.7009,1,0.7372,1,0.7775,1
Dubai,20240226,Hard,R32,2024,Marton Fucsovics,Jiri Lehecka,77.0,36.0,0,0.3858,0,0.3525,0,0.3232,0
Dubai,20240226,Hard,R32,2024,Tallon Griekspoor,Abedallah Shelbayh,28.0,228.0,1,0.767,1,0.7617,1,0.764,1
Dubai,20240226,Hard,R32,2024,Alexander Bublik,Tomas Machac,23.0,65.0,1,0.5716,1,0.5237,1,0.5326,1
Dubai,20240226,Hard,R32,2024,Gael Monfils,Ugo Humbert,54.0,18.0,0,0.338,0,0.3529,0,0.3688,0
Dubai,20240226,Hard,R32,2024,Andy Murray,Denis Shapovalov,67.0,120.0,1,0.5331,1,0.5433,1,0.5397,1
Dubai,20240226,Hard,R32,2024,Christopher Oconnell,Maximilian Marterer,68.0,96.0,1,0.6073,1,0.6044,1,0.5768,1
Dubai,20240226,Hard,R32,2024,Jan Lennard Struff,Hubert Hurkacz,25.0,8.0,0,0.2656,0,0.2334,0,0.234,0
Dubai,20240226,Hard,R32,2024,Alejandro Davidovich Fokina,Fabian Marozsan,24.0,59.0,1,0.5641,1,0.5362,1,0.5291,1
Dubai,20240226,Hard,R32,2024,Borna Coric,Jakub Mensik,31.0,87.0,0,0.4206,0,0.4988,0,0.4956,0
Dubai,20240226,Hard,R32,2024,Sumit Nagal,Lorenzo Sonego,97.0,48.0,0,0.5331,1,0.5126,1,0.5133,1
Dubai,20240226,Hard,R32,2024,Daniil Medvedev,Alexander Shevchenko,4.0,47.0,1,0.9122,1,0.887,1,0.9279,1
Dubai,20240226,Hard,R16,2024,Andrey Rublev,Arthur Cazaux,5.0,86.0,1,0.8141,1,0.8194,1,0.8028,1
Dubai,20240226,Hard,R16,2024,Botic Van De Zandschulp,Sebastian Korda,75.0,33.0,0,0.3698,0,0.3367,0,0.312,0
Dubai,20240226,Hard,R16,2024,Karen Khachanov,Jiri Lehecka,15.0,36.0,0,0.6272,1,0.6226,1,0.6504,1
Dubai,20240226,Hard,R16,2024,Alexander Bublik,Tallon Griekspoor,23.0,28.0,1,0.5417,1,0.5195,1,0.5258,1
Dubai,20240226,Hard,R16,2024,Andy Murray,Ugo Humbert,67.0,18.0,0,0.2537,0,0.2158,0,0.2184,0
Dubai,20240226,Hard,R16,2024,Christopher Oconnell,Hubert Hurkacz,68.0,8.0,0,0.2214,0,0.2017,0,0.2202,0
Dubai,20240226,Hard,R16,2024,Alejandro Davidovich Fokina,Jakub Mensik,24.0,87.0,1,0.4636,0,0.5029,1,0.4952,0
Dubai,20240226,Hard,R16,2024,Daniil Medvedev,Lorenzo Sonego,4.0,48.0,1,0.9268,1,0.8752,1,0.9223,1
Dubai,20240226,Hard,QF,2024,Andrey Rublev,Sebastian Korda,5.0,33.0,1,0.7598,1,0.765,1,0.7901,1
Dubai,20240226,Hard,QF,2024,Alexander Bublik,Jiri Lehecka,23.0,36.0,1,0.5504,1,0.5251,1,0.5311,1
Dubai,20240226,Hard,QF,2024,Hubert Hurkacz,Ugo Humbert,8.0,18.0,0,0.6099,1,0.6011,1,0.5633,1
Dubai,20240226,Hard,QF,2024,Daniil Medvedev,Alejandro Davidovich Fokina,4.0,24.0,1,0.8916,1,0.8645,1,0.9157,1
Dubai,20240226,Hard,SF,2024,Alexander Bublik,Andrey Rublev,23.0,5.0,1,0.2627,0,0.2297,0,0.2598,0
Dubai,20240226,Hard,SF,2024,Daniil Medvedev,Ugo Humbert,4.0,18.0,0,0.8583,1,0.7616,1,0.8581,1
Dubai,20240226,Hard,F,2024,Alexander Bublik,Ugo Humbert,23.0,18.0,0,0.4621,0,0.4544,0,0.4815,0
Acapulco,20240226,Hard,R32,2024,Michael Mmoh,Holger Rune,122.0,7.0,0,0.2543,0,0.3199,0,0.3359,0
Acapulco,20240226,Hard,R32,2024,Jordan Thompson,Aleksandar Kovacevic,32.0,93.0,0,0.6343,1,0.6948,1,0.6956,1
Acapulco,20240226,Hard,R32,2024,Dominik Koepfer,Terence Atmane,58.0,146.0,1,0.6658,1,0.6824,1,0.7392,1
Acapulco,20240226,Hard,R32,2024,Frances Tiafoe,Max Purcell,16.0,62.0,1,0.6658,1,0.6941,1,0.6968,1
Acapulco,20240226,Hard,R32,2024,Taylor Fritz,Matteo Arnaldi,10.0,42.0,0,0.7284,1,0.7343,1,0.7711,1
Acapulco,20240226,Hard,R32,2024,Daniel Evans,Ben Shelton,41.0,17.0,0,0.2763,0,0.304,0,0.2398,0
Acapulco,20240226,Hard,R32,2024,Dusan Lajovic,Rodrigo Pacheco Mendez,55.0,700.0,1,0.8332,1,0.6811,1,0.6958,1
Acapulco,20240226,Hard,R32,2024,Christopher Eubanks,Casper Ruud,34.0,11.0,0,0.3294,0,0.2721,0,0.2264,0
Acapulco,20240226,Hard,R32,2024,Roman Safiullin,Stefanos Tsitsipas,39.0,12.0,0,0.2876,0,0.273,0,0.2114,0
Acapulco,20240226,Hard,R32,2024,Felix Auger Aliassime,Flavio Cobolli,30.0,69.0,0,0.5624,1,0.5523,1,0.61,1
Acapulco,20240226,Hard,R32,2024,Ernesto Escobedo,Sebastian Ofner,493.0,37.0,0,0.1254,0,0.1843,0,0.1167,0
Acapulco,20240226,Hard,R32,2024,Taro Daniel,Alex De Minaur,64.0,9.0,0,0.2529,0,0.2414,0,0.3298,0
Acapulco,20240226,Hard,R32,2024,Tommy Paul,Jack Draper,14.0,50.0,0,0.5901,1,0.5403,1,0.5618,1
Acapulco,20240226,Hard,R32,2024,Yoshihito Nishioka,Nuno Borges,82.0,56.0,1,0.4132,0,0.3871,0,0.3576,0
Acapulco,20240226,Hard,R32,2024,Diego Schwartzman,Miomir Kecmanovic,117.0,53.0,0,0.3093,0,0.326,0,0.3624,0
Acapulco,20240226,Hard,R32,2024,Alexander Zverev,Daniel Altmaier,6.0,57.0,0,0.8569,1,0.8452,1,0.862,1
Acapulco,20240226,Hard,R16,2024,Aleksandar Kovacevic,Holger Rune,93.0,7.0,0,0.2085,0,0.1656,0,0.1308,0
Acapulco,20240226,Hard,R16,2024,Frances Tiafoe,Dominik Koepfer,16.0,58.0,0,0.638,1,0.65,1,0.6855,1
Acapulco,20240226,Hard,R16,2024,Matteo Arnaldi,Ben Shelton,42.0,17.0,0,0.3825,0,0.3786,0,0.4304,0
Acapulco,20240226,Hard,R16,2024,Dusan Lajovic,Casper Ruud,55.0,11.0,0,0.2533,0,0.2758,0,0.289,0
Acapulco,20240226,Hard,R16,2024,Stefanos Tsitsipas,Flavio Cobolli,12.0,69.0,1,0.6967,1,0.6678,1,0.6572,1
Acapulco,20240226,Hard,R16,2024,Sebastian Ofner,Alex De Minaur,37.0,9.0,0,0.3003,0,0.2706,0,0.2487,0
Acapulco,20240226,Hard,R16,2024,Yoshihito Nishioka,Jack Draper,82.0,50.0,0,0.3181,0,0.3047,0,0.2966,0
Acapulco,20240226,Hard,R16,2024,Daniel Altmaier,Miomir Kecmanovic,57.0,53.0,0,0.4671,0,0.4114,0,0.4326,0
Acapulco,20240226,Hard,QF,2024,Dominik Koepfer,Holger Rune,58.0,7.0,0,0.2483,0,0.2771,0,0.2341,0
Acapulco,20240226,Hard,QF,2024,Casper Ruud,Ben Shelton,11.0,17.0,1,0.5672,1,0.605,1,0.6083,1
Acapulco,20240226,Hard,QF,2024,Stefanos Tsitsipas,Alex De Minaur,12.0,9.0,0,0.4914,0,0.4591,0,0.4334,0
Acapulco,20240226,Hard,QF,2024,Miomir Kecmanovic,Jack Draper,53.0,50.0,0,0.3962,0,0.3599,0,0.4083,0
Acapulco,20240226,Hard,SF,2024,Casper Ruud,Holger Rune,11.0,7.0,1,0.468,0,0.4928,0,0.5281,1
Acapulco,20240226,Hard,SF,2024,Alex De Minaur,Jack Draper,9.0,50.0,1,0.6433,1,0.6094,1,0.5799,1
Acapulco,20240226,Hard,F,2024,Casper Ruud,Alex De Minaur,11.0,9.0,0,0.4896,0,0.4826,0,0.4938,0
Santiago,20240226,Clay,R32,2024,Juan Pablo Varillas,Francisco Comesana,119.0,114.0,1,0.5975,1,0.5991,1,0.6218,1
Santiago,20240226,Clay,R32,2024,Albert Ramos,Hugo Dellien,104.0,157.0,1,0.6096,1,0.6444,1,0.6314,1
Santiago,20240226,Clay,R32,2024,Bernabe Zapata Miralles,Jaume Munar,143.0,70.0,0,0.3647,0,0.3321,0,0.3071,0
Santiago,20240226,Clay,R32,2024,Thiago Seyboth Wild,Roman Andres Burruchaga,73.0,159.0,1,0.5115,1,0.5394,1,0.508,1
Santiago,20240226,Clay,R32,2024,Pedro Martinez,Francesco Passaro,101.0,224.0,1,0.5719,1,0.5774,1,0.6082,1
Santiago,20240226,Clay,R32,2024,Pedro Cachin,Facundo Diaz Acosta,78.0,52.0,0,0.3244,0,0.3128,0,0.3474,0
Santiago,20240226,Clay,R32,2024,Yannick Hanfmann,Juan Manuel Cerundolo,49.0,161.0,0,0.7181,1,0.7066,1,0.707,1
Santiago,20240226,Clay,R32,2024,Facundo Bagnis,Luciano Darderi,148.0,80.0,0,0.3048,0,0.3102,0,0.268,0
Santiago,20240226,Clay,R32,2024,Cristian Garin,Tomas Barrios Vera,83.0,111.0,0,0.5514,1,0.5853,1,0.5691,1
Santiago,20240226,Clay,R32,2024,Roberto Carballes Baena,Corentin Moutet,66.0,140.0,0,0.6702,1,0.6993,1,0.6928,1
Santiago,20240226,Clay,R32,2024,Thiago Agustin Tirante,Joao Fonseca,100.0,343.0,1,0.5612,1,0.5937,1,0.6467,1
Santiago,20240226,Clay,R32,2024,Federico Coria,Alex Molcan,88.0,135.0,1,0.4591,0,0.4914,0,0.5129,1
Santiago,20240226,Clay,R16,2024,Juan Pablo Varillas,Sebastian Baez,119.0,21.0,0,0.2571,0,0.2395,0,0.2713,0
Santiago,20240226,Clay,R16,2024,Albert Ramos,Jaume Munar,104.0,70.0,0,0.3868,0,0.3564,0,0.3482,0
Santiago,20240226,Clay,R16,2024,Thiago Seyboth Wild,Arthur Fils,73.0,44.0,0,0.3748,0,0.3213,0,0.3854,0
Santiago,20240226,Clay,R16,2024,Pedro Martinez,Facundo Diaz Acosta,101.0,52.0,1,0.2716,0,0.301,0,0.2994,0
Santiago,20240226,Clay,R16,2024,Juan Manuel Cerundolo,Luciano Darderi,161.0,80.0,0,0.1996,0,0.2558,0,0.2737,0
Santiago,20240226,Clay,R16,2024,Alejandro Tabilo,Tomas Barrios Vera,51.0,111.0,1,0.588,1,0.5845,1,0.5518,1
Santiago,20240226,Clay,R16,2024,Corentin Moutet,Thiago Agustin Tirante,140.0,100.0,1,0.3159,0,0.293,0,0.3841,0
Santiago,20240226,Clay,R16,2024,Federico Coria,Nicolas Jarry,88.0,22.0,0,0.3137,0,0.2898,0,0.2726,0
Santiago,20240226,Clay,QF,2024,Jaume Munar,Sebastian Baez,70.0,21.0,0,0.3791,0,0.3527,0,0.3221,0
Santiago,20240226,Clay,QF,2024,Pedro Martinez,Arthur Fils,101.0,44.0,1,0.2842,0,0.2771,0,0.2157,0
Santiago,20240226,Clay,QF,2024,Alejandro Tabilo,Luciano Darderi,51.0,80.0,1,0.3691,0,0.4048,0,0.3365,0
Santiago,20240226,Clay,QF,2024,Nicolas Jarry,Corentin Moutet,22.0,140.0,0,0.8184,1,0.8192,1,0.795,1
Santiago,20240226,Clay,SF,2024,Pedro Martinez,Sebastian Baez,101.0,21.0,0,0.2454,0,0.2013,0,0.228,0
Santiago,20240226,Clay,SF,2024,Alejandro Tabilo,Corentin Moutet,51.0,140.0,1,0.6987,1,0.701,1,0.7355,1
Santiago,20240226,Clay,F,2024,Alejandro Tabilo,Sebastian Baez,51.0,21.0,0,0.3724,0,0.3801,0,0.3571,0
Indian Wells Masters,20240304,Hard,R32,2024,Novak Djokovic,Luca Nardi,1.0,123.0,0,0.9669,1,0.9149,1,0.9742,1
Indian Wells Masters,20240304,Hard,F,2024,Daniil Medvedev,Carlos Alcaraz,4.0,2.0,0,0.4539,0,0.4557,0,0.5348,1
Indian Wells Masters,20240304,Hard,R128,2024,Jurij Rodionov,Fabian Marozsan,96.0,58.0,0,0.4012,0,0.381,0,0.3623,0
Indian Wells Masters,20240304,Hard,R128,2024,J J Wolf,Thiago Seyboth Wild,94.0,65.0,0,0.4907,0,0.4702,0,0.3965,0
Indian Wells Masters,20240304,Hard,R128,2024,Taro Daniel,Daniel Elahi Galan,76.0,84.0,1,0.5443,1,0.5879,1,0.5631,1
Indian Wells Masters,20240304,Hard,R128,2024,Jordan Thompson,Juncheng Shang,33.0,139.0,0,0.5956,1,0.6051,1,0.4921,0
Indian Wells Masters,20240304,Hard,R128,2024,Yannick Hanfmann,Pedro Cachin,57.0,79.0,1,0.6006,1,0.6106,1,0.6371,1
Indian Wells Masters,20240304,Hard,R128,2024,Christopher Oconnell,Jack Draper,66.0,37.0,1,0.3382,0,0.3279,0,0.3188,0
Indian Wells Masters,20240304,Hard,R128,2024,Marcos Giron,Thanasi Kokkinakis,48.0,99.0,0,0.5582,1,0.553,1,0.5523,1
Indian Wells Masters,20240304,Hard,R128,2024,Borna Coric,Sebastian Ofner,35.0,38.0,1,0.4826,0,0.461,0,0.4727,0
Indian Wells Masters,20240304,Hard,R128,2024,Dominik Koepfer,Alexander Shevchenko,49.0,51.0,0,0.4914,0,0.5306,1,0.5111,1
Indian Wells Masters,20240304,Hard,R128,2024,Seong Chan Hong,Jakub Mensik,227.0,81.0,0,0.1442,0,0.2101,0,0.2332,0
Indian Wells Masters,20240304,Hard,R128,2024,Lucas Pouille,Daniel Altmaier,273.0,53.0,1,0.2195,0,0.2782,0,0.2343,0
Indian Wells Masters,20240304,Hard,R128,2024,Dusan Lajovic,Emil Ruusuvuori,56.0,46.0,1,0.3776,0,0.3655,0,0.3877,0
Indian Wells Masters,20240304,Hard,R128,2024,Christopher Eubanks,Brandon Nakashima,34.0,93.0,0,0.6509,1,0.639,1,0.6961,1
Indian Wells Masters,20240304,Hard,R128,2024,Andy Murray,David Goffin,61.0,112.0,1,0.5701,1,0.569,1,0.5925,1
Indian Wells Masters,20240304,Hard,R128,2024,Milos Raonic,Sumit Nagal,224.0,101.0,1,0.442,0,0.4635,0,0.4816,0
Indian Wells Masters,20240304,Hard,R128,2024,Botic Van De Zandschulp,Denis Shapovalov,82.0,131.0,0,0.6216,1,0.6001,1,0.5924,1
Indian Wells Masters,20240304,Hard,R128,2024,Fabio Fognini,Bernabe Zapata Miralles,108.0,144.0,1,0.514,1,0.5553,1,0.5536,1
Indian Wells Masters,20240304,Hard,R128,2024,Alejandro Tabilo,Pavel Kotov,39.0,67.0,1,0.595,1,0.6225,1,0.6288,1
Indian Wells Masters,20240304,Hard,R128,2024,Alexandre Muller,Hugo Grenier,88.0,146.0,1,0.4985,0,0.5074,1,0.5249,1
Indian Wells Masters,20240304,Hard,R128,2024,Stan Wawrinka,Tomas Machac,70.0,63.0,0,0.3535,0,0.3573,0,0.2762,0
Indian Wells Masters,20240304,Hard,R128,2024,Daniel Evans,Roman Safiullin,45.0,42.0,0,0.4229,0,0.4109,0,0.4136,0
Indian Wells Masters,20240304,Hard,R128,2024,Roberto Carballes Baena,Flavio Cobolli,64.0,62.0,1,0.3757,0,0.3717,0,0.3882,0
Indian Wells Masters,20240304,Hard,R128,2024,Gael Monfils,Max Purcell,54.0,71.0,1,0.5418,1,0.5693,1,0.5066,1
Indian Wells Masters,20240304,Hard,R128,2024,Lorenzo Sonego,Miomir Kecmanovic,55.0,47.0,1,0.4603,0,0.4292,0,0.4449,0
Indian Wells Masters,20240304,Hard,R128,2024,Nuno Borges,Arthur Fils,60.0,43.0,0,0.4115,0,0.361,0,0.3549,0
Indian Wells Masters,20240304,Hard,R128,2024,Lukas Klein,Nicolas Moreno De Alboran,141.0,166.0,1,0.6233,1,0.615,1,0.4649,0
Indian Wells Masters,20240304,Hard,R128,2024,Patrick Kypson,Ethan Quinn,151.0,284.0,1,0.7201,1,0.6921,1,0.6858,1
Indian Wells Masters,20240304,Hard,R128,2024,Jaume Munar,Alex Michelsen,75.0,80.0,0,0.4192,0,0.4434,0,0.4396,0
Indian Wells Masters,20240304,Hard,R128,2024,Zhizhen Zhang,Aleksandar Kovacevic,50.0,92.0,1,0.5744,1,0.5686,1,0.5144,1
Indian Wells Masters,20240304,Hard,R128,2024,Aleksandar Vukic,Shintaro Mochizuki,69.0,149.0,1,0.5888,1,0.6086,1,0.667,1
Indian Wells Masters,20240304,Hard,R64,2024,Carlos Alcaraz,Matteo Arnaldi,2.0,40.0,1,0.9092,1,0.831,1,0.8349,1
Indian Wells Masters,20240304,Hard,R64,2024,Constant Lestienne,Felix Auger Aliassime,100.0,31.0,0,0.2697,0,0.2523,0,0.2376,0
Indian Wells Masters,20240304,Hard,R64,2024,Nicolas Jarry,Fabian Marozsan,24.0,58.0,0,0.6094,1,0.6106,1,0.6499,1
Indian Wells Masters,20240304,Hard,R64,2024,Karen Khachanov,Thiago Seyboth Wild,15.0,65.0,0,0.7791,1,0.8117,1,0.8205,1
Indian Wells Masters,20240304,Hard,R64,2024,Taro Daniel,Alex De Minaur,76.0,10.0,0,0.2263,0,0.1968,0,0.2232,0
Indian Wells Masters,20240304,Hard,R64,2024,Alexander Bublik,Juncheng Shang,20.0,139.0,1,0.6827,1,0.6872,1,0.6983,1
Indian Wells Masters,20240304,Hard,R64,2024,Yannick Hanfmann,Tallon Griekspoor,57.0,27.0,0,0.3517,0,0.3338,0,0.3087,0
Indian Wells Masters,20240304,Hard,R64,2024,Alexander Zverev,Christopher Oconnell,6.0,66.0,1,0.8478,1,0.8045,1,0.7647,1
Indian Wells Masters,20240304,Hard,R64,2024,Thanasi Kokkinakis,Jannik Sinner,99.0,3.0,0,0.0501,0,0.0674,0,0.025,0
Indian Wells Masters,20240304,Hard,R64,2024,Jan Lennard Struff,Borna Coric,25.0,35.0,1,0.4925,0,0.4538,0,0.4452,0
Indian Wells Masters,20240304,Hard,R64,2024,Francisco Cerundolo,Alexander Shevchenko,22.0,51.0,1,0.5483,1,0.5951,1,0.6337,1
Indian Wells Masters,20240304,Hard,R64,2024,Ben Shelton,Jakub Mensik,16.0,81.0,1,0.5679,1,0.5523,1,0.5995,1
Indian Wells Masters,20240304,Hard,R64,2024,Lucas Pouille,Stefanos Tsitsipas,273.0,11.0,0,0.0881,0,0.0704,0,0.0367,0
Indian Wells Masters,20240304,Hard,R64,2024,Dusan Lajovic,Frances Tiafoe,56.0,18.0,0,0.3466,0,0.341,0,0.3445,0
Indian Wells Masters,20240304,Hard,R64,2024,Brandon Nakashima,Jiri Lehecka,93.0,32.0,0,0.3259,0,0.3,0,0.3072,0
Indian Wells Masters,20240304,Hard,R64,2024,Andy Murray,Andrey Rublev,61.0,5.0,0,0.1356,0,0.1341,0,0.125,0
Indian Wells Masters,20240304,Hard,R64,2024,Milos Raonic,Holger Rune,224.0,7.0,0,0.1787,0,0.2703,0,0.1843,0
Indian Wells Masters,20240304,Hard,R64,2024,Denis Shapovalov,Lorenzo Musetti,131.0,26.0,0,0.3214,0,0.305,0,0.2735,0
Indian Wells Masters,20240304,Hard,R64,2024,Fabio Fognini,Sebastian Baez,108.0,19.0,0,0.2312,0,0.2565,0,0.1808,0
Indian Wells Masters,20240304,Hard,R64,2024,Taylor Fritz,Alejandro Tabilo,12.0,39.0,1,0.6545,1,0.6158,1,0.6199,1
Indian Wells Masters,20240304,Hard,R64,2024,Grigor Dimitrov,Alexandre Muller,13.0,88.0,1,0.7826,1,0.8373,1,0.8179,1
Indian Wells Masters,20240304,Hard,R64,2024,Adrian Mannarino,Tomas Machac,21.0,63.0,1,0.5247,1,0.5049,1,0.4345,0
Indian Wells Masters,20240304,Hard,R64,2024,Roman Safiullin,Sebastian Korda,42.0,29.0,0,0.3904,0,0.3681,0,0.3139,0
Indian Wells Masters,20240304,Hard,R64,2024,Roberto Carballes Baena,Daniil Medvedev,64.0,4.0,0,0.0626,0,0.078,0,0.0296,0
Indian Wells Masters,20240304,Hard,R64,2024,Gael Monfils,Hubert Hurkacz,54.0,8.0,1,0.2387,0,0.2615,0,0.2147,0
Indian Wells Masters,20240304,Hard,R64,2024,Cameron Norrie,Lorenzo Sonego,28.0,55.0,1,0.5664,1,0.5515,1,0.5539,1
Indian Wells Masters,20240304,Hard,R64,2024,Alejandro Davidovich Fokina,Arthur Fils,23.0,43.0,0,0.5249,1,0.4999,0,0.5492,1
Indian Wells Masters,20240304,Hard,R64,2024,Lukas Klein,Casper Ruud,141.0,9.0,0,0.2216,0,0.2374,0,0.2079,0
Indian Wells Masters,20240304,Hard,R64,2024,Ugo Humbert,Patrick Kypson,14.0,151.0,1,0.7473,1,0.7895,1,0.7736,1
Indian Wells Masters,20240304,Hard,R64,2024,Tommy Paul,Alex Michelsen,17.0,80.0,1,0.6408,1,0.6572,1,0.6511,1
Indian Wells Masters,20240304,Hard,R64,2024,Zhizhen Zhang,Luca Nardi,50.0,123.0,0,0.6807,1,0.7083,1,0.6798,1
Indian Wells Masters,20240304,Hard,R64,2024,Novak Djokovic,Aleksandar Vukic,1.0,69.0,1,0.9538,1,0.9085,1,0.9474,1
Indian Wells Masters,20240304,Hard,R32,2024,Felix Auger Aliassime,Carlos Alcaraz,31.0,2.0,0,0.0998,0,0.1494,0,0.1076,0
Indian Wells Masters,20240304,Hard,R32,2024,Thiago Seyboth Wild,Fabian Marozsan,65.0,58.0,0,0.38,0,0.3352,0,0.3186,0
Indian Wells Masters,20240304,Hard,R32,2024,Alexander Bublik,Alex De Minaur,20.0,10.0,0,0.4026,0,0.3908,0,0.4381,0
Indian Wells Masters,20240304,Hard,R32,2024,Alexander Zverev,Tallon Griekspoor,6.0,27.0,1,0.7737,1,0.7308,1,0.7392,1
Indian Wells Masters,20240304,Hard,R32,2024,Jan Lennard Struff,Jannik Sinner,25.0,3.0,0,0.0652,0,0.1202,0,0.0587,0
Indian Wells Masters,20240304,Hard,R32,2024,Francisco Cerundolo,Ben Shelton,22.0,16.0,0,0.3904,0,0.3706,0,0.348,0
Indian Wells Masters,20240304,Hard,R32,2024,Frances Tiafoe,Stefanos Tsitsipas,18.0,11.0,0,0.3833,0,0.3884,0,0.3937,0
Indian Wells Masters,20240304,Hard,R32,2024,Andrey Rublev,Jiri Lehecka,5.0,32.0,0,0.7595,1,0.7204,1,0.7464,1
Indian Wells Masters,20240304,Hard,R32,2024,Lorenzo Musetti,Holger Rune,26.0,7.0,0,0.2674,0,0.224,0,0.19,0
Indian Wells Masters,20240304,Hard,R32,2024,Taylor Fritz,Sebastian Baez,12.0,19.0,1,0.6581,1,0.6442,1,0.7112,1
Indian Wells Masters,20240304,Hard,R32,2024,Adrian Mannarino,Grigor Dimitrov,21.0,13.0,0,0.3466,0,0.3462,0,0.2641,0
Indian Wells Masters,20240304,Hard,R32,2024,Daniil Medvedev,Sebastian Korda,4.0,29.0,1,0.8697,1,0.8311,1,0.8494,1
Indian Wells Masters,20240304,Hard,R32,2024,Gael Monfils,Cameron Norrie,54.0,28.0,1,0.443,0,0.4357,0,0.4396,0
Indian Wells Masters,20240304,Hard,R32,2024,Casper Ruud,Arthur Fils,9.0,43.0,1,0.6806,1,0.7172,1,0.7093,1
Indian Wells Masters,20240304,Hard,R32,2024,Tommy Paul,Ugo Humbert,17.0,14.0,1,0.4477,0,0.4072,0,0.4007,0
Indian Wells Masters,20240304,Hard,R128,2024,Matteo Arnaldi,Luca Van Assche,40.0,86.0,1,0.5894,1,0.6034,1,0.5771,1
Indian Wells Masters,20240304,Hard,R16,2024,Fabian Marozsan,Carlos Alcaraz,58.0,2.0,0,0.078,0,0.1372,0,0.0796,0
Indian Wells Masters,20240304,Hard,R16,2024,Alexander Zverev,Alex De Minaur,6.0,10.0,1,0.6292,1,0.593,1,0.5691,1
Indian Wells Masters,20240304,Hard,R16,2024,Jannik Sinner,Ben Shelton,3.0,16.0,1,0.8787,1,0.882,1,0.9042,1
Indian Wells Masters,20240304,Hard,R16,2024,Stefanos Tsitsipas,Jiri Lehecka,11.0,32.0,0,0.6516,1,0.6397,1,0.6349,1
Indian Wells Masters,20240304,Hard,R16,2024,Taylor Fritz,Holger Rune,12.0,7.0,0,0.5007,1,0.553,1,0.6297,1
Indian Wells Masters,20240304,Hard,R16,2024,Grigor Dimitrov,Daniil Medvedev,13.0,4.0,0,0.1949,0,0.3203,0,0.2699,0
Indian Wells Masters,20240304,Hard,R16,2024,Gael Monfils,Casper Ruud,54.0,9.0,0,0.2484,0,0.2848,0,0.2669,0
Indian Wells Masters,20240304,Hard,R16,2024,Tommy Paul,Luca Nardi,17.0,123.0,1,0.7921,1,0.82,1,0.7901,1
Indian Wells Masters,20240304,Hard,QF,2024,Alexander Zverev,Carlos Alcaraz,6.0,2.0,0,0.2756,0,0.3753,0,0.4312,0
Indian Wells Masters,20240304,Hard,QF,2024,Jannik Sinner,Jiri Lehecka,3.0,32.0,1,0.9134,1,0.879,1,0.8789,1
Indian Wells Masters,20240304,Hard,QF,2024,Daniil Medvedev,Holger Rune,4.0,7.0,1,0.7765,1,0.746,1,0.7717,1
Indian Wells Masters,20240304,Hard,QF,2024,Tommy Paul,Casper Ruud,17.0,9.0,1,0.3997,0,0.3644,0,0.4295,0
Indian Wells Masters,20240304,Hard,SF,2024,Jannik Sinner,Carlos Alcaraz,3.0,2.0,0,0.5462,1,0.5213,1,0.6187,1
Indian Wells Masters,20240304,Hard,SF,2024,Daniil Medvedev,Tommy Paul,4.0,17.0,1,0.8455,1,0.7313,1,0.8421,1
Indian Wells Masters,20240304,Hard,R128,2024,Constant Lestienne,Denis Kudla,100.0,179.0,1,0.494,0,0.5106,1,0.4884,0
Davis Cup WG2 PO: IRI vs EST,20240315,Clay,RR,2024,Hamid Reza Nadaf,Oliver Ojakaar,1588.0,939.0,0,0.1796,0,0.3155,0,0.3737,0
Davis Cup WG2 PO: IRI vs EST,20240315,Clay,RR,2024,Kristjan Tamm,Sina Moghimi,1063.0,1086.0,0,0.5538,1,0.5415,1,0.5138,1
Davis Cup WG2 PO: IRI vs EST,20240315,Clay,RR,2024,Sina Moghimi,Oliver Ojakaar,1086.0,939.0,0,0.4679,0,0.3121,0,0.3483,0
Miami Masters,20240318,Hard,R64,2024,Andrey Rublev,Tomas Machac,6.0,60.0,0,0.7782,1,0.695,1,0.7332,1
Miami Masters,20240318,Hard,F,2024,Grigor Dimitrov,Jannik Sinner,12.0,3.0,0,0.1427,0,0.2473,0,0.2594,0
Miami Masters,20240318,Hard,R128,2024,Christopher Oconnell,Vit Kopriva,66.0,116.0,1,0.5954,1,0.6029,1,0.5806,1
Miami Masters,20240318,Hard,R128,2024,Martin Damm,Zhizhen Zhang,204.0,49.0,1,0.2449,0,0.2433,0,0.3547,0
Miami Masters,20240318,Hard,R128,2024,Denis Shapovalov,Luciano Darderi,126.0,75.0,1,0.4368,0,0.4332,0,0.4433,0
Miami Masters,20240318,Hard,R128,2024,Matteo Arnaldi,Arthur Fils,38.0,37.0,1,0.4687,0,0.4206,0,0.4482,0
Miami Masters,20240318,Hard,R128,2024,Andy Murray,Matteo Berrettini,62.0,142.0,1,0.5843,1,0.6021,1,0.5281,1
Miami Masters,20240318,Hard,R128,2024,Tomas Machac,Darwin Blanch,60.0,1034.0,1,0.9546,1,0.8965,1,0.9331,1
Miami Masters,20240318,Hard,R128,2024,Marton Fucsovics,Max Purcell,86.0,68.0,1,0.493,0,0.5501,1,0.5793,1
Miami Masters,20240318,Hard,R128,2024,Yoshihito Nishioka,Flavio Cobolli,71.0,63.0,0,0.4094,0,0.3943,0,0.3556,0
Miami Masters,20240318,Hard,R128,2024,Marcos Giron,Dominik Koepfer,51.0,50.0,0,0.4882,0,0.4684,0,0.4886,0
Miami Masters,20240318,Hard,R128,2024,Botic Van De Zandschulp,Rinky Hijikata,77.0,81.0,1,0.482,0,0.4701,0,0.5298,1
Miami Masters,20240318,Hard,R128,2024,Nuno Borges,Thiago Seyboth Wild,61.0,76.0,0,0.5461,1,0.5635,1,0.5558,1
Miami Masters,20240318,Hard,R128,2024,Taro Daniel,Jack Draper,78.0,42.0,0,0.3474,0,0.325,0,0.3553,0
Miami Masters,20240318,Hard,R128,2024,Miomir Kecmanovic,Juncheng Shang,46.0,124.0,0,0.552,1,0.5401,1,0.4921,0
Miami Masters,20240318,Hard,R128,2024,Pavel Kotov,Luca Van Assche,67.0,80.0,0,0.5248,1,0.5262,1,0.5209,1
Miami Masters,20240318,Hard,R128,2024,Aleksandar Kovacevic,Fabian Marozsan,98.0,57.0,0,0.3895,0,0.3523,0,0.388,0
Miami Masters,20240318,Hard,R128,2024,Alexei Popyrin,Facundo Diaz Acosta,45.0,55.0,1,0.5992,1,0.6039,1,0.6255,1
Miami Masters,20240318,Hard,R128,2024,Daniel Altmaier,Harold Mayot,54.0,141.0,1,0.4569,0,0.5093,1,0.4677,0
Miami Masters,20240318,Hard,R128,2024,Alexandre Muller,Soon Woo Kwon,85.0,863.0,0,0.906,1,0.8087,1,0.8742,1
Miami Masters,20240318,Hard,R128,2024,Laslo Djere,Coleman Wong,35.0,212.0,1,0.4734,0,0.5721,1,0.5483,1
Miami Masters,20240318,Hard,R128,2024,Kei Nishikori,Sebastian Ofner,351.0,40.0,0,0.2494,0,0.2349,0,0.0846,0
Miami Masters,20240318,Hard,R128,2024,Daniel Evans,Lorenzo Sonego,43.0,53.0,1,0.4214,0,0.4315,0,0.4086,0
Miami Masters,20240318,Hard,R128,2024,Felix Auger Aliassime,Adam Walton,36.0,150.0,1,0.7831,1,0.7566,1,0.7302,1
Miami Masters,20240318,Hard,R128,2024,Daniel Elahi Galan,Alexander Shevchenko,84.0,58.0,0,0.3875,0,0.3312,0,0.3196,0
Miami Masters,20240318,Hard,R128,2024,Roberto Bautista Agut,Emilio Nava,100.0,132.0,1,0.4678,0,0.487,0,0.3931,0
Miami Masters,20240318,Hard,R128,2024,Yannick Hanfmann,Emil Ruusuvuori,56.0,48.0,1,0.3707,0,0.3515,0,0.3304,0
Miami Masters,20240318,Hard,R128,2024,Alejandro Tabilo,Brandon Nakashima,44.0,92.0,1,0.6107,1,0.659,1,0.6239,1
Miami Masters,20240318,Hard,R128,2024,Jaume Munar,Martin Landaluce,72.0,360.0,0,0.7665,1,0.7795,1,0.8088,1
Miami Masters,20240318,Hard,R128,2024,Diego Schwartzman,Roman Safiullin,122.0,39.0,0,0.3145,0,0.3004,0,0.3184,0
Miami Masters,20240318,Hard,R128,2024,Gael Monfils,Dusan Lajovic,47.0,52.0,1,0.544,1,0.5822,1,0.601,1
Miami Masters,20240318,Hard,R128,2024,Roberto Carballes Baena,Aleksandar Vukic,64.0,65.0,1,0.4851,0,0.5201,1,0.5399,1
Miami Masters,20240318,Hard,R64,2024,Andrea Vavassori,Jannik Sinner,148.0,3.0,0,0.0338,0,0.127,0,0.0752,0
Miami Masters,20240318,Hard,R64,2024,Tallon Griekspoor,Alex Michelsen,26.0,73.0,1,0.566,1,0.5945,1,0.6045,1
Miami Masters,20240318,Hard,R64,2024,Christopher Oconnell,Frances Tiafoe,66.0,22.0,1,0.3773,0,0.3741,0,0.3717,0
Miami Masters,20240318,Hard,R64,2024,Martin Damm,Tommy Paul,204.0,14.0,1,0.1444,0,0.1705,0,0.1434,0
Miami Masters,20240318,Hard,R64,2024,Stefanos Tsitsipas,Denis Shapovalov,11.0,126.0,0,0.8283,1,0.8376,1,0.8635,1
Miami Masters,20240318,Hard,R64,2024,Alexander Bublik,Matteo Arnaldi,18.0,38.0,0,0.6091,1,0.5807,1,0.5909,1
Miami Masters,20240318,Hard,R64,2024,Andy Murray,Tomas Martin Etcheverry,62.0,30.0,1,0.358,0,0.3268,0,0.253,0
Miami Masters,20240318,Hard,R128,2024,Pedro Cachin,Andrea Vavassori,79.0,148.0,0,0.4566,0,0.5758,1,0.5962,1
Miami Masters,20240318,Hard,R64,2024,Marton Fucsovics,Daniil Medvedev,86.0,4.0,0,0.0684,0,0.106,0,0.0576,0
Miami Masters,20240318,Hard,R64,2024,Cameron Norrie,Flavio Cobolli,31.0,63.0,1,0.5044,1,0.4886,0,0.4654,0
Miami Masters,20240318,Hard,R64,2024,Dominik Koepfer,Sebastian Baez,50.0,19.0,1,0.3895,0,0.3752,0,0.3722,0
Miami Masters,20240318,Hard,R64,2024,Botic Van De Zandschulp,Ugo Humbert,77.0,15.0,0,0.2615,0,0.2174,0,0.2309,0
Miami Masters,20240318,Hard,R64,2024,Taylor Fritz,Thiago Seyboth Wild,13.0,76.0,0,0.7932,1,0.8299,1,0.831,1
Miami Masters,20240318,Hard,R64,2024,Nicolas Jarry,Jack Draper,23.0,42.0,1,0.5004,1,0.4885,0,0.5226,1
Miami Masters,20240318,Hard,R64,2024,Alejandro Davidovich Fokina,Juncheng Shang,28.0,124.0,1,0.5974,1,0.6099,1,0.6371,1
Miami Masters,20240318,Hard,R64,2024,Casper Ruud,Luca Van Assche,8.0,80.0,1,0.7711,1,0.8211,1,0.8618,1
Miami Masters,20240318,Hard,R64,2024,Fabian Marozsan,Holger Rune,57.0,7.0,1,0.2747,0,0.2762,0,0.2307,0
Miami Masters,20240318,Hard,R64,2024,Alexei Popyrin,Jiri Lehecka,45.0,27.0,1,0.4549,0,0.4133,0,0.4092,0
Miami Masters,20240318,Hard,R64,2024,Jan Lennard Struff,Daniel Altmaier,25.0,54.0,1,0.5455,1,0.5621,1,0.5447,1
Miami Masters,20240318,Hard,R64,2024,Soon Woo Kwon,Alex De Minaur,863.0,10.0,0,0.0257,0,0.0557,0,0.0191,0
Miami Masters,20240318,Hard,R64,2024,Laslo Djere,Karen Khachanov,35.0,16.0,0,0.3225,0,0.3143,0,0.3401,0
Miami Masters,20240318,Hard,R64,2024,Sebastian Ofner,Francisco Cerundolo,40.0,21.0,0,0.4305,0,0.3411,0,0.3311,0
Miami Masters,20240318,Hard,R64,2024,Daniel Evans,Christopher Eubanks,43.0,32.0,0,0.3804,0,0.3678,0,0.3946,0
Miami Masters,20240318,Hard,R64,2024,Alexander Zverev,Felix Auger Aliassime,5.0,36.0,1,0.7906,1,0.8157,1,0.826,1
Miami Masters,20240318,Hard,R64,2024,Hubert Hurkacz,Alexander Shevchenko,9.0,58.0,1,0.7349,1,0.7292,1,0.7449,1
Miami Masters,20240318,Hard,R64,2024,Roberto Bautista Agut,Sebastian Korda,100.0,29.0,0,0.2496,0,0.2632,0,0.177,0
Miami Masters,20240318,Hard,R64,2024,Adrian Mannarino,Yannick Hanfmann,20.0,56.0,0,0.6401,1,0.6346,1,0.5989,1
Miami Masters,20240318,Hard,R64,2024,Grigor Dimitrov,Alejandro Tabilo,12.0,44.0,1,0.628,1,0.6264,1,0.5933,1
Miami Masters,20240318,Hard,R64,2024,Ben Shelton,Martin Landaluce,17.0,360.0,1,0.9052,1,0.8682,1,0.8646,1
Miami Masters,20240318,Hard,R64,2024,Roman Safiullin,Lorenzo Musetti,39.0,24.0,0,0.4476,0,0.4104,0,0.3987,0
Miami Masters,20240318,Hard,R64,2024,Gael Monfils,Jordan Thompson,47.0,34.0,1,0.4659,0,0.4482,0,0.4359,0
Miami Masters,20240318,Hard,R64,2024,Roberto Carballes Baena,Carlos Alcaraz,64.0,2.0,0,0.0522,0,0.0813,0,0.0429,0
Miami Masters,20240318,Hard,R32,2024,Tallon Griekspoor,Jannik Sinner,26.0,3.0,0,0.0902,0,0.1472,0,0.1292,0
Miami Masters,20240318,Hard,R32,2024,Martin Damm,Christopher Oconnell,204.0,66.0,0,0.2878,0,0.375,0,0.6724,1
Miami Masters,20240318,Hard,R32,2024,Denis Shapovalov,Matteo Arnaldi,126.0,38.0,0,0.3225,0,0.3063,0,0.3025,0
Miami Masters,20240318,Hard,R32,2024,Andy Murray,Tomas Machac,62.0,60.0,0,0.3743,0,0.3756,0,0.3996,0
Miami Masters,20240318,Hard,R32,2024,Daniil Medvedev,Cameron Norrie,4.0,31.0,1,0.9057,1,0.8859,1,0.8907,1
Miami Masters,20240318,Hard,R32,2024,Dominik Koepfer,Ugo Humbert,50.0,15.0,1,0.3002,0,0.2798,0,0.256,0
Miami Masters,20240318,Hard,R32,2024,Nicolas Jarry,Thiago Seyboth Wild,23.0,76.0,1,0.6653,1,0.7064,1,0.6971,1
Miami Masters,20240318,Hard,R32,2024,Casper Ruud,Alejandro Davidovich Fokina,8.0,28.0,1,0.6999,1,0.7277,1,0.8388,1
Miami Masters,20240318,Hard,R32,2024,Alexei Popyrin,Fabian Marozsan,45.0,57.0,0,0.5324,1,0.4908,0,0.4611,0
Miami Masters,20240318,Hard,R32,2024,Jan Lennard Struff,Alex De Minaur,25.0,10.0,0,0.2644,0,0.2389,0,0.223,0
Miami Masters,20240318,Hard,R32,2024,Karen Khachanov,Francisco Cerundolo,16.0,21.0,1,0.6204,1,0.6513,1,0.7109,1
Miami Masters,20240318,Hard,R32,2024,Alexander Zverev,Christopher Eubanks,5.0,32.0,1,0.8065,1,0.7931,1,0.7608,1
Miami Masters,20240318,Hard,R32,2024,Hubert Hurkacz,Sebastian Korda,9.0,29.0,1,0.6488,1,0.6565,1,0.6485,1
Miami Masters,20240318,Hard,R32,2024,Grigor Dimitrov,Yannick Hanfmann,12.0,56.0,1,0.759,1,0.808,1,0.8199,1
Miami Masters,20240318,Hard,R32,2024,Lorenzo Musetti,Ben Shelton,24.0,17.0,1,0.3398,0,0.3153,0,0.2193,0
Miami Masters,20240318,Hard,R32,2024,Gael Monfils,Carlos Alcaraz,47.0,2.0,0,0.073,0,0.1834,0,0.1087,0
Miami Masters,20240318,Hard,R16,2024,Christopher Oconnell,Jannik Sinner,66.0,3.0,0,0.0568,0,0.0784,0,0.0305,0
Miami Masters,20240318,Hard,R16,2024,Tomas Machac,Matteo Arnaldi,60.0,38.0,1,0.4958,0,0.5115,1,0.5114,1
Miami Masters,20240318,Hard,R16,2024,Daniil Medvedev,Dominik Koepfer,4.0,50.0,1,0.9137,1,0.85,1,0.8973,1
Miami Masters,20240318,Hard,R16,2024,Nicolas Jarry,Casper Ruud,23.0,8.0,1,0.3411,0,0.3311,0,0.2442,0
Miami Masters,20240318,Hard,R16,2024,Alex De Minaur,Fabian Marozsan,10.0,57.0,0,0.7088,1,0.7352,1,0.7884,1
Miami Masters,20240318,Hard,R16,2024,Alexander Zverev,Karen Khachanov,5.0,16.0,1,0.6863,1,0.6505,1,0.6278,1
Miami Masters,20240318,Hard,R16,2024,Grigor Dimitrov,Hubert Hurkacz,12.0,9.0,1,0.4545,0,0.4929,0,0.5336,1
Miami Masters,20240318,Hard,R16,2024,Lorenzo Musetti,Carlos Alcaraz,24.0,2.0,0,0.0775,0,0.1028,0,0.0417,0
Miami Masters,20240318,Hard,R128,2024,Lukas Klein,Alex Michelsen,128.0,73.0,0,0.4365,0,0.4654,0,0.4738,0
Miami Masters,20240318,Hard,QF,2024,Daniil Medvedev,Nicolas Jarry,4.0,23.0,1,0.874,1,0.7932,1,0.7899,1
Miami Masters,20240318,Hard,QF,2024,Alexander Zverev,Fabian Marozsan,5.0,57.0,1,0.8042,1,0.7667,1,0.7926,1
Miami Masters,20240318,Hard,QF,2024,Grigor Dimitrov,Carlos Alcaraz,12.0,2.0,1,0.154,0,0.2744,0,0.2542,0
Miami Masters,20240318,Hard,SF,2024,Daniil Medvedev,Jannik Sinner,4.0,3.0,0,0.418,0,0.3764,0,0.3994,0
Miami Masters,20240318,Hard,SF,2024,Alexander Zverev,Grigor Dimitrov,5.0,12.0,0,0.6661,1,0.5825,1,0.6854,1
Miami Masters,20240318,Hard,QF,2024,Jannik Sinner,Tomas Machac,3.0,60.0,1,0.9247,1,0.8564,1,0.8872,1
Marrakech,20240401,Clay,R32,2024,Alexandre Muller,Aleksandar Vukic,86.0,67.0,0,0.573,1,0.5362,1,0.5225,1
Marrakech,20240401,Clay,QF,2024,Matteo Berrettini,Lorenzo Sonego,135.0,61.0,1,0.4394,0,0.4113,0,0.4429,0
Marrakech,20240401,Clay,R32,2024,Aziz Dougaz,Mariano Navone,235.0,60.0,0,0.3151,0,0.3485,0,0.2151,0
Marrakech,20240401,Clay,R32,2024,Sumit Nagal,Corentin Moutet,95.0,99.0,1,0.3169,0,0.4018,0,0.2321,0
Marrakech,20240401,Clay,R32,2024,Jaume Munar,Luca Van Assche,73.0,94.0,1,0.5383,1,0.5658,1,0.5095,1
Marrakech,20240401,Clay,R32,2024,Matteo Berrettini,Alexander Shevchenko,135.0,56.0,1,0.4071,0,0.4378,0,0.4921,0
Marrakech,20240401,Clay,R32,2024,Nicolas Moreno De Alboran,Facundo Diaz Acosta,157.0,55.0,1,0.2077,0,0.2669,0,0.2669,0
Marrakech,20240401,Clay,R32,2024,Stan Wawrinka,Albert Ramos,82.0,103.0,1,0.4853,0,0.5254,1,0.519,1
Marrakech,20240401,Clay,R32,2024,Roberto Carballes Baena,Matteo Gigante,64.0,145.0,1,0.7258,1,0.7032,1,0.6902,1
Marrakech,20240401,Clay,R32,2024,Flavio Cobolli,Abedallah Shelbayh,63.0,230.0,1,0.702,1,0.7053,1,0.7204,1
Marrakech,20240401,Clay,R32,2024,Pavel Kotov,Elliot Benchetrit,68.0,661.0,1,0.8006,1,0.7311,1,0.7976,1
Marrakech,20240401,Clay,R32,2024,Fabio Fognini,Hugo Gaston,100.0,89.0,1,0.5191,1,0.5065,1,0.4675,0
Marrakech,20240401,Clay,R16,2024,Sebastian Ofner,Aleksandar Vukic,47.0,67.0,0,0.6155,1,0.6586,1,0.6927,1
Marrakech,20240401,Clay,R16,2024,Stan Wawrinka,Mariano Navone,82.0,60.0,0,0.3682,0,0.3743,0,0.2904,0
Marrakech,20240401,Clay,R16,2024,Sumit Nagal,Lorenzo Sonego,95.0,61.0,0,0.2843,0,0.3052,0,0.2415,0
Marrakech,20240401,Clay,R16,2024,Matteo Berrettini,Jaume Munar,135.0,73.0,1,0.4383,0,0.4268,0,0.4381,0
Marrakech,20240401,Clay,R16,2024,David Goffin,Nicolas Moreno De Alboran,102.0,157.0,0,0.5915,1,0.6097,1,0.5743,1
Marrakech,20240401,Clay,R16,2024,Daniel Evans,Roberto Carballes Baena,42.0,64.0,0,0.4747,0,0.483,0,0.5342,1
Marrakech,20240401,Clay,R16,2024,Pavel Kotov,Flavio Cobolli,68.0,63.0,1,0.4857,0,0.4616,0,0.4307,0
Marrakech,20240401,Clay,R16,2024,Fabio Fognini,Laslo Djere,100.0,34.0,1,0.3861,0,0.4151,0,0.4498,0
Marrakech,20240401,Clay,QF,2024,Aleksandar Vukic,Mariano Navone,67.0,60.0,0,0.339,0,0.3294,0,0.2679,0
Marrakech,20240401,Clay,F,2024,Roberto Carballes Baena,Matteo Berrettini,64.0,135.0,0,0.5293,1,0.5529,1,0.5533,1
Marrakech,20240401,Clay,QF,2024,Roberto Carballes Baena,Nicolas Moreno De Alboran,64.0,157.0,1,0.6888,1,0.7052,1,0.7207,1
Marrakech,20240401,Clay,QF,2024,Fabio Fognini,Pavel Kotov,100.0,68.0,0,0.4351,0,0.4497,0,0.4913,0
Marrakech,20240401,Clay,SF,2024,Matteo Berrettini,Mariano Navone,135.0,60.0,1,0.3992,0,0.3869,0,0.4112,0
Marrakech,20240401,Clay,SF,2024,Roberto Carballes Baena,Pavel Kotov,64.0,68.0,1,0.4714,0,0.4568,0,0.4459,0
Marrakech,20240401,Clay,R32,2024,David Goffin,Arthur Rinderknech,102.0,81.0,1,0.3386,0,0.3411,0,0.3385,0
Houston,20240401,Clay,R16,2024,Marcos Giron,J J Wolf,51.0,96.0,1,0.6056,1,0.5606,1,0.5823,1
Houston,20240401,Clay,R32,2024,Alexander Ritschard,J J Wolf,194.0,96.0,0,0.3905,0,0.3796,0,0.4059,0
Houston,20240401,Clay,R32,2024,Marcos Giron,Denis Shapovalov,51.0,121.0,1,0.5665,1,0.5722,1,0.6003,1
Houston,20240401,Clay,R32,2024,James Duckworth,Gijs Brouwer,105.0,199.0,1,0.4855,0,0.582,1,0.3864,0
Houston,20240401,Clay,R32,2024,Thanasi Kokkinakis,Aleksandar Kovacevic,104.0,98.0,0,0.6371,1,0.6354,1,0.7144,1
Houston,20240401,Clay,R32,2024,Jordan Thompson,Yibing Wu,33.0,298.0,1,0.6907,1,0.7632,1,0.7828,1
Houston,20240401,Clay,R32,2024,Max Purcell,Alex Michelsen,79.0,70.0,1,0.5052,1,0.5355,1,0.5673,1
Houston,20240401,Clay,R32,2024,Michael Mmoh,Juan Pablo Varillas,123.0,101.0,1,0.451,0,0.4319,0,0.4908,0
Houston,20240401,Clay,R32,2024,Benoit Paire,Daniel Elahi Galan,142.0,83.0,0,0.4118,0,0.361,0,0.425,0
Houston,20240401,Clay,R32,2024,Christopher Eubanks,Rinky Hijikata,41.0,80.0,0,0.6457,1,0.6539,1,0.7193,1
Houston,20240401,Clay,R32,2024,Brandon Nakashima,Duje Ajdukovic,92.0,115.0,1,0.6095,1,0.6308,1,0.503,1
Houston,20240401,Clay,R32,2024,Zizou Bergs,Patrick Kypson,111.0,133.0,1,0.622,1,0.6095,1,0.5972,1
Houston,20240401,Clay,R16,2024,Francisco Cerundolo,Luciano Darderi,23.0,72.0,0,0.4963,0,0.4846,0,0.507,1
Houston,20240401,Clay,R32,2024,Denis Kudla,Luciano Darderi,160.0,72.0,0,0.2761,0,0.2836,0,0.3288,0
Houston,20240401,Clay,R16,2024,James Duckworth,Frances Tiafoe,105.0,21.0,0,0.2313,0,0.2574,0,0.28,0
Houston,20240401,Clay,R16,2024,Jordan Thompson,Aleksandar Kovacevic,33.0,98.0,1,0.5969,1,0.647,1,0.6699,1
Houston,20240401,Clay,R16,2024,Michael Mmoh,Max Purcell,123.0,79.0,1,0.4256,0,0.3915,0,0.3959,0
Houston,20240401,Clay,R16,2024,Daniel Elahi Galan,Tomas Martin Etcheverry,83.0,30.0,0,0.3173,0,0.2831,0,0.2483,0
Houston,20240401,Clay,R16,2024,Brandon Nakashima,Rinky Hijikata,92.0,80.0,1,0.6109,1,0.5668,1,0.6109,1
Houston,20240401,Clay,R16,2024,Zizou Bergs,Ben Shelton,111.0,16.0,0,0.3782,0,0.3761,0,0.4789,0
Houston,20240401,Clay,QF,2024,Marcos Giron,Luciano Darderi,51.0,72.0,0,0.4023,0,0.4168,0,0.3988,0
Houston,20240401,Clay,QF,2024,Jordan Thompson,Frances Tiafoe,33.0,21.0,0,0.3156,0,0.3906,0,0.3779,0
Houston,20240401,Clay,QF,2024,Michael Mmoh,Tomas Martin Etcheverry,123.0,30.0,0,0.278,0,0.3319,0,0.329,0
Houston,20240401,Clay,QF,2024,Brandon Nakashima,Ben Shelton,92.0,16.0,0,0.365,0,0.3247,0,0.2628,0
Houston,20240401,Clay,SF,2024,Frances Tiafoe,Luciano Darderi,21.0,72.0,1,0.5169,1,0.4929,0,0.5456,1
Houston,20240401,Clay,SF,2024,Tomas Martin Etcheverry,Ben Shelton,30.0,16.0,0,0.4806,0,0.4353,0,0.4749,0
Houston,20240401,Clay,F,2024,Frances Tiafoe,Ben Shelton,21.0,16.0,0,0.5143,1,0.4976,0,0.4526,0
Estoril,20240401,Clay,R32,2024,Jan Choinski,Joao Fonseca,188.0,288.0,1,0.3521,0,0.5512,1,0.6749,1
Estoril,20240401,Clay,R32,2024,David Jorda Sanchis,Jaime Faria,329.0,262.0,1,0.4565,0,0.3906,0,0.4334,0
Estoril,20240401,Clay,R32,2024,Dominik Koepfer,Pablo Llamas Ruiz,52.0,152.0,0,0.4175,0,0.5358,1,0.5377,1
Estoril,20240401,Clay,R32,2024,Lucas Pouille,Nuno Borges,241.0,62.0,0,0.3902,0,0.4044,0,0.4466,0
Estoril,20240401,Clay,R32,2024,Cristian Garin,Jurij Rodionov,112.0,119.0,1,0.5635,1,0.5911,1,0.5829,1
Estoril,20240401,Clay,R32,2024,Joao Sousa,Arthur Fils,272.0,37.0,0,0.225,0,0.3138,0,0.2502,0
Estoril,20240401,Clay,R32,2024,Roberto Bautista Agut,Miomir Kecmanovic,93.0,50.0,1,0.4049,0,0.4448,0,0.4998,0
Estoril,20240401,Clay,R32,2024,Pedro Martinez,Daniel Altmaier,77.0,54.0,1,0.4817,0,0.4703,0,0.5017,1
Estoril,20240401,Clay,R32,2024,Dominic Thiem,Maximilian Marterer,91.0,97.0,1,0.6122,1,0.5764,1,0.6131,1
Estoril,20240401,Clay,R32,2024,Gael Monfils,Henrique Rocha,45.0,197.0,1,0.5762,1,0.5952,1,0.5534,1
Estoril,20240401,Clay,R32,2024,Marton Fucsovics,Pedro Cachin,85.0,78.0,1,0.5315,1,0.5261,1,0.5621,1
Estoril,20240401,Clay,R32,2024,Federico Coria,Botic Van De Zandschulp,88.0,87.0,0,0.5368,1,0.5325,1,0.5471,1
Estoril,20240401,Clay,R16,2024,Jan Choinski,Hubert Hurkacz,188.0,10.0,0,0.1222,0,0.0874,0,0.0562,0
Estoril,20240401,Clay,R16,2024,David Jorda Sanchis,Pablo Llamas Ruiz,329.0,152.0,0,0.207,0,0.3209,0,0.4202,0
Estoril,20240401,Clay,R16,2024,Nuno Borges,Lorenzo Musetti,62.0,24.0,1,0.3434,0,0.304,0,0.2905,0
Estoril,20240401,Clay,R16,2024,Cristian Garin,Arthur Fils,112.0,37.0,1,0.3697,0,0.331,0,0.3959,0
Estoril,20240401,Clay,R16,2024,Roberto Bautista Agut,Pedro Martinez,93.0,77.0,0,0.4067,0,0.3817,0,0.3807,0
Estoril,20240401,Clay,R16,2024,Richard Gasquet,Dominic Thiem,122.0,91.0,1,0.2652,0,0.282,0,0.3415,0
Estoril,20240401,Clay,R16,2024,Gael Monfils,Marton Fucsovics,45.0,85.0,0,0.5152,1,0.536,1,0.492,0
Estoril,20240401,Clay,R16,2024,Botic Van De Zandschulp,Casper Ruud,87.0,8.0,0,0.195,0,0.1545,0,0.173,0
Estoril,20240401,Clay,QF,2024,Hubert Hurkacz,Pablo Llamas Ruiz,10.0,152.0,1,0.7466,1,0.7138,1,0.7247,1
Estoril,20240401,Clay,QF,2024,Cristian Garin,Nuno Borges,112.0,62.0,1,0.483,0,0.4777,0,0.4666,0
Estoril,20240401,Clay,QF,2024,Richard Gasquet,Pedro Martinez,122.0,77.0,0,0.3221,0,0.2954,0,0.2307,0
Estoril,20240401,Clay,QF,2024,Marton Fucsovics,Casper Ruud,85.0,8.0,0,0.1969,0,0.195,0,0.2626,0
Estoril,20240401,Clay,SF,2024,Cristian Garin,Hubert Hurkacz,112.0,10.0,0,0.2326,0,0.2525,0,0.1403,0
Estoril,20240401,Clay,SF,2024,Pedro Martinez,Casper Ruud,77.0,8.0,1,0.2218,0,0.1518,0,0.1408,0
Estoril,20240401,Clay,F,2024,Pedro Martinez,Hubert Hurkacz,77.0,10.0,0,0.2688,0,0.243,0,0.1364,0
Monte Carlo Masters,20240408,Clay,R64,2024,Sumit Nagal,Matteo Arnaldi,93.0,38.0,1,0.3548,0,0.3299,0,0.3352,0
Monte Carlo Masters,20240408,Clay,F,2024,Stefanos Tsitsipas,Casper Ruud,12.0,10.0,1,0.5037,1,0.4458,0,0.4625,0
Monte Carlo Masters,20240408,Clay,R64,2024,Borna Coric,Alexander Bublik,33.0,18.0,1,0.4375,0,0.3841,0,0.399,0
Monte Carlo Masters,20240408,Clay,R64,2024,Grigor Dimitrov,Valentin Vacherot,9.0,138.0,1,0.7267,1,0.7604,1,0.7575,1
Monte Carlo Masters,20240408,Clay,R64,2024,Matteo Berrettini,Miomir Kecmanovic,84.0,66.0,0,0.6923,1,0.6256,1,0.6902,1
Monte Carlo Masters,20240408,Clay,R64,2024,Alejandro Davidovich Fokina,Sebastian Korda,29.0,27.0,0,0.5112,1,0.449,0,0.4355,0
Monte Carlo Masters,20240408,Clay,R64,2024,Gael Monfils,Aleksandar Vukic,40.0,65.0,1,0.4496,0,0.4814,0,0.3763,0
Monte Carlo Masters,20240408,Clay,R64,2024,Daniel Altmaier,Francisco Cerundolo,52.0,22.0,0,0.3998,0,0.3423,0,0.3355,0
Monte Carlo Masters,20240408,Clay,R64,2024,Karen Khachanov,Cameron Norrie,17.0,30.0,1,0.617,1,0.6121,1,0.5501,1
Monte Carlo Masters,20240408,Clay,R64,2024,Laslo Djere,Stefanos Tsitsipas,34.0,12.0,0,0.2707,0,0.2578,0,0.2248,0
Monte Carlo Masters,20240408,Clay,R64,2024,Nicolas Jarry,Tomas Martin Etcheverry,21.0,31.0,0,0.5604,1,0.5786,1,0.6127,1
Monte Carlo Masters,20240408,Clay,R64,2024,Daniel Evans,Sebastian Ofner,50.0,44.0,0,0.4142,0,0.38,0,0.3843,0
Monte Carlo Masters,20240408,Clay,R64,2024,Christopher Oconnell,Alejandro Tabilo,62.0,45.0,0,0.4292,0,0.3891,0,0.3993,0
Monte Carlo Masters,20240408,Clay,R64,2024,Roberto Bautista Agut,Facundo Diaz Acosta,90.0,53.0,1,0.3369,0,0.3353,0,0.2939,0
Monte Carlo Masters,20240408,Clay,R64,2024,Hubert Hurkacz,Jack Draper,8.0,39.0,1,0.7168,1,0.7404,1,0.7968,1
Monte Carlo Masters,20240408,Clay,R64,2024,Federico Coria,Ugo Humbert,89.0,15.0,0,0.3651,0,0.3603,0,0.4137,0
Monte Carlo Masters,20240408,Clay,R64,2024,Marcos Giron,Zhizhen Zhang,48.0,49.0,0,0.4748,0,0.4697,0,0.4892,0
Monte Carlo Masters,20240408,Clay,R64,2024,Felix Auger Aliassime,Luca Nardi,35.0,76.0,1,0.501,1,0.52,1,0.4993,0
Monte Carlo Masters,20240408,Clay,R64,2024,Corentin Moutet,Alexei Popyrin,101.0,46.0,0,0.3181,0,0.2936,0,0.315,0
Monte Carlo Masters,20240408,Clay,R64,2024,Tallon Griekspoor,Dominik Koepfer,26.0,54.0,1,0.6453,1,0.6327,1,0.6172,1
Monte Carlo Masters,20240408,Clay,R64,2024,Stan Wawrinka,Alex De Minaur,79.0,11.0,0,0.2211,0,0.2348,0,0.1316,0
Monte Carlo Masters,20240408,Clay,R64,2024,Taylor Fritz,Lorenzo Musetti,13.0,24.0,0,0.6294,1,0.6345,1,0.5994,1
Monte Carlo Masters,20240408,Clay,R64,2024,Yannick Hanfmann,Arthur Fils,61.0,36.0,0,0.4427,0,0.4471,0,0.4271,0
Monte Carlo Masters,20240408,Clay,R64,2024,Roman Safiullin,Jaume Munar,41.0,72.0,1,0.5213,1,0.496,0,0.4303,0
Monte Carlo Masters,20240408,Clay,R32,2024,Sebastian Korda,Jannik Sinner,27.0,2.0,0,0.0807,0,0.1062,0,0.0466,0
Monte Carlo Masters,20240408,Clay,R32,2024,Jan Lennard Struff,Borna Coric,25.0,33.0,1,0.5026,1,0.4672,0,0.4556,0
Monte Carlo Masters,20240408,Clay,R32,2024,Grigor Dimitrov,Miomir Kecmanovic,9.0,66.0,1,0.784,1,0.8206,1,0.8298,1
Monte Carlo Masters,20240408,Clay,R32,2024,Sumit Nagal,Holger Rune,93.0,7.0,0,0.1627,0,0.1911,0,0.1655,0
Monte Carlo Masters,20240408,Clay,R32,2024,Gael Monfils,Daniil Medvedev,40.0,4.0,0,0.0914,0,0.1938,0,0.2021,0
Monte Carlo Masters,20240408,Clay,R32,2024,Karen Khachanov,Francisco Cerundolo,17.0,22.0,1,0.5886,1,0.6164,1,0.6997,1
Monte Carlo Masters,20240408,Clay,R32,2024,Stefanos Tsitsipas,Tomas Martin Etcheverry,12.0,31.0,1,0.6759,1,0.6966,1,0.7378,1
Monte Carlo Masters,20240408,Clay,R32,2024,Alexander Zverev,Sebastian Ofner,5.0,44.0,1,0.8571,1,0.833,1,0.7707,1
Monte Carlo Masters,20240408,Clay,R32,2024,Alejandro Tabilo,Casper Ruud,45.0,10.0,0,0.3035,0,0.3101,0,0.2747,0
Monte Carlo Masters,20240408,Clay,R32,2024,Roberto Bautista Agut,Hubert Hurkacz,90.0,8.0,0,0.1695,0,0.1714,0,0.2165,0
Monte Carlo Masters,20240408,Clay,R32,2024,Zhizhen Zhang,Ugo Humbert,49.0,15.0,0,0.45,0,0.383,0,0.404,0
Monte Carlo Masters,20240408,Clay,R32,2024,Lorenzo Sonego,Felix Auger Aliassime,57.0,35.0,1,0.5018,1,0.4828,0,0.4761,0
Monte Carlo Masters,20240408,Clay,R32,2024,Andrey Rublev,Alexei Popyrin,6.0,46.0,0,0.7296,1,0.7135,1,0.7421,1
Monte Carlo Masters,20240408,Clay,R32,2024,Tallon Griekspoor,Alex De Minaur,26.0,11.0,0,0.3212,0,0.2382,0,0.2575,0
Monte Carlo Masters,20240408,Clay,R32,2024,Lorenzo Musetti,Arthur Fils,24.0,36.0,1,0.5347,1,0.5074,1,0.5046,1
Monte Carlo Masters,20240408,Clay,R32,2024,Novak Djokovic,Roman Safiullin,1.0,41.0,1,0.9189,1,0.8786,1,0.9519,1
Monte Carlo Masters,20240408,Clay,R16,2024,Jan Lennard Struff,Jannik Sinner,25.0,2.0,0,0.0894,0,0.2023,0,0.1104,0
Monte Carlo Masters,20240408,Clay,R16,2024,Grigor Dimitrov,Holger Rune,9.0,7.0,0,0.4161,0,0.4244,0,0.4368,0
Monte Carlo Masters,20240408,Clay,R16,2024,Daniil Medvedev,Karen Khachanov,4.0,17.0,0,0.8121,1,0.6975,1,0.709,1
Monte Carlo Masters,20240408,Clay,R16,2024,Alexander Zverev,Stefanos Tsitsipas,5.0,12.0,0,0.6473,1,0.5973,1,0.5681,1
Monte Carlo Masters,20240408,Clay,R16,2024,Hubert Hurkacz,Casper Ruud,8.0,10.0,0,0.5294,1,0.5238,1,0.5274,1
Monte Carlo Masters,20240408,Clay,R16,2024,Lorenzo Sonego,Ugo Humbert,57.0,15.0,0,0.4028,0,0.3686,0,0.4668,0
Monte Carlo Masters,20240408,Clay,R16,2024,Alex De Minaur,Alexei Popyrin,11.0,46.0,1,0.604,1,0.6314,1,0.6203,1
Monte Carlo Masters,20240408,Clay,R16,2024,Novak Djokovic,Lorenzo Musetti,1.0,24.0,1,0.8888,1,0.8469,1,0.894,1
Monte Carlo Masters,20240408,Clay,QF,2024,Jannik Sinner,Holger Rune,2.0,7.0,1,0.7827,1,0.6975,1,0.7235,1
Monte Carlo Masters,20240408,Clay,QF,2024,Karen Khachanov,Stefanos Tsitsipas,17.0,12.0,0,0.4124,0,0.4522,0,0.5306,1
Monte Carlo Masters,20240408,Clay,QF,2024,Casper Ruud,Ugo Humbert,10.0,15.0,1,0.6663,1,0.6439,1,0.6368,1
Monte Carlo Masters,20240408,Clay,QF,2024,Novak Djokovic,Alex De Minaur,1.0,11.0,1,0.8295,1,0.7102,1,0.7328,1
Monte Carlo Masters,20240408,Clay,SF,2024,Stefanos Tsitsipas,Jannik Sinner,12.0,2.0,1,0.1792,0,0.2744,0,0.2159,0
Monte Carlo Masters,20240408,Clay,SF,2024,Novak Djokovic,Casper Ruud,1.0,10.0,0,0.8022,1,0.6937,1,0.7662,1
Monte Carlo Masters,20240408,Clay,R64,2024,Jan Lennard Struff,Sebastian Baez,25.0,19.0,1,0.4162,0,0.3689,0,0.3312,0
Munich,20240415,Clay,QF,2024,Alexander Zverev,Cristian Garin,5.0,106.0,0,0.8556,1,0.8204,1,0.8163,1
Munich,20240415,Clay,F,2024,Jan Lennard Struff,Taylor Fritz,28.0,15.0,1,0.3881,0,0.3849,0,0.3421,0
Munich,20240415,Clay,R32,2024,Yannick Hanfmann,Alexander Shevchenko,61.0,63.0,1,0.5028,1,0.5257,1,0.5565,1
Munich,20240415,Clay,R32,2024,Botic Van De Zandschulp,Ivan Gakhov,89.0,280.0,1,0.7762,1,0.7359,1,0.7318,1
Munich,20240415,Clay,R32,2024,Taro Daniel,Christopher Oconnell,85.0,58.0,1,0.4225,0,0.3547,0,0.2839,0
Munich,20240415,Clay,R32,2024,Maximilian Marterer,Felix Auger Aliassime,101.0,34.0,0,0.3833,0,0.3739,0,0.3051,0
Munich,20240415,Clay,R32,2024,Vit Kopriva,Jack Draper,119.0,46.0,0,0.2314,0,0.2752,0,0.2077,0
Munich,20240415,Clay,R32,2024,Rudolf Molleker,Francesco Passaro,179.0,235.0,1,0.4827,0,0.4752,0,0.4703,0
Munich,20240415,Clay,R32,2024,Dominic Thiem,Alejandro Moro Canas,105.0,240.0,0,0.7753,1,0.7517,1,0.7537,1
Munich,20240415,Clay,R32,2024,Cristian Garin,Dominik Koepfer,106.0,54.0,1,0.5968,1,0.5244,1,0.5423,1
Munich,20240415,Clay,R32,2024,Max Hans Rehberg,Alex Michelsen,473.0,70.0,0,0.1949,0,0.2334,0,0.2695,0
Munich,20240415,Clay,R32,2024,Aleksandar Vukic,Jurij Rodionov,65.0,118.0,0,0.6437,1,0.6385,1,0.6739,1
Munich,20240415,Clay,R16,2024,Daniel Elahi Galan,Holger Rune,93.0,12.0,0,0.1673,0,0.119,0,0.068,0
Munich,20240415,Clay,R16,2024,Yannick Hanfmann,Marc Andrea Huesler,61.0,223.0,0,0.7488,1,0.7325,1,0.739,1
Munich,20240415,Clay,R16,2024,Jan Lennard Struff,Botic Van De Zandschulp,28.0,89.0,1,0.6208,1,0.6369,1,0.6103,1
Munich,20240415,Clay,R16,2024,Taro Daniel,Felix Auger Aliassime,85.0,34.0,0,0.3879,0,0.3644,0,0.3723,0
Munich,20240415,Clay,R16,2024,Rudolf Molleker,Jack Draper,179.0,46.0,0,0.2348,0,0.2221,0,0.2365,0
Munich,20240415,Clay,R16,2024,Taylor Fritz,Alejandro Moro Canas,15.0,240.0,1,0.8911,1,0.8819,1,0.8694,1
Munich,20240415,Clay,R16,2024,Cristian Garin,Alex Michelsen,106.0,70.0,1,0.543,1,0.5354,1,0.5524,1
Munich,20240415,Clay,R16,2024,Alexander Zverev,Jurij Rodionov,5.0,118.0,1,0.9116,1,0.9081,1,0.9443,1
Munich,20240415,Clay,QF,2024,Marc Andrea Huesler,Holger Rune,223.0,12.0,0,0.0949,0,0.1183,0,0.0654,0
Munich,20240415,Clay,QF,2024,Jan Lennard Struff,Felix Auger Aliassime,28.0,34.0,1,0.5538,1,0.6113,1,0.6735,1
Munich,20240415,Clay,QF,2024,Taylor Fritz,Jack Draper,15.0,46.0,1,0.6458,1,0.6326,1,0.6703,1
Munich,20240415,Clay,R32,2024,Daniel Elahi Galan,Camilo Ugo Carabelli,93.0,109.0,1,0.4335,0,0.4064,0,0.4322,0
Munich,20240415,Clay,SF,2024,Jan Lennard Struff,Holger Rune,28.0,12.0,1,0.2806,0,0.2803,0,0.2459,0
Munich,20240415,Clay,SF,2024,Cristian Garin,Taylor Fritz,106.0,15.0,0,0.3051,0,0.2897,0,0.181,0
Munich,20240415,Clay,R32,2024,Marc Andrea Huesler,Marko Topo,223.0,320.0,1,0.5889,1,0.6154,1,0.5648,1
Barcelona,20240415,Clay,R32,2024,Dusan Lajovic,Ugo Humbert,59.0,13.0,1,0.3275,0,0.3605,0,0.3768,0
Barcelona,20240415,Clay,F,2024,Stefanos Tsitsipas,Casper Ruud,7.0,6.0,0,0.5446,1,0.5213,1,0.5244,1
Barcelona,20240415,Clay,R64,2024,Pedro Cachin,Harold Mayot,88.0,116.0,0,0.6204,1,0.6617,1,0.6451,1
Barcelona,20240415,Clay,R64,2024,Roberto Bautista Agut,Roman Safiullin,84.0,38.0,1,0.3893,0,0.4237,0,0.4319,0
Barcelona,20240415,Clay,R64,2024,Albert Ramos,Alexandre Muller,108.0,110.0,0,0.5754,1,0.5953,1,0.5688,1
Barcelona,20240415,Clay,R64,2024,Yoshihito Nishioka,Jaume Munar,71.0,73.0,0,0.4756,0,0.4672,0,0.4145,0
Barcelona,20240415,Clay,R64,2024,Marco Trungelliti,Duje Ajdukovic,197.0,123.0,1,0.3722,0,0.3489,0,0.3931,0
Barcelona,20240415,Clay,R64,2024,Matteo Arnaldi,Arthur Cazaux,40.0,75.0,1,0.6576,1,0.6686,1,0.719,1
Barcelona,20240415,Clay,R64,2024,Dusan Lajovic,Diego Schwartzman,59.0,142.0,1,0.7065,1,0.7026,1,0.7219,1
Barcelona,20240415,Clay,R64,2024,Tomas Machac,Juncheng Shang,50.0,114.0,1,0.5607,1,0.5679,1,0.5324,1
Barcelona,20240415,Clay,R64,2024,Daniel Altmaier,Alexei Popyrin,66.0,44.0,1,0.3507,0,0.2946,0,0.2757,0
Barcelona,20240415,Clay,R64,2024,Rafael Nadal,Flavio Cobolli,644.0,62.0,1,0.089,0,0.2248,0,0.0892,0
Barcelona,20240415,Clay,R64,2024,Sebastian Ofner,Pavel Kotov,43.0,69.0,1,0.4606,0,0.4595,0,0.4742,0
Barcelona,20240415,Clay,R64,2024,Roberto Carballes Baena,Hugo Grenier,72.0,159.0,1,0.5766,1,0.6188,1,0.6206,1
Barcelona,20240415,Clay,R64,2024,Facundo Diaz Acosta,Daniel Rincon,53.0,216.0,1,0.8035,1,0.7763,1,0.8047,1
Barcelona,20240415,Clay,R64,2024,Zhizhen Zhang,Luca Van Assche,47.0,99.0,0,0.6283,1,0.6369,1,0.6489,1
Barcelona,20240415,Clay,R32,2024,Andrey Rublev,Brandon Nakashima,8.0,87.0,0,0.7454,1,0.8034,1,0.7939,1
Barcelona,20240415,Clay,R32,2024,Tomas Martin Etcheverry,Nick Hardt,30.0,229.0,1,0.849,1,0.8165,1,0.834,1
Barcelona,20240415,Clay,R32,2024,Cameron Norrie,Harold Mayot,31.0,116.0,1,0.7577,1,0.7449,1,0.8157,1
Barcelona,20240415,Clay,R32,2024,Roberto Bautista Agut,Andrea Vavassori,84.0,156.0,1,0.4448,0,0.4831,0,0.5499,1
Barcelona,20240415,Clay,R32,2024,Alexandre Muller,Casper Ruud,110.0,6.0,0,0.1259,0,0.0733,0,0.0454,0
Barcelona,20240415,Clay,R32,2024,Jordan Thompson,Jaume Munar,33.0,73.0,1,0.5333,1,0.5428,1,0.5598,1
Barcelona,20240415,Clay,R32,2024,Marco Trungelliti,Nicolas Jarry,197.0,22.0,1,0.1295,0,0.1694,0,0.157,0
Barcelona,20240415,Clay,R32,2024,Sebastian Baez,Matteo Arnaldi,19.0,40.0,0,0.5922,1,0.5983,1,0.63,1
Barcelona,20240415,Clay,R64,2024,Daniel Evans,Brandon Nakashima,49.0,87.0,0,0.3774,0,0.4338,0,0.391,0
Barcelona,20240415,Clay,R32,2024,Alejandro Davidovich Fokina,Tomas Machac,27.0,50.0,1,0.6271,1,0.6638,1,0.7227,1
Barcelona,20240415,Clay,R32,2024,Daniel Altmaier,Arthur Fils,66.0,36.0,0,0.4032,0,0.3529,0,0.3977,0
Barcelona,20240415,Clay,R32,2024,Rafael Nadal,Alex De Minaur,644.0,11.0,0,0.0344,0,0.1603,0,0.0555,0
Barcelona,20240415,Clay,R32,2024,Sebastian Ofner,Stefanos Tsitsipas,43.0,7.0,0,0.1808,0,0.1406,0,0.078,0
Barcelona,20240415,Clay,R32,2024,Roberto Carballes Baena,Lorenzo Musetti,72.0,24.0,1,0.3649,0,0.3959,0,0.4004,0
Barcelona,20240415,Clay,R32,2024,Borna Coric,Facundo Diaz Acosta,32.0,53.0,0,0.5018,1,0.4794,0,0.4557,0
Barcelona,20240415,Clay,R32,2024,Fabian Marozsan,Luca Van Assche,39.0,99.0,1,0.6841,1,0.6752,1,0.6761,1
Barcelona,20240415,Clay,R16,2024,Tomas Martin Etcheverry,Brandon Nakashima,30.0,87.0,1,0.5852,1,0.5926,1,0.6592,1
Barcelona,20240415,Clay,R16,2024,Roberto Bautista Agut,Cameron Norrie,84.0,31.0,0,0.3551,0,0.3648,0,0.3504,0
Barcelona,20240415,Clay,R16,2024,Jordan Thompson,Casper Ruud,33.0,6.0,0,0.2371,0,0.2269,0,0.2137,0
Barcelona,20240415,Clay,R16,2024,Marco Trungelliti,Matteo Arnaldi,197.0,40.0,0,0.1667,0,0.1974,0,0.1591,0
Barcelona,20240415,Clay,R16,2024,Dusan Lajovic,Alejandro Davidovich Fokina,59.0,27.0,1,0.434,0,0.4593,0,0.466,0
Barcelona,20240415,Clay,R16,2024,Alex De Minaur,Arthur Fils,11.0,36.0,0,0.6755,1,0.6965,1,0.6818,1
Barcelona,20240415,Clay,R16,2024,Roberto Carballes Baena,Stefanos Tsitsipas,72.0,7.0,0,0.1705,0,0.1516,0,0.1297,0
Barcelona,20240415,Clay,R16,2024,Fabian Marozsan,Facundo Diaz Acosta,39.0,53.0,0,0.5537,1,0.5628,1,0.5654,1
Barcelona,20240415,Clay,QF,2024,Cameron Norrie,Tomas Martin Etcheverry,31.0,30.0,0,0.4605,0,0.4336,0,0.4575,0
Barcelona,20240415,Clay,QF,2024,Casper Ruud,Matteo Arnaldi,6.0,40.0,1,0.7347,1,0.7521,1,0.8185,1
Barcelona,20240415,Clay,QF,2024,Dusan Lajovic,Arthur Fils,59.0,36.0,1,0.4169,0,0.4311,0,0.4153,0
Barcelona,20240415,Clay,QF,2024,Stefanos Tsitsipas,Facundo Diaz Acosta,7.0,53.0,1,0.7698,1,0.8169,1,0.8135,1
Barcelona,20240415,Clay,SF,2024,Casper Ruud,Tomas Martin Etcheverry,6.0,30.0,1,0.7035,1,0.7742,1,0.7836,1
Barcelona,20240415,Clay,SF,2024,Dusan Lajovic,Stefanos Tsitsipas,59.0,7.0,0,0.1845,0,0.1897,0,0.1975,0
Barcelona,20240415,Clay,R64,2024,Nick Hardt,Martin Landaluce,229.0,328.0,1,0.4159,0,0.5161,1,0.5729,1
Bucharest,20240415,Clay,R32,2024,Marton Fucsovics,Valentin Vacherot,82.0,136.0,1,0.5931,1,0.6206,1,0.6194,1
Bucharest,20240415,Clay,QF,2024,Alejandro Tabilo,Joao Fonseca,41.0,276.0,1,0.6869,1,0.7048,1,0.7043,1
Bucharest,20240415,Clay,R32,2024,Stan Wawrinka,Nuno Borges,86.0,55.0,0,0.396,0,0.3692,0,0.3438,0
Bucharest,20240415,Clay,R32,2024,Arthur Rinderknech,Hugo Gaston,79.0,96.0,1,0.6181,1,0.5985,1,0.562,1
Bucharest,20240415,Clay,R32,2024,Radu Albot,Aleksandar Kovacevic,139.0,97.0,1,0.4829,0,0.4765,0,0.4709,0
Bucharest,20240415,Clay,R32,2024,Lorenzo Sonego,Joao Fonseca,51.0,276.0,0,0.6493,1,0.6073,1,0.5502,1
Bucharest,20240415,Clay,R32,2024,Pedro Martinez,Carlos Taberner,57.0,352.0,1,0.8729,1,0.8621,1,0.8886,1
Bucharest,20240415,Clay,R32,2024,Denis Shapovalov,Corentin Moutet,121.0,92.0,0,0.4992,0,0.4709,0,0.5041,1
Bucharest,20240415,Clay,R32,2024,Gregoire Barrere,Thanasi Kokkinakis,128.0,94.0,1,0.4017,0,0.3887,0,0.4244,0
Bucharest,20240415,Clay,R32,2024,Mariano Navone,Luciano Darderi,52.0,64.0,1,0.4496,0,0.4528,0,0.4783,0
Bucharest,20240415,Clay,R32,2024,Thiago Seyboth Wild,Luca Nardi,67.0,81.0,1,0.6047,1,0.6479,1,0.6814,1
Bucharest,20240415,Clay,R32,2024,Federico Coria,Benjamin Bonzi,83.0,182.0,1,0.7192,1,0.7107,1,0.6469,1
Bucharest,20240415,Clay,R16,2024,Marton Fucsovics,Tallon Griekspoor,82.0,25.0,1,0.4188,0,0.3987,0,0.3661,0
Bucharest,20240415,Clay,R16,2024,Nuno Borges,Corentin Moutet,55.0,92.0,0,0.5783,1,0.5992,1,0.6215,1
Bucharest,20240415,Clay,R16,2024,Alejandro Tabilo,Arthur Rinderknech,41.0,79.0,1,0.5657,1,0.6235,1,0.6442,1
Bucharest,20240415,Clay,R16,2024,Radu Albot,Joao Fonseca,139.0,276.0,0,0.5375,1,0.5456,1,0.4914,0
Bucharest,20240415,Clay,R16,2024,Pedro Martinez,Miomir Kecmanovic,57.0,60.0,1,0.6083,1,0.6281,1,0.6443,1
Bucharest,20240415,Clay,R16,2024,Gregoire Barrere,Sebastian Korda,128.0,26.0,1,0.3072,0,0.319,0,0.2544,0
Bucharest,20240415,Clay,R16,2024,Thiago Seyboth Wild,Mariano Navone,67.0,52.0,0,0.4384,0,0.3472,0,0.3224,0
Bucharest,20240415,Clay,R16,2024,Federico Coria,Francisco Cerundolo,83.0,21.0,0,0.3592,0,0.3953,0,0.3939,0
Bucharest,20240415,Clay,QF,2024,Marton Fucsovics,Corentin Moutet,82.0,92.0,1,0.5465,1,0.5806,1,0.5476,1
Bucharest,20240415,Clay,F,2024,Marton Fucsovics,Mariano Navone,82.0,52.0,1,0.4018,0,0.3508,0,0.391,0
Bucharest,20240415,Clay,QF,2024,Gregoire Barrere,Pedro Martinez,128.0,57.0,1,0.3055,0,0.3173,0,0.2725,0
Bucharest,20240415,Clay,QF,2024,Francisco Cerundolo,Mariano Navone,21.0,52.0,0,0.5315,1,0.5129,1,0.5215,1
Bucharest,20240415,Clay,SF,2024,Marton Fucsovics,Alejandro Tabilo,82.0,41.0,1,0.4137,0,0.3698,0,0.3636,0
Bucharest,20240415,Clay,SF,2024,Gregoire Barrere,Mariano Navone,128.0,52.0,0,0.3031,0,0.3144,0,0.2662,0
Bucharest,20240415,Clay,R32,2024,David Goffin,Miomir Kecmanovic,100.0,60.0,0,0.4285,0,0.4516,0,0.4834,0
Madrid Masters,20240422,Clay,R64,2024,Taylor Fritz,Luciano Darderi,13.0,60.0,1,0.6194,1,0.5595,1,0.4645,0
Madrid Masters,20240422,Clay,F,2024,Andrey Rublev,Felix Auger Aliassime,8.0,35.0,1,0.6991,1,0.7793,1,0.7873,1
Madrid Masters,20240422,Clay,R128,2024,Nuno Borges,Jaume Munar,56.0,73.0,0,0.5118,1,0.4879,0,0.4955,0
Madrid Masters,20240422,Clay,R128,2024,Christopher Eubanks,Botic Van De Zandschulp,44.0,115.0,0,0.5661,1,0.5767,1,0.6651,1
Madrid Masters,20240422,Clay,R128,2024,Alexei Popyrin,Mariano Navone,46.0,41.0,0,0.5038,1,0.4041,0,0.4248,0
Madrid Masters,20240422,Clay,R128,2024,Taro Daniel,Aleksandar Vukic,85.0,62.0,1,0.4632,0,0.4403,0,0.4433,0
Madrid Masters,20240422,Clay,R128,2024,Corentin Moutet,Juncheng Shang,88.0,111.0,0,0.5988,1,0.6062,1,0.6322,1
Madrid Masters,20240422,Clay,R128,2024,Facundo Bagnis,Brandon Nakashima,136.0,81.0,1,0.3148,0,0.3163,0,0.2225,0
Madrid Masters,20240422,Clay,R128,2024,Borna Coric,Benjamin Hassan,34.0,159.0,1,0.6855,1,0.699,1,0.7437,1
Madrid Masters,20240422,Clay,R128,2024,Denis Shapovalov,Facundo Diaz Acosta,132.0,47.0,1,0.321,0,0.2957,0,0.2514,0
Madrid Masters,20240422,Clay,R128,2024,Aslan Karatsev,Fabian Marozsan,48.0,37.0,0,0.3854,0,0.4258,0,0.391,0
Madrid Masters,20240422,Clay,R128,2024,Lukas Klein,Pablo Llamas Ruiz,120.0,146.0,1,0.5475,1,0.5736,1,0.6632,1
Madrid Masters,20240422,Clay,R128,2024,Gael Monfils,Luciano Darderi,40.0,60.0,0,0.4225,0,0.4597,0,0.4062,0
Madrid Masters,20240422,Clay,R128,2024,Zizou Bergs,Luca Van Assche,103.0,99.0,0,0.5391,1,0.6204,1,0.6623,1
Madrid Masters,20240422,Clay,R128,2024,Daniel Altmaier,Martin Landaluce,61.0,322.0,1,0.7301,1,0.7287,1,0.7603,1
Madrid Masters,20240422,Clay,R128,2024,Thanasi Kokkinakis,Jack Draper,93.0,43.0,0,0.376,0,0.3281,0,0.353,0
Madrid Masters,20240422,Clay,R128,2024,Dusan Lajovic,Thiago Monteiro,65.0,118.0,0,0.5298,1,0.4952,0,0.4729,0
Madrid Masters,20240422,Clay,R128,2024,Aleksandar Kovacevic,Hamad Medjedovic,97.0,130.0,0,0.4994,0,0.4823,0,0.4399,0
Madrid Masters,20240422,Clay,R128,2024,Pedro Cachin,Sebastian Ofner,91.0,45.0,1,0.4011,0,0.3599,0,0.3594,0
Madrid Masters,20240422,Clay,R128,2024,Rafael Nadal,Darwin Blanch,512.0,1028.0,1,0.8171,1,0.7586,1,0.8072,1
Madrid Masters,20240422,Clay,R128,2024,Emil Ruusuvuori,Tomas Machac,71.0,50.0,0,0.4501,0,0.3825,0,0.3805,0
Madrid Masters,20240422,Clay,R128,2024,Roberto Carballes Baena,Dominik Koepfer,68.0,54.0,1,0.6122,1,0.5605,1,0.6286,1
Madrid Masters,20240422,Clay,R128,2024,Marcos Giron,Max Purcell,51.0,80.0,0,0.5582,1,0.61,1,0.6253,1
Madrid Masters,20240422,Clay,R128,2024,Christopher Oconnell,Matteo Arnaldi,67.0,36.0,0,0.3488,0,0.3247,0,0.387,0
Madrid Masters,20240422,Clay,R128,2024,Zhizhen Zhang,Miomir Kecmanovic,49.0,66.0,0,0.5817,1,0.5854,1,0.5889,1
Madrid Masters,20240422,Clay,R128,2024,Alex Michelsen,Joao Fonseca,70.0,242.0,0,0.5909,1,0.5889,1,0.6189,1
Madrid Masters,20240422,Clay,R128,2024,Yoshihito Nishioka,Felix Auger Aliassime,78.0,35.0,0,0.3921,0,0.3841,0,0.4025,0
Madrid Masters,20240422,Clay,R128,2024,Yannick Hanfmann,Jakub Mensik,58.0,74.0,0,0.5484,1,0.5569,1,0.5592,1
Madrid Masters,20240422,Clay,R128,2024,Roberto Bautista Agut,Daniel Elahi Galan,86.0,89.0,1,0.5043,1,0.5779,1,0.5394,1
Madrid Masters,20240422,Clay,R128,2024,Alejandro Tabilo,Flavio Cobolli,38.0,64.0,0,0.609,1,0.6271,1,0.6241,1
Madrid Masters,20240422,Clay,R128,2024,Albert Ramos,Pavel Kotov,105.0,72.0,0,0.3969,0,0.3606,0,0.3119,0
Madrid Masters,20240422,Clay,R128,2024,Richard Gasquet,Lorenzo Sonego,116.0,52.0,0,0.3473,0,0.3038,0,0.2283,0
Madrid Masters,20240422,Clay,R64,2024,Alexander Shevchenko,Carlos Alcaraz,59.0,3.0,0,0.0747,0,0.0773,0,0.0505,0
Madrid Masters,20240422,Clay,R64,2024,Thiago Seyboth Wild,Lorenzo Musetti,63.0,29.0,1,0.4427,0,0.4437,0,0.4641,0
Madrid Masters,20240422,Clay,R64,2024,Jan Lennard Struff,Jaume Munar,24.0,73.0,1,0.6434,1,0.6279,1,0.6491,1
Madrid Masters,20240422,Clay,R64,2024,Botic Van De Zandschulp,Ugo Humbert,115.0,14.0,0,0.2632,0,0.2463,0,0.2916,0
Madrid Masters,20240422,Clay,R64,2024,Holger Rune,Mariano Navone,12.0,41.0,1,0.6677,1,0.5893,1,0.5544,1
Madrid Masters,20240422,Clay,R64,2024,Taro Daniel,Tallon Griekspoor,85.0,25.0,0,0.3827,0,0.2993,0,0.2741,0
Madrid Masters,20240422,Clay,R64,2024,Alejandro Davidovich Fokina,Juncheng Shang,28.0,111.0,1,0.6783,1,0.6926,1,0.7119,1
Madrid Masters,20240422,Clay,R64,2024,Facundo Bagnis,Andrey Rublev,136.0,8.0,0,0.1571,0,0.2127,0,0.2207,0
Madrid Masters,20240422,Clay,R64,2024,Alexander Zverev,Borna Coric,5.0,34.0,1,0.8141,1,0.7881,1,0.7337,1
Madrid Masters,20240422,Clay,R64,2024,Denis Shapovalov,Tomas Martin Etcheverry,132.0,27.0,1,0.2787,0,0.2612,0,0.2132,0
Madrid Masters,20240422,Clay,R64,2024,Francisco Cerundolo,Fabian Marozsan,22.0,37.0,1,0.4939,0,0.4893,0,0.4753,0
Madrid Masters,20240422,Clay,R64,2024,Tommy Paul,Lukas Klein,16.0,120.0,1,0.5458,1,0.6734,1,0.6389,1
Madrid Masters,20240422,Clay,R128,2024,Arthur Rinderknech,Alexander Shevchenko,77.0,59.0,0,0.4879,0,0.4595,0,0.4788,0
Madrid Masters,20240422,Clay,R64,2024,Sebastian Baez,Luca Van Assche,19.0,99.0,1,0.7022,1,0.7559,1,0.7383,1
Madrid Masters,20240422,Clay,R64,2024,Daniel Altmaier,Arthur Fils,61.0,32.0,1,0.4047,0,0.3489,0,0.3367,0
Madrid Masters,20240422,Clay,R64,2024,Hubert Hurkacz,Jack Draper,9.0,43.0,1,0.7167,1,0.7338,1,0.7881,1
Madrid Masters,20240422,Clay,R64,2024,Thiago Monteiro,Stefanos Tsitsipas,118.0,7.0,1,0.162,0,0.2351,0,0.188,0
Madrid Masters,20240422,Clay,R64,2024,Jiri Lehecka,Hamad Medjedovic,31.0,130.0,1,0.638,1,0.6433,1,0.6372,1
Madrid Masters,20240422,Clay,R64,2024,Pedro Cachin,Frances Tiafoe,91.0,21.0,1,0.2805,0,0.2452,0,0.2499,0
Madrid Masters,20240422,Clay,R64,2024,Rafael Nadal,Alex De Minaur,512.0,11.0,1,0.0991,0,0.262,0,0.268,0
Madrid Masters,20240422,Clay,R64,2024,Tomas Machac,Ben Shelton,50.0,15.0,0,0.3471,0,0.3495,0,0.3069,0
Madrid Masters,20240422,Clay,R64,2024,Roberto Carballes Baena,Alexander Bublik,68.0,18.0,0,0.3591,0,0.3439,0,0.3779,0
Madrid Masters,20240422,Clay,R64,2024,Max Purcell,Sebastian Korda,80.0,26.0,0,0.386,0,0.3213,0,0.2895,0
Madrid Masters,20240422,Clay,R64,2024,Daniil Medvedev,Matteo Arnaldi,4.0,36.0,1,0.8588,1,0.7475,1,0.8679,1
Madrid Masters,20240422,Clay,R64,2024,Casper Ruud,Miomir Kecmanovic,6.0,66.0,1,0.8423,1,0.8466,1,0.8813,1
Madrid Masters,20240422,Clay,R64,2024,Cameron Norrie,Joao Fonseca,30.0,242.0,1,0.6533,1,0.607,1,0.561,1
Madrid Masters,20240422,Clay,R64,2024,Adrian Mannarino,Felix Auger Aliassime,20.0,35.0,0,0.3887,0,0.4505,0,0.2852,0
Madrid Masters,20240422,Clay,R64,2024,Grigor Dimitrov,Jakub Mensik,10.0,74.0,0,0.7798,1,0.7045,1,0.6233,1
Madrid Masters,20240422,Clay,R64,2024,Roberto Bautista Agut,Karen Khachanov,86.0,17.0,0,0.2486,0,0.2174,0,0.2272,0
Madrid Masters,20240422,Clay,R64,2024,Nicolas Jarry,Flavio Cobolli,23.0,64.0,0,0.6606,1,0.6321,1,0.619,1
Madrid Masters,20240422,Clay,R64,2024,Jordan Thompson,Pavel Kotov,33.0,72.0,0,0.5431,1,0.545,1,0.5348,1
Madrid Masters,20240422,Clay,R64,2024,Lorenzo Sonego,Jannik Sinner,52.0,2.0,0,0.07,0,0.1356,0,0.0441,0
Madrid Masters,20240422,Clay,R32,2024,Thiago Seyboth Wild,Carlos Alcaraz,63.0,3.0,0,0.0834,0,0.0989,0,0.0443,0
Madrid Masters,20240422,Clay,R32,2024,Jan Lennard Struff,Ugo Humbert,24.0,14.0,1,0.4832,0,0.4578,0,0.5034,1
Madrid Masters,20240422,Clay,R32,2024,Tallon Griekspoor,Holger Rune,25.0,12.0,1,0.2782,0,0.2748,0,0.2839,0
Madrid Masters,20240422,Clay,R32,2024,Andrey Rublev,Alejandro Davidovich Fokina,8.0,28.0,1,0.709,1,0.6895,1,0.7454,1
Madrid Masters,20240422,Clay,R32,2024,Alexander Zverev,Denis Shapovalov,5.0,132.0,1,0.8932,1,0.8721,1,0.894,1
Madrid Masters,20240422,Clay,R32,2024,Tommy Paul,Francisco Cerundolo,16.0,22.0,0,0.5063,1,0.4866,0,0.4548,0
Madrid Masters,20240422,Clay,R32,2024,Taylor Fritz,Sebastian Baez,13.0,19.0,1,0.5548,1,0.5196,1,0.5645,1
Madrid Masters,20240422,Clay,R32,2024,Daniel Altmaier,Hubert Hurkacz,61.0,9.0,0,0.2268,0,0.2034,0,0.1901,0
Madrid Masters,20240422,Clay,R32,2024,Thiago Monteiro,Jiri Lehecka,118.0,31.0,0,0.4155,0,0.4261,0,0.4754,0
Madrid Masters,20240422,Clay,R32,2024,Rafael Nadal,Pedro Cachin,512.0,91.0,1,0.3092,0,0.3255,0,0.2101,0
Madrid Masters,20240422,Clay,R32,2024,Alexander Bublik,Ben Shelton,18.0,15.0,1,0.4249,0,0.409,0,0.392,0
Madrid Masters,20240422,Clay,R32,2024,Daniil Medvedev,Sebastian Korda,4.0,26.0,1,0.8776,1,0.8624,1,0.9002,1
Madrid Masters,20240422,Clay,R32,2024,Cameron Norrie,Casper Ruud,30.0,6.0,0,0.2407,0,0.2008,0,0.163,0
Madrid Masters,20240422,Clay,R32,2024,Felix Auger Aliassime,Jakub Mensik,35.0,74.0,1,0.5992,1,0.6441,1,0.6642,1
Madrid Masters,20240422,Clay,R32,2024,Karen Khachanov,Flavio Cobolli,17.0,64.0,1,0.7279,1,0.7523,1,0.7477,1
Madrid Masters,20240422,Clay,R32,2024,Pavel Kotov,Jannik Sinner,72.0,2.0,0,0.0695,0,0.1148,0,0.0422,0
Madrid Masters,20240422,Clay,R16,2024,Jan Lennard Struff,Carlos Alcaraz,24.0,3.0,0,0.1294,0,0.2246,0,0.1387,0
Madrid Masters,20240422,Clay,R16,2024,Andrey Rublev,Tallon Griekspoor,8.0,25.0,1,0.7035,1,0.695,1,0.7387,1
Madrid Masters,20240422,Clay,R16,2024,Alexander Zverev,Francisco Cerundolo,5.0,22.0,0,0.7851,1,0.7695,1,0.8177,1
Madrid Masters,20240422,Clay,R16,2024,Taylor Fritz,Hubert Hurkacz,13.0,9.0,1,0.4066,0,0.4094,0,0.4254,0
Madrid Masters,20240422,Clay,R16,2024,Rafael Nadal,Jiri Lehecka,512.0,31.0,0,0.1984,0,0.3388,0,0.2409,0
Madrid Masters,20240422,Clay,R16,2024,Daniil Medvedev,Alexander Bublik,4.0,18.0,1,0.8381,1,0.7885,1,0.7929,1
Madrid Masters,20240422,Clay,R16,2024,Casper Ruud,Felix Auger Aliassime,6.0,35.0,0,0.7781,1,0.8277,1,0.8361,1
Madrid Masters,20240422,Clay,R16,2024,Karen Khachanov,Jannik Sinner,17.0,2.0,0,0.1449,0,0.2535,0,0.1994,0
Madrid Masters,20240422,Clay,QF,2024,Andrey Rublev,Carlos Alcaraz,8.0,3.0,1,0.1954,0,0.2623,0,0.2435,0
Madrid Masters,20240422,Clay,QF,2024,Taylor Fritz,Francisco Cerundolo,13.0,22.0,1,0.6053,1,0.5992,1,0.6052,1
Madrid Masters,20240422,Clay,QF,2024,Daniil Medvedev,Jiri Lehecka,4.0,31.0,0,0.881,1,0.8501,1,0.9154,1
Madrid Masters,20240422,Clay,QF,2024,Felix Auger Aliassime,Jannik Sinner,35.0,2.0,1,0.0833,0,0.083,0,0.055,0
Madrid Masters,20240422,Clay,SF,2024,Andrey Rublev,Taylor Fritz,8.0,13.0,1,0.5554,1,0.5421,1,0.5475,1
Madrid Masters,20240422,Clay,SF,2024,Felix Auger Aliassime,Jiri Lehecka,35.0,31.0,1,0.5114,1,0.4349,0,0.4338,0
Madrid Masters,20240422,Clay,R128,2024,Roman Safiullin,Thiago Seyboth Wild,42.0,63.0,0,0.5038,1,0.5439,1,0.5392,1
Rome Masters,20240506,Clay,R128,2024,Pavel Kotov,Alex Michelsen,63.0,69.0,1,0.5633,1,0.6222,1,0.661,1
Rome Masters,20240506,Clay,F,2024,Alexander Zverev,Nicolas Jarry,5.0,24.0,1,0.7764,1,0.7675,1,0.7868,1
Rome Masters,20240506,Clay,R128,2024,Andrea Vavassori,Dominik Koepfer,168.0,52.0,0,0.5357,1,0.4724,0,0.5095,1
Rome Masters,20240506,Clay,R128,2024,Aslan Karatsev,Mackenzie Mcdonald,86.0,76.0,1,0.5904,1,0.5771,1,0.5844,1
Rome Masters,20240506,Clay,R128,2024,Daniel Altmaier,Luca Nardi,78.0,81.0,0,0.6003,1,0.6324,1,0.6618,1
Rome Masters,20240506,Clay,R128,2024,Dusan Lajovic,Lorenzo Sonego,64.0,47.0,1,0.4359,0,0.4588,0,0.4646,0
Rome Masters,20240506,Clay,R128,2024,Gregoire Barrere,Thiago Seyboth Wild,115.0,61.0,0,0.4661,0,0.4969,0,0.5158,1
Rome Masters,20240506,Clay,R128,2024,Rafael Nadal,Zizou Bergs,305.0,108.0,1,0.4101,0,0.4351,0,0.4475,0
Rome Masters,20240506,Clay,R128,2024,Marcos Giron,Emil Ruusuvuori,49.0,71.0,1,0.5434,1,0.5434,1,0.5497,1
Rome Masters,20240506,Clay,R128,2024,Marton Fucsovics,Alexandre Muller,50.0,109.0,0,0.6982,1,0.7104,1,0.6675,1
Rome Masters,20240506,Clay,R128,2024,Harold Mayot,Matteo Arnaldi,130.0,37.0,0,0.3557,0,0.3314,0,0.2699,0
Rome Masters,20240506,Clay,R128,2024,Stefano Napolitano,J J Wolf,125.0,101.0,1,0.3304,0,0.3291,0,0.308,0
Rome Masters,20240506,Clay,R128,2024,Roberto Carballes Baena,Christopher Oconnell,62.0,66.0,1,0.5861,1,0.5862,1,0.5297,1
Rome Masters,20240506,Clay,R128,2024,Botic Van De Zandschulp,Nicolas Moreno De Alboran,112.0,136.0,1,0.4579,0,0.4627,0,0.4586,0
Rome Masters,20240506,Clay,R128,2024,Jaume Munar,Rinky Hijikata,68.0,79.0,1,0.5196,1,0.5088,1,0.5266,1
Rome Masters,20240506,Clay,R128,2024,Jan Lennard Struff,Pedro Cachin,41.0,99.0,1,0.6701,1,0.6993,1,0.7072,1
Rome Masters,20240506,Clay,R128,2024,Yoshihito Nishioka,Sebastian Ofner,80.0,46.0,1,0.4286,0,0.4105,0,0.4925,0
Rome Masters,20240506,Clay,R128,2024,Christopher Eubanks,Terence Atmane,43.0,137.0,0,0.6616,1,0.6993,1,0.6611,1
Rome Masters,20240506,Clay,R128,2024,Maximilian Marterer,Flavio Cobolli,98.0,57.0,0,0.3849,0,0.3683,0,0.3492,0
Rome Masters,20240506,Clay,R128,2024,Fabio Fognini,Daniel Evans,92.0,67.0,1,0.6633,1,0.6159,1,0.6577,1
Rome Masters,20240506,Clay,R128,2024,Pedro Martinez,Nuno Borges,51.0,53.0,0,0.5946,1,0.6119,1,0.5882,1
Rome Masters,20240506,Clay,R128,2024,Arthur Rinderknech,Francesco Passaro,73.0,240.0,0,0.7416,1,0.7205,1,0.7763,1
Rome Masters,20240506,Clay,R128,2024,Denis Shapovalov,Luciano Darderi,126.0,54.0,0,0.3716,0,0.3185,0,0.3081,0
Rome Masters,20240506,Clay,R128,2024,Diego Schwartzman,Aleksandar Vukic,142.0,70.0,0,0.3295,0,0.3355,0,0.3558,0
Rome Masters,20240506,Clay,R128,2024,Miomir Kecmanovic,Brandon Nakashima,58.0,72.0,1,0.4476,0,0.4493,0,0.482,0
Rome Masters,20240506,Clay,R128,2024,Gael Monfils,Thiago Monteiro,38.0,106.0,0,0.5132,1,0.527,1,0.5683,1
Rome Masters,20240506,Clay,R128,2024,Zhizhen Zhang,Daniel Elahi Galan,56.0,90.0,1,0.5635,1,0.5696,1,0.5577,1
Rome Masters,20240506,Clay,R128,2024,Borna Coric,Jack Draper,55.0,40.0,0,0.4394,0,0.404,0,0.4035,0
Rome Masters,20240506,Clay,R128,2024,Fabian Marozsan,Alexander Shevchenko,36.0,60.0,0,0.6379,1,0.6614,1,0.6713,1
Rome Masters,20240506,Clay,R128,2024,Giulio Zeppieri,Matteo Gigante,144.0,139.0,0,0.5758,1,0.579,1,0.6255,1
Rome Masters,20240506,Clay,R128,2024,Yannick Hanfmann,Jakub Mensik,59.0,65.0,1,0.3823,0,0.4111,0,0.3467,0
Rome Masters,20240506,Clay,R128,2024,Roman Safiullin,Corentin Moutet,39.0,83.0,0,0.5408,1,0.5542,1,0.4883,0
Rome Masters,20240506,Clay,R64,2024,Daniil Medvedev,Jack Draper,4.0,40.0,1,0.8689,1,0.7937,1,0.8768,1
Rome Masters,20240506,Clay,R64,2024,Alejandro Davidovich Fokina,Hamad Medjedovic,33.0,121.0,0,0.5461,1,0.5728,1,0.5812,1
Rome Masters,20240506,Clay,R64,2024,Frances Tiafoe,Dominik Koepfer,25.0,52.0,0,0.7191,1,0.7052,1,0.6834,1
Rome Masters,20240506,Clay,R64,2024,Aslan Karatsev,Tommy Paul,86.0,16.0,0,0.2695,0,0.2823,0,0.254,0
Rome Masters,20240506,Clay,R64,2024,Holger Rune,Luca Nardi,12.0,81.0,1,0.8313,1,0.8591,1,0.8882,1
Rome Masters,20240506,Clay,R64,2024,Dusan Lajovic,Sebastian Baez,64.0,19.0,0,0.336,0,0.3007,0,0.2446,0
Rome Masters,20240506,Clay,R64,2024,Tomas Martin Etcheverry,Thiago Seyboth Wild,28.0,61.0,1,0.5867,1,0.5772,1,0.6088,1
Rome Masters,20240506,Clay,R64,2024,Rafael Nadal,Hubert Hurkacz,305.0,9.0,0,0.1405,0,0.304,0,0.3055,0
Rome Masters,20240506,Clay,R64,2024,Marcos Giron,Andrey Rublev,49.0,6.0,0,0.161,0,0.138,0,0.1259,0
Rome Masters,20240506,Clay,R64,2024,Alexandre Muller,Arthur Fils,109.0,34.0,1,0.2953,0,0.2677,0,0.2896,0
Rome Masters,20240506,Clay,R64,2024,Nicolas Jarry,Matteo Arnaldi,24.0,37.0,1,0.5274,1,0.5297,1,0.5912,1
Rome Masters,20240506,Clay,R64,2024,Stefano Napolitano,Juncheng Shang,125.0,105.0,1,0.3512,0,0.3529,0,0.392,0
Rome Masters,20240506,Clay,R64,2024,Roberto Carballes Baena,Alex De Minaur,62.0,11.0,0,0.2838,0,0.2636,0,0.1619,0
Rome Masters,20240506,Clay,R64,2024,Botic Van De Zandschulp,Felix Auger Aliassime,112.0,20.0,0,0.2808,0,0.2563,0,0.2431,0
Rome Masters,20240506,Clay,R64,2024,Cameron Norrie,Jaume Munar,30.0,68.0,1,0.585,1,0.565,1,0.5647,1
Rome Masters,20240506,Clay,R64,2024,Jan Lennard Struff,Stefanos Tsitsipas,41.0,8.0,0,0.2651,0,0.2815,0,0.267,0
Rome Masters,20240506,Clay,R64,2024,Grigor Dimitrov,Yoshihito Nishioka,10.0,80.0,1,0.7929,1,0.8122,1,0.8398,1
Rome Masters,20240506,Clay,R64,2024,Lorenzo Musetti,Terence Atmane,29.0,137.0,0,0.7705,1,0.7775,1,0.7919,1
Rome Masters,20240506,Clay,R64,2024,Sebastian Korda,Flavio Cobolli,27.0,57.0,1,0.5795,1,0.5734,1,0.5748,1
Rome Masters,20240506,Clay,R64,2024,Fabio Fognini,Taylor Fritz,92.0,13.0,0,0.2509,0,0.3347,0,0.2469,0
Rome Masters,20240506,Clay,R64,2024,Alexander Bublik,Nuno Borges,17.0,53.0,0,0.6578,1,0.7012,1,0.7469,1
Rome Masters,20240506,Clay,R64,2024,Tallon Griekspoor,Francesco Passaro,26.0,240.0,0,0.8202,1,0.8406,1,0.8035,1
Rome Masters,20240506,Clay,R64,2024,Mariano Navone,Luciano Darderi,31.0,54.0,0,0.5385,1,0.5128,1,0.4881,0
Rome Masters,20240506,Clay,R64,2024,Alexander Zverev,Aleksandar Vukic,5.0,70.0,1,0.8756,1,0.8545,1,0.8374,1
Rome Masters,20240506,Clay,R64,2024,Casper Ruud,Miomir Kecmanovic,7.0,58.0,0,0.8309,1,0.8426,1,0.837,1
Rome Masters,20240506,Clay,R64,2024,Thiago Monteiro,Jordan Thompson,106.0,35.0,1,0.4891,0,0.4476,0,0.482,0
Rome Masters,20240506,Clay,R64,2024,Adrian Mannarino,Zhizhen Zhang,21.0,56.0,0,0.456,0,0.5377,1,0.498,0
Rome Masters,20240506,Clay,R64,2024,Pavel Kotov,Ben Shelton,63.0,14.0,0,0.3327,0,0.3042,0,0.2516,0
Rome Masters,20240506,Clay,R64,2024,Karen Khachanov,Alexander Shevchenko,18.0,60.0,1,0.7037,1,0.714,1,0.7336,1
Rome Masters,20240506,Clay,R64,2024,Francisco Cerundolo,Matteo Gigante,22.0,139.0,1,0.8113,1,0.8507,1,0.841,1
Rome Masters,20240506,Clay,R64,2024,Yannick Hanfmann,Alejandro Tabilo,59.0,32.0,0,0.4104,0,0.3629,0,0.3892,0
Rome Masters,20240506,Clay,R64,2024,Novak Djokovic,Corentin Moutet,1.0,83.0,1,0.9472,1,0.8851,1,0.9143,1
Rome Masters,20240506,Clay,R32,2024,Daniil Medvedev,Hamad Medjedovic,4.0,121.0,1,0.9035,1,0.8067,1,0.8786,1
Rome Masters,20240506,Clay,R32,2024,Tommy Paul,Dominik Koepfer,16.0,52.0,1,0.725,1,0.7134,1,0.7267,1
Rome Masters,20240506,Clay,R32,2024,Sebastian Baez,Holger Rune,19.0,12.0,1,0.3511,0,0.3798,0,0.4255,0
Rome Masters,20240506,Clay,R32,2024,Hubert Hurkacz,Tomas Martin Etcheverry,9.0,28.0,1,0.6861,1,0.6945,1,0.7555,1
Rome Masters,20240506,Clay,R32,2024,Alexandre Muller,Andrey Rublev,109.0,6.0,1,0.1219,0,0.0831,0,0.0429,0
Rome Masters,20240506,Clay,R32,2024,Stefano Napolitano,Nicolas Jarry,125.0,24.0,0,0.203,0,0.1628,0,0.1996,0
Rome Masters,20240506,Clay,R32,2024,Felix Auger Aliassime,Alex De Minaur,20.0,11.0,0,0.4409,0,0.3839,0,0.5108,1
Rome Masters,20240506,Clay,R32,2024,Cameron Norrie,Stefanos Tsitsipas,30.0,8.0,0,0.2503,0,0.2053,0,0.1995,0
Rome Masters,20240506,Clay,R32,2024,Grigor Dimitrov,Terence Atmane,10.0,137.0,1,0.8689,1,0.8543,1,0.7603,1
Rome Masters,20240506,Clay,R32,2024,Taylor Fritz,Sebastian Korda,13.0,27.0,1,0.65,1,0.6559,1,0.6967,1
Rome Masters,20240506,Clay,R32,2024,Nuno Borges,Francesco Passaro,53.0,240.0,1,0.7641,1,0.749,1,0.7184,1
Rome Masters,20240506,Clay,R128,2024,Alexei Popyrin,Hamad Medjedovic,42.0,121.0,0,0.6049,1,0.6162,1,0.6188,1
Rome Masters,20240506,Clay,R32,2024,Thiago Monteiro,Miomir Kecmanovic,106.0,58.0,1,0.5024,1,0.5313,1,0.5448,1
Rome Masters,20240506,Clay,R32,2024,Zhizhen Zhang,Ben Shelton,56.0,14.0,1,0.2844,0,0.3058,0,0.2872,0
Rome Masters,20240506,Clay,R32,2024,Karen Khachanov,Francisco Cerundolo,18.0,22.0,1,0.5583,1,0.5948,1,0.6552,1
Rome Masters,20240506,Clay,R32,2024,Novak Djokovic,Alejandro Tabilo,1.0,32.0,0,0.9177,1,0.8997,1,0.9349,1
Rome Masters,20240506,Clay,R16,2024,Daniil Medvedev,Tommy Paul,4.0,16.0,0,0.8527,1,0.7847,1,0.7786,1
Rome Masters,20240506,Clay,R16,2024,Hubert Hurkacz,Sebastian Baez,9.0,19.0,1,0.6741,1,0.6239,1,0.6598,1
Rome Masters,20240506,Clay,R16,2024,Nicolas Jarry,Alexandre Muller,24.0,109.0,1,0.7264,1,0.7515,1,0.7262,1
Rome Masters,20240506,Clay,R16,2024,Stefanos Tsitsipas,Alex De Minaur,8.0,11.0,1,0.616,1,0.6053,1,0.5948,1
Rome Masters,20240506,Clay,R16,2024,Grigor Dimitrov,Taylor Fritz,10.0,13.0,0,0.5224,1,0.5453,1,0.463,0
Rome Masters,20240506,Clay,R16,2024,Alexander Zverev,Nuno Borges,5.0,53.0,1,0.8517,1,0.8335,1,0.7891,1
Rome Masters,20240506,Clay,R16,2024,Thiago Monteiro,Zhizhen Zhang,106.0,56.0,0,0.4924,0,0.4984,0,0.5278,1
Rome Masters,20240506,Clay,R16,2024,Karen Khachanov,Alejandro Tabilo,18.0,32.0,0,0.6066,1,0.6156,1,0.5831,1
Rome Masters,20240506,Clay,QF,2024,Tommy Paul,Hubert Hurkacz,16.0,9.0,1,0.3111,0,0.2926,0,0.2309,0
Rome Masters,20240506,Clay,QF,2024,Nicolas Jarry,Stefanos Tsitsipas,24.0,8.0,1,0.2834,0,0.2758,0,0.2816,0
Rome Masters,20240506,Clay,QF,2024,Alexander Zverev,Taylor Fritz,5.0,13.0,1,0.6855,1,0.6808,1,0.7628,1
Rome Masters,20240506,Clay,QF,2024,Zhizhen Zhang,Alejandro Tabilo,56.0,32.0,0,0.4078,0,0.3452,0,0.3226,0
Rome Masters,20240506,Clay,SF,2024,Nicolas Jarry,Tommy Paul,24.0,16.0,1,0.5017,1,0.4715,0,0.5071,1
Rome Masters,20240506,Clay,SF,2024,Alexander Zverev,Alejandro Tabilo,5.0,32.0,1,0.8016,1,0.7493,1,0.7225,1
Rome Masters,20240506,Clay,R32,2024,Alexander Zverev,Luciano Darderi,5.0,54.0,1,0.7962,1,0.6711,1,0.7206,1
Geneva,20240520,Clay,R32,2024,Sebastian Ofner,Rinky Hijikata,45.0,78.0,1,0.5598,1,0.5573,1,0.6022,1
Geneva,20240520,Clay,R32,2024,Roberto Carballes Baena,Daniel Altmaier,62.0,83.0,1,0.5216,1,0.5235,1,0.4726,0
Geneva,20240520,Clay,R32,2024,Sumit Nagal,Sebastian Baez,94.0,20.0,0,0.3555,0,0.313,0,0.3156,0
Geneva,20240520,Clay,R32,2024,Aslan Karatsev,Flavio Cobolli,82.0,56.0,0,0.412,0,0.3782,0,0.3624,0
Geneva,20240520,Clay,R32,2024,Marcos Giron,Emil Ruusuvuori,48.0,66.0,0,0.5935,1,0.5904,1,0.5255,1
Geneva,20240520,Clay,R32,2024,Fabian Marozsan,Alexander Shevchenko,41.0,61.0,0,0.5846,1,0.5991,1,0.634,1
Geneva,20240520,Clay,R32,2024,Jack Draper,Tomas Machac,35.0,44.0,0,0.5177,1,0.52,1,0.5299,1
Geneva,20240520,Clay,R32,2024,David Goffin,Nicolas Moreno De Alboran,115.0,140.0,0,0.4226,0,0.4301,0,0.4154,0
Geneva,20240520,Clay,R32,2024,Aleksandar Kovacevic,Alex Michelsen,88.0,65.0,0,0.4187,0,0.3814,0,0.4255,0
Geneva,20240520,Clay,R32,2024,Christopher Eubanks,Tallon Griekspoor,43.0,27.0,0,0.389,0,0.3372,0,0.3853,0
Geneva,20240520,Clay,R32,2024,Federico Coria,Denis Shapovalov,69.0,123.0,0,0.4929,0,0.4961,0,0.4718,0
Geneva,20240520,Clay,R32,2024,Andy Murray,Yannick Hanfmann,75.0,85.0,0,0.4012,0,0.4086,0,0.3001,0
Geneva,20240520,Clay,R16,2024,Sebastian Ofner,Casper Ruud,45.0,7.0,0,0.1937,0,0.1462,0,0.1411,0
Geneva,20240520,Clay,R16,2024,Roberto Carballes Baena,Sebastian Baez,62.0,20.0,0,0.3885,0,0.3174,0,0.336,0
Geneva,20240520,Clay,R16,2024,Flavio Cobolli,Ben Shelton,56.0,15.0,1,0.304,0,0.2717,0,0.28,0
Geneva,20240520,Clay,R16,2024,Emil Ruusuvuori,Alexander Shevchenko,66.0,61.0,0,0.4107,0,0.3899,0,0.3284,0
Geneva,20240520,Clay,R16,2024,Nicolas Moreno De Alboran,Tomas Machac,140.0,44.0,0,0.3795,0,0.3334,0,0.3805,0
Geneva,20240520,Clay,R16,2024,Taylor Fritz,Alex Michelsen,12.0,65.0,0,0.7741,1,0.8107,1,0.8223,1
Geneva,20240520,Clay,R16,2024,Denis Shapovalov,Tallon Griekspoor,123.0,27.0,0,0.387,0,0.3849,0,0.4446,0
Geneva,20240520,Clay,R16,2024,Novak Djokovic,Yannick Hanfmann,1.0,85.0,1,0.9459,1,0.8897,1,0.9443,1
Geneva,20240520,Clay,QF,2024,Casper Ruud,Sebastian Baez,7.0,20.0,1,0.7115,1,0.7156,1,0.7222,1
Geneva,20240520,Clay,QF,2024,Alexander Shevchenko,Flavio Cobolli,61.0,56.0,0,0.4574,0,0.3962,0,0.4244,0
Geneva,20240520,Clay,QF,2024,Tomas Machac,Alex Michelsen,44.0,65.0,1,0.6055,1,0.6184,1,0.5755,1
Geneva,20240520,Clay,QF,2024,Novak Djokovic,Tallon Griekspoor,1.0,27.0,1,0.9198,1,0.8992,1,0.9227,1
Geneva,20240520,Clay,SF,2024,Casper Ruud,Flavio Cobolli,7.0,56.0,1,0.7838,1,0.8191,1,0.8154,1
Geneva,20240520,Clay,SF,2024,Novak Djokovic,Tomas Machac,1.0,44.0,0,0.9186,1,0.8561,1,0.9403,1
Geneva,20240520,Clay,F,2024,Casper Ruud,Tomas Machac,7.0,44.0,1,0.7515,1,0.7405,1,0.7731,1
Lyon,20240520,Clay,R32,2024,Mackenzie Mcdonald,Aleksandar Vukic,74.0,93.0,0,0.3702,0,0.416,0,0.3406,0
Lyon,20240520,Clay,R32,2024,Richard Gasquet,Alexandre Muller,124.0,90.0,0,0.3642,0,0.3336,0,0.2633,0
Lyon,20240520,Clay,R32,2024,Pedro Cachin,Pavel Kotov,106.0,57.0,0,0.3665,0,0.3225,0,0.2965,0
Lyon,20240520,Clay,R32,2024,Daniel Elahi Galan,Hugo Gaston,105.0,104.0,0,0.6231,1,0.5955,1,0.6267,1
Lyon,20240520,Clay,R32,2024,Lorenzo Sonego,Giovanni Mpetshi Perricard,50.0,117.0,0,0.6655,1,0.6457,1,0.6702,1
Lyon,20240520,Clay,R32,2024,Yoshihito Nishioka,Sebastian Fanselow,72.0,316.0,1,0.8463,1,0.8369,1,0.8331,1
Lyon,20240520,Clay,R32,2024,Frances Tiafoe,Jaume Munar,26.0,63.0,1,0.591,1,0.6013,1,0.6102,1
Lyon,20240520,Clay,R32,2024,Daniel Evans,Arthur Rinderknech,60.0,73.0,0,0.3604,0,0.3862,0,0.2648,0
Lyon,20240520,Clay,R32,2024,Taro Daniel,Luciano Darderi,81.0,47.0,0,0.3639,0,0.3231,0,0.311,0
Lyon,20240520,Clay,R32,2024,Tomas Martin Etcheverry,Nikolas Sanchez Izquierdo,29.0,260.0,1,0.8658,1,0.8125,1,0.8316,1
Lyon,20240520,Clay,R32,2024,Pedro Martinez,Thiago Seyboth Wild,49.0,58.0,0,0.5473,1,0.6119,1,0.612,1
Lyon,20240520,Clay,R32,2024,Dominik Koepfer,Javier Barranco Cosano,67.0,254.0,1,0.7561,1,0.7227,1,0.6705,1
Lyon,20240520,Clay,R16,2024,Alexander Bublik,Aleksandar Vukic,19.0,93.0,1,0.6606,1,0.7072,1,0.7238,1
Lyon,20240520,Clay,R16,2024,Alexandre Muller,Pavel Kotov,90.0,57.0,0,0.3898,0,0.3508,0,0.3419,0
Lyon,20240520,Clay,R16,2024,Hugo Gaston,Francisco Cerundolo,104.0,23.0,1,0.209,0,0.2213,0,0.1945,0
Lyon,20240520,Clay,R16,2024,Yoshihito Nishioka,Giovanni Mpetshi Perricard,72.0,117.0,0,0.6033,1,0.5878,1,0.5906,1
Lyon,20240520,Clay,R16,2024,Frances Tiafoe,Arthur Rinderknech,26.0,73.0,0,0.6401,1,0.6549,1,0.6031,1
Lyon,20240520,Clay,R16,2024,Adrian Mannarino,Luciano Darderi,22.0,47.0,0,0.3258,0,0.4375,0,0.2535,0
Lyon,20240520,Clay,R16,2024,Tomas Martin Etcheverry,Thiago Seyboth Wild,29.0,58.0,1,0.5829,1,0.5801,1,0.6237,1
Lyon,20240520,Clay,R16,2024,Dominik Koepfer,Ugo Humbert,67.0,17.0,1,0.285,0,0.2478,0,0.2462,0
Lyon,20240520,Clay,QF,2024,Alexander Bublik,Pavel Kotov,19.0,57.0,1,0.5403,1,0.5246,1,0.483,0
Lyon,20240520,Clay,QF,2024,Hugo Gaston,Giovanni Mpetshi Perricard,104.0,117.0,0,0.4509,0,0.4948,0,0.4946,0
Lyon,20240520,Clay,QF,2024,Arthur Rinderknech,Luciano Darderi,73.0,47.0,0,0.353,0,0.283,0,0.3009,0
Lyon,20240520,Clay,QF,2024,Dominik Koepfer,Tomas Martin Etcheverry,67.0,29.0,0,0.3171,0,0.3345,0,0.2273,0
Lyon,20240520,Clay,SF,2024,Alexander Bublik,Giovanni Mpetshi Perricard,19.0,117.0,0,0.742,1,0.7555,1,0.753,1
Lyon,20240520,Clay,SF,2024,Tomas Martin Etcheverry,Luciano Darderi,29.0,47.0,1,0.5217,1,0.5007,1,0.5318,1
Lyon,20240520,Clay,F,2024,Tomas Martin Etcheverry,Giovanni Mpetshi Perricard,29.0,117.0,0,0.758,1,0.7188,1,0.7522,1
Roland Garros,20240527,Clay,R128,2024,Alex De Minaur,Alex Michelsen,11.0,60.0,1,0.7104,1,0.7966,1,0.7858,1
Roland Garros,20240527,Clay,F,2024,Alexander Zverev,Carlos Alcaraz,4.0,3.0,0,0.4689,0,0.4662,0,0.6127,1
Roland Garros,20240527,Clay,R128,2024,Jan Lennard Struff,Roman Andres Burruchaga,41.0,144.0,1,0.74,1,0.7205,1,0.6764,1
Roland Garros,20240527,Clay,R128,2024,Max Purcell,Henri Squire,94.0,221.0,0,0.7401,1,0.6718,1,0.5728,1
Roland Garros,20240527,Clay,R128,2024,Aslan Karatsev,Alexander Shevchenko,82.0,59.0,0,0.4018,0,0.3636,0,0.3075,0
Roland Garros,20240527,Clay,R128,2024,Denis Shapovalov,Luca Van Assche,118.0,103.0,1,0.4842,0,0.4938,0,0.5082,1
Roland Garros,20240527,Clay,R128,2024,Arthur Rinderknech,Adam Walton,69.0,96.0,1,0.6949,1,0.6652,1,0.6167,1
Roland Garros,20240527,Clay,R128,2024,Sebastian Ofner,Terence Atmane,45.0,121.0,1,0.4432,0,0.5091,1,0.3401,0
Roland Garros,20240527,Clay,R128,2024,Kei Nishikori,Gabriel Diallo,350.0,166.0,1,0.314,0,0.3813,0,0.5313,1
Roland Garros,20240527,Clay,R128,2024,Nicolas Moreno De Alboran,Brandon Nakashima,130.0,84.0,0,0.4593,0,0.4743,0,0.5046,1
Roland Garros,20240527,Clay,R128,2024,Roberto Bautista Agut,Jaume Munar,81.0,64.0,0,0.4669,0,0.4685,0,0.4845,0
Roland Garros,20240527,Clay,R128,2024,Alexandre Muller,Luca Nardi,90.0,72.0,1,0.5234,1,0.5405,1,0.5596,1
Roland Garros,20240527,Clay,R128,2024,Gael Monfils,Thiago Seyboth Wild,37.0,58.0,1,0.4469,0,0.4503,0,0.3268,0
Roland Garros,20240527,Clay,R128,2024,Otto Virtanen,Filip Misolic,156.0,243.0,0,0.5117,1,0.5491,1,0.5274,1
Roland Garros,20240527,Clay,R128,2024,Pedro Martinez,Thiago Agustin Tirante,48.0,109.0,1,0.6577,1,0.6893,1,0.712,1
Roland Garros,20240527,Clay,R128,2024,Maximilian Marterer,Jordan Thompson,101.0,36.0,1,0.3887,0,0.3679,0,0.4171,0
Roland Garros,20240527,Clay,R128,2024,Mikhail Kukushkin,Fabian Marozsan,136.0,43.0,0,0.2018,0,0.2555,0,0.2526,0
Roland Garros,20240527,Clay,R128,2024,Nuno Borges,Tomas Machac,47.0,34.0,0,0.4261,0,0.3589,0,0.3633,0
Roland Garros,20240527,Clay,R128,2024,Dusan Lajovic,Roman Safiullin,61.0,42.0,1,0.5398,1,0.5486,1,0.5446,1
Roland Garros,20240527,Clay,R128,2024,Soon Woo Kwon,Emil Ruusuvuori,494.0,67.0,1,0.2104,0,0.257,0,0.3362,0
Roland Garros,20240527,Clay,R128,2024,Jozef Kovalik,Marcos Giron,145.0,50.0,1,0.3849,0,0.3586,0,0.3482,0
Roland Garros,20240527,Clay,R128,2024,Thanasi Kokkinakis,Alexei Popyrin,100.0,51.0,1,0.3251,0,0.3016,0,0.2844,0
Roland Garros,20240527,Clay,R128,2024,Thiago Monteiro,Miomir Kecmanovic,86.0,57.0,0,0.5204,1,0.5488,1,0.5716,1
Roland Garros,20240527,Clay,R128,2024,David Goffin,Giovanni Mpetshi Perricard,115.0,66.0,1,0.1721,0,0.2488,0,0.2136,0
Roland Garros,20240527,Clay,R128,2024,Richard Gasquet,Borna Coric,124.0,73.0,1,0.3343,0,0.3161,0,0.2281,0
Roland Garros,20240527,Clay,R128,2024,Fabio Fognini,Botic Van De Zandschulp,93.0,102.0,1,0.4833,0,0.5667,1,0.4884,0
Roland Garros,20240527,Clay,R128,2024,Jesper De Jong,Jack Draper,176.0,39.0,1,0.2219,0,0.1912,0,0.1582,0
Roland Garros,20240527,Clay,R128,2024,Alejandro Davidovich Fokina,Valentin Vacherot,32.0,116.0,1,0.638,1,0.6805,1,0.6227,1
Roland Garros,20240527,Clay,R128,2024,Rinky Hijikata,Luciano Darderi,78.0,40.0,0,0.2974,0,0.2754,0,0.2309,0
Roland Garros,20240527,Clay,R128,2024,Flavio Cobolli,Hamad Medjedovic,53.0,135.0,1,0.5423,1,0.5262,1,0.5177,1
Roland Garros,20240527,Clay,R128,2024,Constant Lestienne,Roberto Carballes Baena,91.0,63.0,0,0.2796,0,0.2847,0,0.2512,0
Roland Garros,20240527,Clay,R128,2024,Laslo Djere,Daniel Altmaier,52.0,83.0,0,0.5161,1,0.5431,1,0.5482,1
Roland Garros,20240527,Clay,R128,2024,Cameron Norrie,Pavel Kotov,33.0,56.0,0,0.4924,0,0.4644,0,0.4542,0
Roland Garros,20240527,Clay,R128,2024,Pablo Carreno Busta,Mariano Navone,1049.0,31.0,0,0.0293,0,0.169,0,0.1192,0
Roland Garros,20240527,Clay,R128,2024,Daniel Elahi Galan,Lorenzo Musetti,106.0,30.0,0,0.3354,0,0.298,0,0.312,0
Roland Garros,20240527,Clay,R128,2024,Matteo Arnaldi,Arthur Fils,35.0,38.0,1,0.5562,1,0.5985,1,0.6285,1
Roland Garros,20240527,Clay,R128,2024,Tomas Martin Etcheverry,Arthur Cazaux,29.0,77.0,1,0.7748,1,0.7491,1,0.7443,1
Roland Garros,20240527,Clay,R128,2024,Sebastian Korda,Harold Mayot,28.0,122.0,1,0.683,1,0.6576,1,0.7131,1
Roland Garros,20240527,Clay,R128,2024,Mackenzie Mcdonald,Tallon Griekspoor,74.0,25.0,0,0.2429,0,0.2448,0,0.2093,0
Roland Garros,20240527,Clay,R128,2024,Frances Tiafoe,Mattia Bellucci,26.0,173.0,1,0.8314,1,0.8459,1,0.8801,1
Roland Garros,20240527,Clay,R128,2024,Alejandro Tabilo,Zizou Bergs,24.0,104.0,0,0.6872,1,0.7303,1,0.7551,1
Roland Garros,20240527,Clay,R128,2024,Yannick Hanfmann,Francisco Cerundolo,85.0,27.0,0,0.3728,0,0.3346,0,0.2969,0
Roland Garros,20240527,Clay,R128,2024,Adrian Mannarino,Giulio Zeppieri,22.0,148.0,0,0.5248,1,0.6386,1,0.5506,1
Roland Garros,20240527,Clay,R128,2024,Yoshihito Nishioka,Felix Auger Aliassime,70.0,21.0,0,0.2773,0,0.3122,0,0.2667,0
Roland Garros,20240527,Clay,R128,2024,Sebastian Baez,Gustavo Heide,20.0,174.0,1,0.82,1,0.8608,1,0.8649,1
Roland Garros,20240527,Clay,R128,2024,Gregoire Barrere,Alexander Bublik,112.0,17.0,0,0.3282,0,0.3239,0,0.3357,0
Roland Garros,20240527,Clay,R128,2024,Karen Khachanov,Sumit Nagal,18.0,95.0,1,0.7574,1,0.7762,1,0.7699,1
Roland Garros,20240527,Clay,R128,2024,Lorenzo Sonego,Ugo Humbert,49.0,16.0,1,0.3614,0,0.2994,0,0.2891,0
Roland Garros,20240527,Clay,R128,2024,Nicolas Jarry,Corentin Moutet,19.0,79.0,0,0.7009,1,0.7234,1,0.75,1
Roland Garros,20240527,Clay,R128,2024,Hugo Gaston,Ben Shelton,88.0,15.0,0,0.234,0,0.1947,0,0.2047,0
Roland Garros,20240527,Clay,R128,2024,Pedro Cachin,Tommy Paul,108.0,14.0,0,0.2352,0,0.1661,0,0.1744,0
Roland Garros,20240527,Clay,R128,2024,Daniel Evans,Holger Rune,62.0,13.0,0,0.1519,0,0.1859,0,0.1496,0
Roland Garros,20240527,Clay,R128,2024,Federico Coria,Taylor Fritz,71.0,12.0,0,0.2138,0,0.2201,0,0.2111,0
Roland Garros,20240527,Clay,R128,2024,Zhizhen Zhang,Aleksandar Vukic,44.0,89.0,1,0.6179,1,0.6307,1,0.6177,1
Roland Garros,20240527,Clay,R128,2024,Grigor Dimitrov,Aleksandar Kovacevic,10.0,87.0,1,0.8248,1,0.8489,1,0.8291,1
Roland Garros,20240527,Clay,R128,2024,Marton Fucsovics,Stefanos Tsitsipas,54.0,9.0,0,0.2618,0,0.2898,0,0.2873,0
Roland Garros,20240527,Clay,R128,2024,Hubert Hurkacz,Shintaro Mochizuki,8.0,162.0,1,0.9255,1,0.9016,1,0.9326,1
Roland Garros,20240527,Clay,R128,2024,Casper Ruud,Felipe Meligeni Alves,7.0,137.0,1,0.8828,1,0.8474,1,0.8268,1
Roland Garros,20240527,Clay,R128,2024,Taro Daniel,Andrey Rublev,80.0,6.0,0,0.1566,0,0.1106,0,0.133,0
Roland Garros,20240527,Clay,R128,2024,Daniil Medvedev,Dominik Koepfer,5.0,65.0,1,0.8794,1,0.8287,1,0.9013,1
Roland Garros,20240527,Clay,R128,2024,Alexander Zverev,Rafael Nadal,4.0,275.0,1,0.9317,1,0.8082,1,0.9169,1
Roland Garros,20240527,Clay,R128,2024,J J Wolf,Carlos Alcaraz,107.0,3.0,0,0.0679,0,0.066,0,0.0315,0
Roland Garros,20240527,Clay,R128,2024,Christopher Eubanks,Jannik Sinner,46.0,2.0,0,0.0458,0,0.0742,0,0.0356,0
Roland Garros,20240527,Clay,R128,2024,Novak Djokovic,Pierre Hugues Herbert,1.0,142.0,1,0.9778,1,0.8661,1,0.9669,1
Roland Garros,20240527,Clay,R64,2024,Zhizhen Zhang,Lorenzo Sonego,44.0,49.0,1,0.5696,1,0.6013,1,0.6027,1
Roland Garros,20240527,Clay,R64,2024,Corentin Moutet,Alexander Shevchenko,79.0,59.0,1,0.4587,0,0.4269,0,0.446,0
Roland Garros,20240527,Clay,R64,2024,Stan Wawrinka,Pavel Kotov,98.0,56.0,0,0.3268,0,0.3367,0,0.2662,0
Roland Garros,20240527,Clay,R64,2024,Thanasi Kokkinakis,Giulio Zeppieri,100.0,148.0,1,0.5371,1,0.5591,1,0.5288,1
Roland Garros,20240527,Clay,R64,2024,Maximilian Marterer,Zizou Bergs,101.0,104.0,0,0.4367,0,0.4314,0,0.4404,0
Roland Garros,20240527,Clay,R64,2024,Alexandre Muller,Matteo Arnaldi,90.0,35.0,0,0.365,0,0.3206,0,0.3445,0
Roland Garros,20240527,Clay,R64,2024,Tomas Machac,Mariano Navone,34.0,31.0,1,0.5129,1,0.5124,1,0.5421,1
Roland Garros,20240527,Clay,R64,2024,Gael Monfils,Lorenzo Musetti,37.0,30.0,0,0.4107,0,0.4296,0,0.45,0
Roland Garros,20240527,Clay,R64,2024,Arthur Rinderknech,Tomas Martin Etcheverry,69.0,29.0,0,0.3444,0,0.2828,0,0.275,0
Roland Garros,20240527,Clay,R64,2024,Soon Woo Kwon,Sebastian Korda,494.0,28.0,0,0.1235,0,0.1651,0,0.1079,0
Roland Garros,20240527,Clay,R64,2024,Tallon Griekspoor,Luciano Darderi,25.0,40.0,1,0.4665,0,0.448,0,0.4815,0
Roland Garros,20240527,Clay,R64,2024,Frances Tiafoe,Denis Shapovalov,26.0,118.0,0,0.6332,1,0.6361,1,0.6221,1
Roland Garros,20240527,Clay,R64,2024,Francisco Cerundolo,Filip Misolic,27.0,243.0,1,0.7767,1,0.7679,1,0.7655,1
Roland Garros,20240527,Clay,R64,2024,Felix Auger Aliassime,Henri Squire,21.0,221.0,1,0.8733,1,0.8622,1,0.8913,1
Roland Garros,20240527,Clay,R64,2024,Sebastian Ofner,Sebastian Baez,45.0,20.0,1,0.3697,0,0.3166,0,0.3192,0
Roland Garros,20240527,Clay,R64,2024,Jan Lennard Struff,Alexander Bublik,41.0,17.0,1,0.4535,0,0.4625,0,0.5083,1
Roland Garros,20240527,Clay,R64,2024,Jozef Kovalik,Karen Khachanov,145.0,18.0,1,0.1866,0,0.2115,0,0.1464,0
Roland Garros,20240527,Clay,R64,2024,Kei Nishikori,Ben Shelton,350.0,15.0,0,0.0719,0,0.1891,0,0.1303,0
Roland Garros,20240527,Clay,R64,2024,Fabio Fognini,Tommy Paul,93.0,14.0,0,0.268,0,0.3164,0,0.3829,0
Roland Garros,20240527,Clay,R64,2024,Flavio Cobolli,Holger Rune,53.0,13.0,0,0.3348,0,0.3354,0,0.3587,0
Roland Garros,20240527,Clay,R64,2024,Dusan Lajovic,Taylor Fritz,61.0,12.0,0,0.254,0,0.2346,0,0.2457,0
Roland Garros,20240527,Clay,R64,2024,Jaume Munar,Alex De Minaur,64.0,11.0,0,0.2656,0,0.2338,0,0.2032,0
Roland Garros,20240527,Clay,R64,2024,Grigor Dimitrov,Fabian Marozsan,10.0,43.0,1,0.6998,1,0.7877,1,0.7738,1
Roland Garros,20240527,Clay,R64,2024,Stefanos Tsitsipas,Daniel Altmaier,9.0,83.0,1,0.816,1,0.8139,1,0.7798,1
Roland Garros,20240527,Clay,R64,2024,Hubert Hurkacz,Brandon Nakashima,8.0,84.0,1,0.8058,1,0.837,1,0.8231,1
Roland Garros,20240527,Clay,R64,2024,Casper Ruud,Alejandro Davidovich Fokina,7.0,32.0,1,0.8031,1,0.8389,1,0.8629,1
Roland Garros,20240527,Clay,R64,2024,Pedro Martinez,Andrey Rublev,48.0,6.0,0,0.2341,0,0.2842,0,0.3117,0
Roland Garros,20240527,Clay,R64,2024,Daniil Medvedev,Miomir Kecmanovic,5.0,57.0,1,0.8623,1,0.8512,1,0.8586,1
Roland Garros,20240527,Clay,R64,2024,Alexander Zverev,David Goffin,4.0,115.0,1,0.942,1,0.9143,1,0.9612,1
Roland Garros,20240527,Clay,R64,2024,Jesper De Jong,Carlos Alcaraz,176.0,3.0,0,0.0372,0,0.0515,0,0.0138,0
Roland Garros,20240527,Clay,R64,2024,Richard Gasquet,Jannik Sinner,124.0,2.0,0,0.0298,0,0.0724,0,0.0171,0
Roland Garros,20240527,Clay,R64,2024,Novak Djokovic,Roberto Carballes Baena,1.0,63.0,1,0.9358,1,0.8862,1,0.9389,1
Roland Garros,20240527,Clay,R32,2024,Sebastian Ofner,Corentin Moutet,45.0,79.0,0,0.5309,1,0.5265,1,0.4953,0
Roland Garros,20240527,Clay,R32,2024,Felix Auger Aliassime,Ben Shelton,21.0,15.0,1,0.4694,0,0.4466,0,0.5368,1
Roland Garros,20240527,Clay,R32,2024,Tommy Paul,Francisco Cerundolo,14.0,27.0,0,0.6102,1,0.6273,1,0.6353,1
Roland Garros,20240527,Clay,R32,2024,Jozef Kovalik,Holger Rune,145.0,13.0,0,0.1789,0,0.2426,0,0.2401,0
Roland Garros,20240527,Clay,R32,2024,Thanasi Kokkinakis,Taylor Fritz,100.0,12.0,0,0.1874,0,0.1619,0,0.1581,0
Roland Garros,20240527,Clay,R32,2024,Jan Lennard Struff,Alex De Minaur,41.0,11.0,0,0.3566,0,0.3807,0,0.4861,0
Roland Garros,20240527,Clay,R32,2024,Grigor Dimitrov,Zizou Bergs,10.0,104.0,1,0.7833,1,0.8208,1,0.8229,1
Roland Garros,20240527,Clay,R32,2024,Zhizhen Zhang,Stefanos Tsitsipas,44.0,9.0,0,0.2469,0,0.2106,0,0.1677,0
Roland Garros,20240527,Clay,R32,2024,Hubert Hurkacz,Denis Shapovalov,8.0,118.0,1,0.8287,1,0.8219,1,0.8368,1
Roland Garros,20240527,Clay,R32,2024,Casper Ruud,Tomas Martin Etcheverry,7.0,29.0,1,0.7138,1,0.7907,1,0.8114,1
Roland Garros,20240527,Clay,R32,2024,Andrey Rublev,Matteo Arnaldi,6.0,35.0,0,0.7426,1,0.7167,1,0.7427,1
Roland Garros,20240527,Clay,R32,2024,Daniil Medvedev,Tomas Machac,5.0,34.0,1,0.7916,1,0.6576,1,0.5885,1
Roland Garros,20240527,Clay,R32,2024,Alexander Zverev,Tallon Griekspoor,4.0,25.0,1,0.8518,1,0.8071,1,0.8095,1
Roland Garros,20240527,Clay,R32,2024,Sebastian Korda,Carlos Alcaraz,28.0,3.0,0,0.138,0,0.1659,0,0.127,0
Roland Garros,20240527,Clay,R32,2024,Pavel Kotov,Jannik Sinner,56.0,2.0,0,0.0842,0,0.1622,0,0.1085,0
Roland Garros,20240527,Clay,R32,2024,Novak Djokovic,Lorenzo Musetti,1.0,30.0,1,0.9165,1,0.8669,1,0.9115,1
Roland Garros,20240527,Clay,R16,2024,Stefanos Tsitsipas,Matteo Arnaldi,9.0,35.0,1,0.7294,1,0.724,1,0.7544,1
Roland Garros,20240527,Clay,R16,2024,Grigor Dimitrov,Hubert Hurkacz,10.0,8.0,1,0.4074,0,0.3984,0,0.3856,0
Roland Garros,20240527,Clay,R16,2024,Taylor Fritz,Casper Ruud,12.0,7.0,0,0.3816,0,0.3619,0,0.3579,0
Roland Garros,20240527,Clay,R16,2024,Daniil Medvedev,Alex De Minaur,5.0,11.0,0,0.7033,1,0.6508,1,0.7237,1
Roland Garros,20240527,Clay,R16,2024,Alexander Zverev,Holger Rune,4.0,13.0,1,0.7629,1,0.7486,1,0.7633,1
Roland Garros,20240527,Clay,R16,2024,Felix Auger Aliassime,Carlos Alcaraz,21.0,3.0,0,0.191,0,0.2424,0,0.1923,0
Roland Garros,20240527,Clay,R16,2024,Corentin Moutet,Jannik Sinner,79.0,2.0,0,0.057,0,0.0993,0,0.0619,0
Roland Garros,20240527,Clay,R16,2024,Novak Djokovic,Francisco Cerundolo,1.0,27.0,1,0.9102,1,0.889,1,0.9013,1
Roland Garros,20240527,Clay,QF,2024,Alexander Zverev,Alex De Minaur,4.0,11.0,1,0.7521,1,0.7438,1,0.8328,1
Roland Garros,20240527,Clay,QF,2024,Stefanos Tsitsipas,Carlos Alcaraz,9.0,3.0,0,0.3048,0,0.384,0,0.4497,0
Roland Garros,20240527,Clay,QF,2024,Grigor Dimitrov,Jannik Sinner,10.0,2.0,0,0.1615,0,0.2545,0,0.2571,0
Roland Garros,20240527,Clay,QF,2024,Novak Djokovic,Casper Ruud,1.0,7.0,0,0.7669,1,0.6368,1,0.754,1
Roland Garros,20240527,Clay,SF,2024,Alexander Zverev,Casper Ruud,4.0,7.0,1,0.6427,1,0.607,1,0.6697,1
Roland Garros,20240527,Clay,SF,2024,Jannik Sinner,Carlos Alcaraz,2.0,3.0,0,0.6136,1,0.5491,1,0.474,0
Roland Garros,20240527,Clay,R128,2024,Stan Wawrinka,Andy Murray,98.0,75.0,1,0.5317,1,0.4788,0,0.4904,0
Stuttgart,20240610,Grass,QF,2024,Frances Tiafoe,Jack Draper,28.0,40.0,0,0.6927,1,0.6545,1,0.7292,1
Stuttgart,20240610,Grass,R32,2024,Denis Shapovalov,Matteo Martineau,117.0,179.0,1,0.755,1,0.6942,1,0.6652,1
Stuttgart,20240610,Grass,R32,2024,Roman Safiullin,Matteo Berrettini,43.0,95.0,0,0.4491,0,0.5045,1,0.3917,0
Stuttgart,20240610,Grass,R32,2024,Fabian Marozsan,Hamad Medjedovic,42.0,131.0,0,0.5572,1,0.559,1,0.5822,1
Stuttgart,20240610,Grass,R32,2024,Zhizhen Zhang,Dominik Koepfer,44.0,65.0,0,0.675,1,0.653,1,0.654,1
Stuttgart,20240610,Grass,R32,2024,Lorenzo Musetti,Giovanni Mpetshi Perricard,30.0,66.0,1,0.5816,1,0.6312,1,0.6504,1
Stuttgart,20240610,Grass,R32,2024,Sebastian Ofner,Jack Draper,52.0,40.0,0,0.4685,0,0.4602,0,0.513,1
Stuttgart,20240610,Grass,R32,2024,Andy Murray,Marcos Giron,97.0,54.0,0,0.4422,0,0.4367,0,0.4461,0
Stuttgart,20240610,Grass,R32,2024,Yannick Hanfmann,Henri Squire,91.0,178.0,1,0.6282,1,0.6534,1,0.6826,1
Stuttgart,20240610,Grass,R32,2024,Jan Lennard Struff,Flavio Cobolli,35.0,50.0,1,0.6758,1,0.6649,1,0.6457,1
Stuttgart,20240610,Grass,R32,2024,Arthur Rinderknech,Alex Michelsen,67.0,61.0,1,0.3985,0,0.4109,0,0.4427,0
Stuttgart,20240610,Grass,R32,2024,Christopher Eubanks,Brandon Nakashima,45.0,70.0,0,0.5865,1,0.6617,1,0.8179,1
Stuttgart,20240610,Grass,R16,2024,James Duckworth,Ben Shelton,101.0,14.0,1,0.2767,0,0.3254,0,0.3531,0
Stuttgart,20240610,Grass,R16,2024,Matteo Berrettini,Denis Shapovalov,95.0,117.0,1,0.5884,1,0.5778,1,0.5662,1
Stuttgart,20240610,Grass,R16,2024,Alexander Bublik,Hamad Medjedovic,17.0,131.0,1,0.7864,1,0.7262,1,0.8466,1
Stuttgart,20240610,Grass,R16,2024,Dominik Koepfer,Lorenzo Musetti,65.0,30.0,0,0.2773,0,0.356,0,0.3486,0
Stuttgart,20240610,Grass,R16,2024,Marcos Giron,Jack Draper,54.0,40.0,0,0.4608,0,0.5,0,0.5933,1
Stuttgart,20240610,Grass,R16,2024,Yannick Hanfmann,Frances Tiafoe,91.0,28.0,0,0.3312,0,0.2886,0,0.294,0
Stuttgart,20240610,Grass,R16,2024,Jan Lennard Struff,Arthur Rinderknech,35.0,67.0,1,0.6393,1,0.6605,1,0.7174,1
Stuttgart,20240610,Grass,R16,2024,Richard Gasquet,Brandon Nakashima,116.0,70.0,0,0.3927,0,0.3896,0,0.2899,0
Stuttgart,20240610,Grass,QF,2024,James Duckworth,Matteo Berrettini,101.0,95.0,0,0.3811,0,0.3702,0,0.3901,0
Stuttgart,20240610,Grass,QF,2024,Alexander Bublik,Lorenzo Musetti,17.0,30.0,0,0.6129,1,0.6152,1,0.5731,1
Stuttgart,20240610,Grass,R32,2024,Pierre Hugues Herbert,James Duckworth,139.0,101.0,0,0.2987,0,0.3013,0,0.206,0
Stuttgart,20240610,Grass,QF,2024,Jan Lennard Struff,Brandon Nakashima,35.0,70.0,0,0.6481,1,0.6525,1,0.6717,1
Stuttgart,20240610,Grass,SF,2024,Matteo Berrettini,Lorenzo Musetti,95.0,30.0,1,0.4739,0,0.4237,0,0.4248,0
Stuttgart,20240610,Grass,SF,2024,Brandon Nakashima,Jack Draper,70.0,40.0,0,0.5175,1,0.524,1,0.6074,1
Stuttgart,20240610,Grass,F,2024,Matteo Berrettini,Jack Draper,95.0,40.0,0,0.6258,1,0.5598,1,0.5286,1
s Hertogenbosch,20240610,Grass,R32,2024,Alexei Popyrin,Rinky Hijikata,49.0,80.0,1,0.4878,0,0.4869,0,0.3853,0
s Hertogenbosch,20240610,Grass,R32,2024,David Goffin,Luca Nardi,109.0,73.0,0,0.5489,1,0.5542,1,0.5888,1
s Hertogenbosch,20240610,Grass,R32,2024,Sebastian Korda,Tristan Schoolkate,26.0,185.0,1,0.8514,1,0.8481,1,0.9225,1
s Hertogenbosch,20240610,Grass,R32,2024,Max Purcell,Aleksandar Vukic,100.0,87.0,0,0.411,0,0.3981,0,0.4704,0
s Hertogenbosch,20240610,Grass,R32,2024,Mackenzie Mcdonald,Botic Van De Zandschulp,74.0,99.0,1,0.4947,0,0.5548,1,0.4508,0
s Hertogenbosch,20240610,Grass,R32,2024,Tallon Griekspoor,Miomir Kecmanovic,23.0,53.0,1,0.659,1,0.6857,1,0.7402,1
s Hertogenbosch,20240610,Grass,R32,2024,Adrian Mannarino,Stefano Napolitano,21.0,125.0,1,0.6561,1,0.7199,1,0.8253,1
s Hertogenbosch,20240610,Grass,R32,2024,Gijs Brouwer,Jakub Mensik,232.0,79.0,1,0.3475,0,0.3929,0,0.4183,0
s Hertogenbosch,20240610,Grass,R32,2024,Arthur Cazaux,Arthur Fils,75.0,38.0,0,0.3688,0,0.3235,0,0.2669,0
s Hertogenbosch,20240610,Grass,R32,2024,Milos Raonic,Jordan Thompson,197.0,37.0,1,0.306,0,0.3279,0,0.2786,0
s Hertogenbosch,20240610,Grass,R32,2024,Roberto Bautista Agut,Marc Andrea Huesler,85.0,201.0,1,0.5413,1,0.5753,1,0.5209,1
s Hertogenbosch,20240610,Grass,R32,2024,Tim Van Rijthoven,Zizou Bergs,,81.0,0,0.5709,1,0.4052,0,0.4163,0
s Hertogenbosch,20240610,Grass,R16,2024,Tommy Paul,Alexei Popyrin,13.0,49.0,1,0.7105,1,0.7141,1,0.6629,1
s Hertogenbosch,20240610,Grass,R16,2024,Sebastian Korda,Luca Nardi,26.0,73.0,1,0.7551,1,0.7495,1,0.7487,1
s Hertogenbosch,20240610,Grass,R16,2024,Karen Khachanov,Aleksandar Vukic,22.0,87.0,0,0.5638,1,0.6676,1,0.6859,1
s Hertogenbosch,20240610,Grass,R16,2024,Mackenzie Mcdonald,Tallon Griekspoor,74.0,23.0,0,0.2797,0,0.2629,0,0.278,0
s Hertogenbosch,20240610,Grass,R16,2024,Adrian Mannarino,Gijs Brouwer,21.0,232.0,0,0.7422,1,0.7793,1,0.7995,1
s Hertogenbosch,20240610,Grass,R16,2024,Ugo Humbert,Arthur Fils,16.0,38.0,1,0.657,1,0.6802,1,0.6629,1
s Hertogenbosch,20240610,Grass,R16,2024,Roberto Bautista Agut,Milos Raonic,85.0,197.0,0,0.6396,1,0.626,1,0.5403,1
s Hertogenbosch,20240610,Grass,R16,2024,Zizou Bergs,Alex De Minaur,81.0,9.0,0,0.1519,0,0.1456,0,0.0427,0
s Hertogenbosch,20240610,Grass,QF,2024,Tommy Paul,Sebastian Korda,13.0,26.0,0,0.5624,1,0.5771,1,0.5214,1
s Hertogenbosch,20240610,Grass,QF,2024,Aleksandar Vukic,Tallon Griekspoor,87.0,23.0,0,0.3054,0,0.2148,0,0.2673,0
s Hertogenbosch,20240610,Grass,QF,2024,Gijs Brouwer,Ugo Humbert,232.0,16.0,0,0.2026,0,0.2138,0,0.2113,0
s Hertogenbosch,20240610,Grass,QF,2024,Milos Raonic,Alex De Minaur,197.0,9.0,0,0.1393,0,0.2279,0,0.3251,0
s Hertogenbosch,20240610,Grass,SF,2024,Tallon Griekspoor,Sebastian Korda,23.0,26.0,0,0.5153,1,0.5653,1,0.5643,1
s Hertogenbosch,20240610,Grass,SF,2024,Ugo Humbert,Alex De Minaur,16.0,9.0,0,0.3305,0,0.3147,0,0.3272,0
s Hertogenbosch,20240610,Grass,F,2024,Alex De Minaur,Sebastian Korda,9.0,26.0,1,0.6488,1,0.6537,1,0.664,1
Queen's Club,20240617,Grass,R32,2024,Alex De Minaur,Lorenzo Musetti,7.0,30.0,0,0.7081,1,0.7731,1,0.7668,1
Queen's Club,20240617,Grass,R32,2024,Daniel Evans,Brandon Nakashima,59.0,63.0,0,0.2632,0,0.355,0,0.2891,0
Queen's Club,20240617,Grass,R32,2024,Billy Harris,Tomas Martin Etcheverry,162.0,32.0,1,0.208,0,0.2328,0,0.2203,0
Queen's Club,20240617,Grass,R32,2024,Giovanni Mpetshi Perricard,Ben Shelton,67.0,14.0,1,0.3589,0,0.3397,0,0.37,0
Queen's Club,20240617,Grass,R32,2024,Taro Daniel,Taylor Fritz,85.0,12.0,0,0.1915,0,0.1407,0,0.1202,0
Queen's Club,20240617,Grass,R32,2024,Milos Raonic,Cameron Norrie,186.0,39.0,1,0.4097,0,0.4013,0,0.4277,0
Queen's Club,20240617,Grass,R32,2024,Andy Murray,Alexei Popyrin,129.0,48.0,1,0.3264,0,0.3339,0,0.2746,0
Queen's Club,20240617,Grass,R32,2024,Jordan Thompson,Holger Rune,43.0,15.0,1,0.2445,0,0.2844,0,0.3109,0
Queen's Club,20240617,Grass,R32,2024,Ugo Humbert,Matteo Arnaldi,16.0,35.0,0,0.6601,1,0.6425,1,0.6281,1
Queen's Club,20240617,Grass,R32,2024,Frances Tiafoe,Rinky Hijikata,28.0,98.0,0,0.6863,1,0.6862,1,0.7703,1
Queen's Club,20240617,Grass,R32,2024,Karen Khachanov,Sebastian Korda,22.0,23.0,0,0.3463,0,0.4003,0,0.3316,0
Queen's Club,20240617,Grass,R32,2024,Adrian Mannarino,Grigor Dimitrov,21.0,10.0,0,0.2859,0,0.2956,0,0.2127,0
Queen's Club,20240617,Grass,R32,2024,Tommy Paul,Sebastian Baez,13.0,19.0,1,0.6386,1,0.631,1,0.6407,1
Queen's Club,20240617,Grass,R32,2024,Alejandro Tabilo,Alejandro Davidovich Fokina,24.0,33.0,1,0.4554,0,0.4562,0,0.4129,0
Queen's Club,20240617,Grass,R32,2024,Jack Draper,Mariano Navone,31.0,29.0,1,0.7441,1,0.6528,1,0.8015,1
Queen's Club,20240617,Grass,R32,2024,Francisco Cerundolo,Carlos Alcaraz,26.0,2.0,0,0.0948,0,0.1409,0,0.1097,0
Queen's Club,20240617,Grass,R16,2024,Brandon Nakashima,Lorenzo Musetti,63.0,30.0,0,0.412,0,0.3871,0,0.3667,0
Queen's Club,20240617,Grass,R16,2024,Billy Harris,Giovanni Mpetshi Perricard,162.0,67.0,1,0.2598,0,0.2797,0,0.2032,0
Queen's Club,20240617,Grass,R16,2024,Milos Raonic,Taylor Fritz,186.0,12.0,0,0.2701,0,0.3754,0,0.5003,1
Queen's Club,20240617,Grass,R16,2024,Andy Murray,Jordan Thompson,129.0,43.0,0,0.3375,0,0.3119,0,0.3136,0
Queen's Club,20240617,Grass,R16,2024,Rinky Hijikata,Matteo Arnaldi,98.0,35.0,1,0.4017,0,0.3626,0,0.5018,1
Queen's Club,20240617,Grass,R16,2024,Grigor Dimitrov,Sebastian Korda,10.0,23.0,0,0.5961,1,0.619,1,0.5938,1
Queen's Club,20240617,Grass,R16,2024,Tommy Paul,Alejandro Tabilo,13.0,24.0,1,0.7087,1,0.679,1,0.6817,1
Queen's Club,20240617,Grass,R16,2024,Jack Draper,Carlos Alcaraz,31.0,2.0,1,0.1222,0,0.2233,0,0.1353,0
Queen's Club,20240617,Grass,QF,2024,Billy Harris,Lorenzo Musetti,162.0,30.0,0,0.1728,0,0.267,0,0.4011,0
Queen's Club,20240617,Grass,QF,2024,Jordan Thompson,Taylor Fritz,43.0,12.0,1,0.2784,0,0.3343,0,0.3537,0
Queen's Club,20240617,Grass,QF,2024,Sebastian Korda,Rinky Hijikata,23.0,98.0,1,0.7762,1,0.7669,1,0.8614,1
Queen's Club,20240617,Grass,QF,2024,Tommy Paul,Jack Draper,13.0,31.0,1,0.4777,0,0.5175,1,0.4587,0
Queen's Club,20240617,Grass,SF,2024,Jordan Thompson,Lorenzo Musetti,43.0,30.0,0,0.3482,0,0.3422,0,0.288,0
Queen's Club,20240617,Grass,SF,2024,Tommy Paul,Sebastian Korda,13.0,23.0,1,0.5141,1,0.5102,1,0.3891,0
Queen's Club,20240617,Grass,F,2024,Tommy Paul,Lorenzo Musetti,13.0,30.0,1,0.5699,1,0.5576,1,0.4871,0
Halle,20240617,Grass,R32,2024,Alexander Zverev,Oscar Otte,4.0,474.0,1,0.9737,1,0.9207,1,0.9581,1
Halle,20240617,Grass,R32,2024,Lorenzo Sonego,Miomir Kecmanovic,57.0,54.0,1,0.4524,0,0.4172,0,0.4091,0
Halle,20240617,Grass,R32,2024,Tomas Machac,Arthur Fils,36.0,37.0,0,0.4523,0,0.4767,0,0.3804,0
Halle,20240617,Grass,R32,2024,Dominik Koepfer,Felix Auger Aliassime,70.0,18.0,1,0.3699,0,0.3638,0,0.4149,0
Halle,20240617,Grass,R32,2024,Marcos Giron,Andrey Rublev,53.0,6.0,1,0.1363,0,0.1302,0,0.0866,0
Halle,20240617,Grass,R32,2024,Matteo Berrettini,Alex Michelsen,65.0,61.0,1,0.5627,1,0.6249,1,0.6381,1
Halle,20240617,Grass,R32,2024,James Duckworth,Joao Fonseca,88.0,217.0,1,0.6665,1,0.6602,1,0.615,1
Halle,20240617,Grass,R32,2024,Hubert Hurkacz,Flavio Cobolli,9.0,49.0,1,0.8236,1,0.8114,1,0.8551,1
Halle,20240617,Grass,R32,2024,Alexander Bublik,Max Purcell,17.0,101.0,1,0.8196,1,0.8355,1,0.8674,1
Halle,20240617,Grass,R32,2024,Christopher Eubanks,Pedro Martinez,44.0,46.0,1,0.6447,1,0.6196,1,0.7585,1
Halle,20240617,Grass,R32,2024,Zhizhen Zhang,Sebastian Ofner,42.0,52.0,1,0.6221,1,0.6532,1,0.6502,1
Halle,20240617,Grass,R32,2024,Daniil Medvedev,Nuno Borges,5.0,51.0,1,0.9152,1,0.8886,1,0.9593,1
Halle,20240617,Grass,R32,2024,Stefanos Tsitsipas,Henri Squire,11.0,181.0,1,0.8705,1,0.8745,1,0.9066,1
Halle,20240617,Grass,R32,2024,Jan Lennard Struff,Luciano Darderi,41.0,34.0,1,0.6162,1,0.5648,1,0.575,1
Halle,20240617,Grass,R32,2024,Roman Safiullin,Fabian Marozsan,40.0,45.0,0,0.574,1,0.562,1,0.649,1
Halle,20240617,Grass,R32,2024,Tallon Griekspoor,Jannik Sinner,27.0,1.0,0,0.0822,0,0.1505,0,0.1157,0
Halle,20240617,Grass,R16,2024,Alexander Zverev,Lorenzo Sonego,4.0,57.0,1,0.9163,1,0.8895,1,0.9101,1
Halle,20240617,Grass,R16,2024,Dominik Koepfer,Arthur Fils,70.0,37.0,0,0.4085,0,0.4417,0,0.4573,0
Halle,20240617,Grass,R16,2024,Marcos Giron,Matteo Berrettini,53.0,65.0,1,0.3177,0,0.3729,0,0.2596,0
Halle,20240617,Grass,R16,2024,James Duckworth,Hubert Hurkacz,88.0,9.0,0,0.2169,0,0.239,0,0.2031,0
Halle,20240617,Grass,R16,2024,Christopher Eubanks,Alexander Bublik,44.0,17.0,1,0.339,0,0.3054,0,0.2914,0
Halle,20240617,Grass,R16,2024,Daniil Medvedev,Zhizhen Zhang,5.0,42.0,0,0.8687,1,0.8661,1,0.8753,1
Halle,20240617,Grass,R16,2024,Jan Lennard Struff,Stefanos Tsitsipas,41.0,11.0,1,0.2888,0,0.3094,0,0.2659,0
Halle,20240617,Grass,R16,2024,Jannik Sinner,Fabian Marozsan,1.0,45.0,1,0.9596,1,0.8924,1,0.9414,1
Halle,20240617,Grass,QF,2024,Alexander Zverev,Arthur Fils,4.0,37.0,1,0.8862,1,0.8757,1,0.9274,1
Halle,20240617,Grass,QF,2024,Marcos Giron,Hubert Hurkacz,53.0,9.0,0,0.1669,0,0.133,0,0.1159,0
Halle,20240617,Grass,QF,2024,Christopher Eubanks,Zhizhen Zhang,44.0,42.0,0,0.5119,1,0.5181,1,0.6447,1
Halle,20240617,Grass,QF,2024,Jan Lennard Struff,Jannik Sinner,41.0,1.0,0,0.071,0,0.1392,0,0.0866,0
Halle,20240617,Grass,SF,2024,Alexander Zverev,Hubert Hurkacz,4.0,9.0,0,0.7019,1,0.6378,1,0.6469,1
Halle,20240617,Grass,SF,2024,Zhizhen Zhang,Jannik Sinner,42.0,1.0,0,0.0608,0,0.0952,0,0.0496,0
Halle,20240617,Grass,F,2024,Hubert Hurkacz,Jannik Sinner,9.0,1.0,0,0.1714,0,0.2608,0,0.2412,0
Eastbourne,20240624,Grass,R32,2024,Aleksandar Vukic,Fabian Marozsan,81.0,45.0,1,0.4913,0,0.5043,1,0.6233,1
Eastbourne,20240624,Grass,R32,2024,Lorenzo Sonego,Henry Searle,57.0,568.0,1,0.8318,1,0.861,1,0.8848,1
Eastbourne,20240624,Grass,R32,2024,Thiago Seyboth Wild,James Mccabe,74.0,342.0,1,0.724,1,0.7153,1,0.7422,1
Eastbourne,20240624,Grass,R32,2024,Cameron Norrie,Emil Ruusuvuori,44.0,88.0,0,0.631,1,0.6119,1,0.5893,1
Eastbourne,20240624,Grass,R32,2024,Laslo Djere,Max Purcell,52.0,94.0,0,0.6524,1,0.6859,1,0.7668,1
Eastbourne,20240624,Grass,R32,2024,Liam Broady,Yoshihito Nishioka,146.0,102.0,0,0.5682,1,0.5096,1,0.6036,1
Eastbourne,20240624,Grass,R32,2024,Zhizhen Zhang,Miomir Kecmanovic,33.0,53.0,0,0.6089,1,0.6219,1,0.6484,1
Eastbourne,20240624,Grass,R32,2024,Billy Harris,Jacob Fearnley,139.0,271.0,1,0.8114,1,0.7991,1,0.7626,1
Eastbourne,20240624,Grass,R32,2024,Arthur Rinderknech,Flavio Cobolli,68.0,49.0,0,0.5787,1,0.5497,1,0.5655,1
Eastbourne,20240624,Grass,R32,2024,Tomas Martin Etcheverry,Juncheng Shang,31.0,104.0,0,0.7003,1,0.6961,1,0.7552,1
Eastbourne,20240624,Grass,R32,2024,Giles Hussey,Mariano Navone,359.0,32.0,1,0.1965,0,0.2239,0,0.2439,0
Eastbourne,20240624,Grass,R32,2024,Marcos Giron,Francisco Cerundolo,46.0,27.0,1,0.3561,0,0.3335,0,0.3137,0
Eastbourne,20240624,Grass,R16,2024,Emil Ruusuvuori,Juncheng Shang,88.0,104.0,0,0.5153,1,0.4997,0,0.5294,1
Eastbourne,20240624,Grass,R16,2024,Max Purcell,Lorenzo Sonego,94.0,57.0,1,0.394,0,0.361,0,0.4082,0
Eastbourne,20240624,Grass,R16,2024,Marcos Giron,Yoshihito Nishioka,46.0,102.0,0,0.6811,1,0.6629,1,0.6798,1
Eastbourne,20240624,Grass,R16,2024,Billy Harris,Charles Broom,139.0,245.0,1,0.8176,1,0.7941,1,0.7592,1
Eastbourne,20240624,Grass,R16,2024,Flavio Cobolli,Giles Hussey,49.0,359.0,1,0.797,1,0.7861,1,0.7781,1
Eastbourne,20240624,Grass,R16,2024,Miomir Kecmanovic,Sebastian Baez,53.0,18.0,1,0.4443,0,0.3766,0,0.435,0
Eastbourne,20240624,Grass,R16,2024,Alexander Bublik,Aleksandar Vukic,23.0,81.0,0,0.6602,1,0.6852,1,0.6851,1
Eastbourne,20240624,Grass,R16,2024,Taylor Fritz,Thiago Seyboth Wild,13.0,74.0,1,0.8047,1,0.8183,1,0.8263,1
Eastbourne,20240624,Grass,QF,2024,Yoshihito Nishioka,Aleksandar Vukic,102.0,81.0,0,0.3265,0,0.3125,0,0.203,0
Eastbourne,20240624,Grass,QF,2024,Max Purcell,Miomir Kecmanovic,94.0,53.0,1,0.3549,0,0.2995,0,0.2445,0
Eastbourne,20240624,Grass,QF,2024,Billy Harris,Flavio Cobolli,139.0,49.0,1,0.5835,1,0.5237,1,0.5436,1
Eastbourne,20240624,Grass,QF,2024,Taylor Fritz,Juncheng Shang,13.0,104.0,1,0.8321,1,0.8147,1,0.8297,1
Eastbourne,20240624,Grass,SF,2024,Billy Harris,Max Purcell,139.0,94.0,0,0.678,1,0.5655,1,0.6193,1
Eastbourne,20240624,Grass,SF,2024,Taylor Fritz,Aleksandar Vukic,13.0,81.0,1,0.7392,1,0.7754,1,0.7928,1
Eastbourne,20240624,Grass,F,2024,Taylor Fritz,Max Purcell,13.0,94.0,1,0.8359,1,0.8452,1,0.8517,1
Mallorca,20240624,Grass,R32,2024,Roberto Bautista Agut,Taro Daniel,122.0,83.0,1,0.5357,1,0.5841,1,0.584,1
Mallorca,20240624,Grass,R32,2024,Pablo Carreno Busta,Roberto Carballes Baena,796.0,65.0,0,0.077,0,0.1767,0,0.1924,0
Mallorca,20240624,Grass,R32,2024,Gael Monfils,Dominic Thiem,40.0,134.0,1,0.5885,1,0.6258,1,0.6196,1
Mallorca,20240624,Grass,R32,2024,Constant Lestienne,Alexander Shevchenko,90.0,58.0,0,0.4052,0,0.4139,0,0.3709,0
Mallorca,20240624,Grass,R32,2024,Fabio Fognini,Gijs Brouwer,97.0,190.0,1,0.3542,0,0.503,1,0.3622,0
Mallorca,20240624,Grass,R32,2024,Christopher Eubanks,Jakub Mensik,42.0,85.0,0,0.6616,1,0.6393,1,0.803,1
Mallorca,20240624,Grass,R32,2024,Pedro Martinez,Luciano Darderi,48.0,37.0,0,0.4392,0,0.3784,0,0.3695,0
Mallorca,20240624,Grass,R32,2024,Sebastian Ofner,Jaume Munar,54.0,63.0,1,0.4027,0,0.4204,0,0.3438,0
Mallorca,20240624,Grass,R32,2024,Nuno Borges,Alex Michelsen,51.0,62.0,0,0.376,0,0.4234,0,0.3314,0
Mallorca,20240624,Grass,R32,2024,Yannick Hanfmann,Adam Walton,95.0,107.0,0,0.6926,1,0.6848,1,0.721,1
Mallorca,20240624,Grass,R32,2024,Maximilian Marterer,Paul Jubb,87.0,289.0,0,0.806,1,0.7479,1,0.7823,1
Mallorca,20240624,Grass,R32,2024,Rinky Hijikata,Luca Nardi,75.0,73.0,1,0.4676,0,0.4579,0,0.4852,0
Mallorca,20240624,Grass,R16,2024,Roberto Bautista Agut,Ugo Humbert,122.0,16.0,1,0.2786,0,0.2385,0,0.3418,0
Mallorca,20240624,Grass,R16,2024,Gael Monfils,Roberto Carballes Baena,40.0,65.0,1,0.3647,0,0.4345,0,0.3097,0
Mallorca,20240624,Grass,R16,2024,Alejandro Tabilo,Alexander Shevchenko,24.0,58.0,1,0.6745,1,0.6882,1,0.7059,1
Mallorca,20240624,Grass,R16,2024,Fabio Fognini,Jakub Mensik,97.0,85.0,0,0.3697,0,0.3607,0,0.2185,0
Mallorca,20240624,Grass,R16,2024,Sebastian Ofner,Luciano Darderi,54.0,37.0,1,0.4332,0,0.3785,0,0.4381,0
Mallorca,20240624,Grass,R16,2024,Adrian Mannarino,Alex Michelsen,22.0,62.0,0,0.5036,1,0.5146,1,0.3579,0
Mallorca,20240624,Grass,R16,2024,Adam Walton,Paul Jubb,107.0,289.0,0,0.633,1,0.6978,1,0.6589,1
Mallorca,20240624,Grass,R16,2024,Rinky Hijikata,Ben Shelton,75.0,14.0,0,0.3655,0,0.3583,0,0.3805,0
Mallorca,20240624,Grass,QF,2024,Gael Monfils,Roberto Bautista Agut,40.0,122.0,1,0.4725,0,0.5328,1,0.4877,0
Mallorca,20240624,Grass,QF,2024,Alejandro Tabilo,Jakub Mensik,24.0,85.0,1,0.67,1,0.6243,1,0.6089,1
Mallorca,20240624,Grass,QF,2024,Sebastian Ofner,Alex Michelsen,54.0,62.0,1,0.3704,0,0.4158,0,0.3427,0
Mallorca,20240624,Grass,QF,2024,Paul Jubb,Ben Shelton,289.0,14.0,1,0.1341,0,0.1873,0,0.1341,0
Mallorca,20240624,Grass,SF,2024,Gael Monfils,Alejandro Tabilo,40.0,24.0,0,0.2681,0,0.2807,0,0.2069,0
Mallorca,20240624,Grass,SF,2024,Sebastian Ofner,Paul Jubb,54.0,289.0,1,0.7456,1,0.7569,1,0.705,1
Mallorca,20240624,Grass,F,2024,Sebastian Ofner,Alejandro Tabilo,54.0,24.0,0,0.3065,0,0.2309,0,0.196,0
Wimbledon,20240701,Grass,R64,2024,Novak Djokovic,Jacob Fearnley,2.0,277.0,1,0.9729,1,0.9141,1,0.9714,1
Wimbledon,20240701,Grass,F,2024,Novak Djokovic,Carlos Alcaraz,2.0,3.0,0,0.4319,0,0.4019,0,0.2729,0
Wimbledon,20240701,Grass,R128,2024,Sumit Nagal,Miomir Kecmanovic,73.0,52.0,0,0.3086,0,0.3223,0,0.3087,0
Wimbledon,20240701,Grass,R128,2024,Daniel Elahi Galan,Tallon Griekspoor,103.0,27.0,0,0.3838,0,0.3233,0,0.4137,0
Wimbledon,20240701,Grass,R128,2024,Nicolas Jarry,Denis Shapovalov,20.0,121.0,0,0.6596,1,0.6635,1,0.6808,1
Wimbledon,20240701,Grass,R128,2024,Daniel Altmaier,Arthur Fery,80.0,247.0,1,0.701,1,0.6936,1,0.6606,1
Wimbledon,20240701,Grass,R128,2024,Lloyd Harris,Alex Michelsen,118.0,55.0,1,0.2506,0,0.2711,0,0.1925,0
Wimbledon,20240701,Grass,R128,2024,Mattia Bellucci,Ben Shelton,148.0,14.0,0,0.1596,0,0.1473,0,0.1441,0
Wimbledon,20240701,Grass,R128,2024,Dusan Lajovic,Grigor Dimitrov,56.0,10.0,0,0.165,0,0.1385,0,0.0639,0
Wimbledon,20240701,Grass,R128,2024,Cristian Garin,Juncheng Shang,106.0,91.0,0,0.2474,0,0.3203,0,0.3738,0
Wimbledon,20240701,Grass,R128,2024,Stan Wawrinka,Charles Broom,95.0,248.0,1,0.7528,1,0.7195,1,0.6301,1
Wimbledon,20240701,Grass,R128,2024,Gael Monfils,Adrian Mannarino,33.0,24.0,1,0.5772,1,0.5567,1,0.585,1
Wimbledon,20240701,Grass,R128,2024,Zhizhen Zhang,Maxime Janvier,38.0,225.0,1,0.816,1,0.7817,1,0.7334,1
Wimbledon,20240701,Grass,R128,2024,Jan Lennard Struff,Fabian Marozsan,41.0,43.0,1,0.612,1,0.62,1,0.5558,1
Wimbledon,20240701,Grass,R128,2024,Alexandre Muller,Hugo Gaston,102.0,71.0,1,0.6172,1,0.6282,1,0.7265,1
Wimbledon,20240701,Grass,R128,2024,Daniil Medvedev,Aleksandar Kovacevic,5.0,88.0,1,0.9403,1,0.9279,1,0.9829,1
Wimbledon,20240701,Grass,R128,2024,Carlos Alcaraz,Mark Lajal,3.0,269.0,1,0.9785,1,0.925,1,0.9381,1
Wimbledon,20240701,Grass,R128,2024,Sebastian Ofner,Aleksandar Vukic,45.0,69.0,0,0.5092,1,0.4842,0,0.4971,0
Wimbledon,20240701,Grass,R128,2024,Borna Coric,Felipe Meligeni Alves,89.0,145.0,1,0.5942,1,0.5681,1,0.573,1
Wimbledon,20240701,Grass,R128,2024,Frances Tiafoe,Matteo Arnaldi,29.0,35.0,1,0.5005,1,0.4952,0,0.5094,1
Wimbledon,20240701,Grass,R128,2024,Sebastian Baez,Brandon Nakashima,18.0,65.0,0,0.4373,0,0.5821,1,0.4866,0
Wimbledon,20240701,Grass,R128,2024,Jordan Thompson,Pavel Kotov,40.0,53.0,1,0.5977,1,0.6091,1,0.6184,1
Wimbledon,20240701,Grass,R128,2024,Liam Broady,Botic Van De Zandschulp,156.0,97.0,0,0.4243,0,0.4125,0,0.4018,0
Wimbledon,20240701,Grass,R128,2024,Ugo Humbert,Alexander Shevchenko,16.0,57.0,1,0.6046,1,0.5986,1,0.5542,1
Wimbledon,20240701,Grass,R128,2024,Pedro Martinez,Tommy Paul,49.0,13.0,0,0.1712,0,0.214,0,0.1382,0
Wimbledon,20240701,Grass,R128,2024,Max Purcell,Otto Virtanen,68.0,147.0,0,0.6965,1,0.6704,1,0.6609,1
Wimbledon,20240701,Grass,R128,2024,Zizou Bergs,Arthur Cazaux,82.0,98.0,0,0.6666,1,0.6558,1,0.6592,1
Wimbledon,20240701,Grass,R128,2024,Alexander Bublik,Jakub Mensik,23.0,78.0,1,0.5701,1,0.5342,1,0.5251,1
Wimbledon,20240701,Grass,R128,2024,Lorenzo Sonego,Mariano Navone,54.0,32.0,1,0.5649,1,0.519,1,0.5763,1
Wimbledon,20240701,Grass,R128,2024,Roberto Bautista Agut,Maximilian Marterer,112.0,85.0,1,0.472,0,0.4837,0,0.4657,0
Wimbledon,20240701,Grass,R128,2024,Fabio Fognini,Luca Van Assche,94.0,104.0,1,0.5678,1,0.613,1,0.6041,1
Wimbledon,20240701,Grass,R128,2024,Alex Bolt,Casper Ruud,234.0,8.0,0,0.0832,0,0.0599,0,0.0394,0
Wimbledon,20240701,Grass,R128,2024,Andrey Rublev,Francisco Comesana,6.0,122.0,0,0.9195,1,0.91,1,0.9261,1
Wimbledon,20240701,Grass,R128,2024,Federico Coria,Adam Walton,72.0,101.0,0,0.3491,0,0.4418,0,0.327,0
Wimbledon,20240701,Grass,R128,2024,Jan Choinski,Luciano Darderi,174.0,37.0,0,0.3337,0,0.3379,0,0.5056,1
Wimbledon,20240701,Grass,R128,2024,Constant Lestienne,Lorenzo Musetti,92.0,25.0,0,0.1666,0,0.1748,0,0.1714,0
Wimbledon,20240701,Grass,R128,2024,Sebastian Korda,Giovanni Mpetshi Perricard,21.0,58.0,0,0.6252,1,0.6077,1,0.633,1
Wimbledon,20240701,Grass,R128,2024,Yoshihito Nishioka,Nuno Borges,90.0,50.0,1,0.5414,1,0.5422,1,0.6566,1
Wimbledon,20240701,Grass,R128,2024,Mackenzie Mcdonald,Emil Ruusuvuori,96.0,87.0,0,0.4544,0,0.4075,0,0.4621,0
Wimbledon,20240701,Grass,R128,2024,Taro Daniel,Stefanos Tsitsipas,84.0,11.0,0,0.13,0,0.0745,0,0.0372,0
Wimbledon,20240701,Grass,R128,2024,Christopher Oconnell,Taylor Fritz,79.0,12.0,0,0.1835,0,0.1749,0,0.1167,0
Wimbledon,20240701,Grass,R128,2024,Kei Nishikori,Arthur Rinderknech,401.0,76.0,0,0.2162,0,0.3299,0,0.2043,0
Wimbledon,20240701,Grass,R128,2024,Flavio Cobolli,Rinky Hijikata,48.0,77.0,1,0.5568,1,0.5465,1,0.5561,1
Wimbledon,20240701,Grass,R128,2024,Daniel Evans,Alejandro Tabilo,60.0,19.0,0,0.154,0,0.1649,0,0.1784,0
Wimbledon,20240701,Grass,R128,2024,Elias Ymer,Jack Draper,205.0,28.0,0,0.1134,0,0.1663,0,0.1674,0
Wimbledon,20240701,Grass,R128,2024,Cameron Norrie,Facundo Diaz Acosta,42.0,67.0,1,0.62,1,0.6289,1,0.7051,1
Wimbledon,20240701,Grass,R128,2024,Marcos Giron,Henry Searle,46.0,539.0,1,0.8359,1,0.7702,1,0.7346,1
Wimbledon,20240701,Grass,R128,2024,Alexander Zverev,Roberto Carballes Baena,4.0,64.0,1,0.9042,1,0.8585,1,0.9073,1
Wimbledon,20240701,Grass,R128,2024,Radu Albot,Hubert Hurkacz,144.0,7.0,0,0.0651,0,0.0842,0,0.0335,0
Wimbledon,20240701,Grass,R128,2024,Dominic Stricker,Arthur Fils,149.0,34.0,0,0.3276,0,0.2885,0,0.2861,0
Wimbledon,20240701,Grass,R128,2024,David Goffin,Tomas Machac,83.0,39.0,0,0.445,0,0.3737,0,0.4039,0
Wimbledon,20240701,Grass,R128,2024,Roman Safiullin,Francisco Cerundolo,44.0,30.0,1,0.4688,0,0.4651,0,0.4843,0
Wimbledon,20240701,Grass,R128,2024,Thanasi Kokkinakis,Felix Auger Aliassime,93.0,17.0,1,0.3087,0,0.2379,0,0.1891,0
Wimbledon,20240701,Grass,R128,2024,Lucas Pouille,Laslo Djere,212.0,51.0,1,0.2495,0,0.2585,0,0.2576,0
Wimbledon,20240701,Grass,R128,2024,Billy Harris,Jaume Munar,116.0,63.0,0,0.6009,1,0.5606,1,0.6455,1
Wimbledon,20240701,Grass,R128,2024,James Duckworth,Alex De Minaur,81.0,9.0,0,0.2235,0,0.2268,0,0.1808,0
Wimbledon,20240701,Grass,R128,2024,Soon Woo Kwon,Holger Rune,367.0,15.0,0,0.1046,0,0.165,0,0.1183,0
Wimbledon,20240701,Grass,R128,2024,Thiago Seyboth Wild,Paul Jubb,74.0,201.0,1,0.5069,1,0.5694,1,0.6298,1
Wimbledon,20240701,Grass,R128,2024,Christopher Eubanks,Quentin Halys,62.0,220.0,0,0.6607,1,0.668,1,0.7342,1
Wimbledon,20240701,Grass,R128,2024,Aslan Karatsev,Karen Khachanov,99.0,22.0,0,0.4138,0,0.3448,0,0.4017,0
Wimbledon,20240701,Grass,R128,2024,Tomas Martin Etcheverry,Luca Nardi,31.0,75.0,1,0.5761,1,0.5508,1,0.4571,0
Wimbledon,20240701,Grass,R128,2024,Thiago Monteiro,Alexei Popyrin,86.0,47.0,0,0.4241,0,0.4102,0,0.4489,0
Wimbledon,20240701,Grass,R128,2024,Jacob Fearnley,Alejandro Moro Canas,277.0,188.0,1,0.4726,0,0.4818,0,0.5823,1
Wimbledon,20240701,Grass,R128,2024,Novak Djokovic,Vit Kopriva,2.0,123.0,1,0.9687,1,0.9324,1,0.9513,1
Wimbledon,20240701,Grass,R64,2024,Matteo Berrettini,Jannik Sinner,59.0,1.0,0,0.0644,0,0.1997,0,0.0972,0
Wimbledon,20240701,Grass,R64,2024,Tallon Griekspoor,Miomir Kecmanovic,27.0,52.0,0,0.595,1,0.6067,1,0.6153,1
Wimbledon,20240701,Grass,R64,2024,Daniel Altmaier,Denis Shapovalov,80.0,121.0,0,0.3791,0,0.4508,0,0.3888,0
Wimbledon,20240701,Grass,R64,2024,Lloyd Harris,Ben Shelton,118.0,14.0,0,0.1999,0,0.1506,0,0.1464,0
Wimbledon,20240701,Grass,R64,2024,Grigor Dimitrov,Juncheng Shang,10.0,91.0,1,0.7093,1,0.7619,1,0.6773,1
Wimbledon,20240701,Grass,R64,2024,Stan Wawrinka,Gael Monfils,95.0,33.0,0,0.3835,0,0.3508,0,0.3387,0
Wimbledon,20240701,Grass,R64,2024,Jan Lennard Struff,Zhizhen Zhang,41.0,38.0,1,0.5239,1,0.5896,1,0.6073,1
Wimbledon,20240701,Grass,R64,2024,Daniil Medvedev,Alexandre Muller,5.0,102.0,1,0.8867,1,0.845,1,0.9369,1
Wimbledon,20240701,Grass,R64,2024,Aleksandar Vukic,Carlos Alcaraz,69.0,3.0,0,0.0766,0,0.1004,0,0.0495,0
Wimbledon,20240701,Grass,R64,2024,Borna Coric,Frances Tiafoe,89.0,29.0,0,0.3123,0,0.3159,0,0.2561,0
Wimbledon,20240701,Grass,R64,2024,Jordan Thompson,Brandon Nakashima,40.0,65.0,0,0.4855,0,0.5039,1,0.4865,0
Wimbledon,20240701,Grass,R64,2024,Botic Van De Zandschulp,Ugo Humbert,97.0,16.0,0,0.3284,0,0.277,0,0.2902,0
Wimbledon,20240701,Grass,R64,2024,Tommy Paul,Otto Virtanen,13.0,147.0,1,0.874,1,0.8352,1,0.8737,1
Wimbledon,20240701,Grass,R64,2024,Alexander Bublik,Arthur Cazaux,23.0,98.0,1,0.772,1,0.7681,1,0.8356,1
Wimbledon,20240701,Grass,R64,2024,Roberto Bautista Agut,Lorenzo Sonego,112.0,54.0,1,0.4387,0,0.4804,0,0.4892,0
Wimbledon,20240701,Grass,R64,2024,Fabio Fognini,Casper Ruud,94.0,8.0,1,0.1927,0,0.2194,0,0.1773,0
Wimbledon,20240701,Grass,R64,2024,Adam Walton,Francisco Comesana,101.0,122.0,0,0.7008,1,0.6632,1,0.7067,1
Wimbledon,20240701,Grass,R64,2024,Lorenzo Musetti,Luciano Darderi,25.0,37.0,1,0.6269,1,0.6148,1,0.608,1
Wimbledon,20240701,Grass,R64,2024,Yoshihito Nishioka,Giovanni Mpetshi Perricard,90.0,58.0,0,0.3681,0,0.402,0,0.4836,0
Wimbledon,20240701,Grass,R64,2024,Stefanos Tsitsipas,Emil Ruusuvuori,11.0,87.0,0,0.8115,1,0.8049,1,0.8389,1
Wimbledon,20240701,Grass,R64,2024,Taylor Fritz,Arthur Rinderknech,12.0,76.0,1,0.8176,1,0.8337,1,0.7958,1
Wimbledon,20240701,Grass,R64,2024,Alejandro Tabilo,Flavio Cobolli,19.0,48.0,1,0.6694,1,0.6833,1,0.6983,1
Wimbledon,20240701,Grass,R64,2024,Cameron Norrie,Jack Draper,42.0,28.0,1,0.2631,0,0.2657,0,0.2201,0
Wimbledon,20240701,Grass,R64,2024,Alexander Zverev,Marcos Giron,4.0,46.0,1,0.8983,1,0.8569,1,0.912,1
Wimbledon,20240701,Grass,R64,2024,Hubert Hurkacz,Arthur Fils,7.0,34.0,0,0.7744,1,0.8072,1,0.8134,1
Wimbledon,20240701,Grass,R64,2024,Roman Safiullin,Tomas Machac,44.0,39.0,1,0.511,1,0.5182,1,0.5439,1
Wimbledon,20240701,Grass,R64,2024,Lucas Pouille,Thanasi Kokkinakis,212.0,93.0,1,0.318,0,0.3165,0,0.3145,0
Wimbledon,20240701,Grass,R64,2024,Jaume Munar,Alex De Minaur,63.0,9.0,0,0.1948,0,0.1373,0,0.1377,0
Wimbledon,20240701,Grass,R64,2024,Thiago Seyboth Wild,Holger Rune,74.0,15.0,0,0.3129,0,0.2641,0,0.2127,0
Wimbledon,20240701,Grass,R64,2024,Quentin Halys,Karen Khachanov,220.0,22.0,1,0.3634,0,0.2699,0,0.2797,0
Wimbledon,20240701,Grass,R64,2024,Tomas Martin Etcheverry,Alexei Popyrin,31.0,47.0,0,0.5768,1,0.5381,1,0.5573,1
Wimbledon,20240701,Grass,R128,2024,Yannick Hanfmann,Jannik Sinner,110.0,1.0,0,0.0266,0,0.0737,0,0.0225,0
Wimbledon,20240701,Grass,R32,2024,Miomir Kecmanovic,Jannik Sinner,52.0,1.0,0,0.0401,0,0.0632,0,0.0235,0
Wimbledon,20240701,Grass,R32,2024,Denis Shapovalov,Ben Shelton,121.0,14.0,0,0.3738,0,0.3832,0,0.4801,0
Wimbledon,20240701,Grass,R32,2024,Gael Monfils,Grigor Dimitrov,33.0,10.0,0,0.3219,0,0.3398,0,0.3406,0
Wimbledon,20240701,Grass,R32,2024,Jan Lennard Struff,Daniil Medvedev,41.0,5.0,0,0.1604,0,0.2402,0,0.2301,0
Wimbledon,20240701,Grass,R32,2024,Frances Tiafoe,Carlos Alcaraz,29.0,3.0,0,0.0811,0,0.11,0,0.0594,0
Wimbledon,20240701,Grass,R32,2024,Ugo Humbert,Brandon Nakashima,16.0,65.0,1,0.5578,1,0.6102,1,0.5742,1
Wimbledon,20240701,Grass,R32,2024,Alexander Bublik,Tommy Paul,23.0,13.0,0,0.3588,0,0.3195,0,0.3396,0
Wimbledon,20240701,Grass,R32,2024,Fabio Fognini,Roberto Bautista Agut,94.0,112.0,0,0.5027,1,0.5387,1,0.5408,1
Wimbledon,20240701,Grass,R32,2024,Lorenzo Musetti,Francisco Comesana,25.0,122.0,1,0.8508,1,0.8034,1,0.8083,1
Wimbledon,20240701,Grass,R32,2024,Emil Ruusuvuori,Giovanni Mpetshi Perricard,87.0,58.0,0,0.3708,0,0.3614,0,0.4008,0
Wimbledon,20240701,Grass,R32,2024,Taylor Fritz,Alejandro Tabilo,12.0,19.0,1,0.6109,1,0.56,1,0.5702,1
Wimbledon,20240701,Grass,R32,2024,Alexander Zverev,Cameron Norrie,4.0,42.0,1,0.9161,1,0.902,1,0.9318,1
Wimbledon,20240701,Grass,R32,2024,Roman Safiullin,Arthur Fils,44.0,34.0,0,0.4177,0,0.403,0,0.398,0
Wimbledon,20240701,Grass,R32,2024,Lucas Pouille,Alex De Minaur,212.0,9.0,0,0.0748,0,0.071,0,0.0488,0
Wimbledon,20240701,Grass,R32,2024,Quentin Halys,Holger Rune,220.0,15.0,0,0.2054,0,0.2376,0,0.2506,0
Wimbledon,20240701,Grass,R32,2024,Novak Djokovic,Alexei Popyrin,2.0,47.0,1,0.9234,1,0.8872,1,0.9191,1
Wimbledon,20240701,Grass,R16,2024,Jannik Sinner,Ben Shelton,1.0,14.0,1,0.9292,1,0.8866,1,0.9167,1
Wimbledon,20240701,Grass,R16,2024,Grigor Dimitrov,Daniil Medvedev,10.0,5.0,0,0.2838,0,0.3115,0,0.2993,0
Wimbledon,20240701,Grass,R16,2024,Ugo Humbert,Carlos Alcaraz,16.0,3.0,0,0.1006,0,0.1648,0,0.1015,0
Wimbledon,20240701,Grass,R16,2024,Roberto Bautista Agut,Tommy Paul,112.0,13.0,0,0.1998,0,0.201,0,0.2975,0
Wimbledon,20240701,Grass,R16,2024,Lorenzo Musetti,Giovanni Mpetshi Perricard,25.0,58.0,1,0.5986,1,0.613,1,0.6881,1
Wimbledon,20240701,Grass,R16,2024,Alexander Zverev,Taylor Fritz,4.0,12.0,0,0.713,1,0.6144,1,0.6236,1
Wimbledon,20240701,Grass,R16,2024,Alex De Minaur,Arthur Fils,9.0,34.0,1,0.7258,1,0.7929,1,0.8016,1
Wimbledon,20240701,Grass,R16,2024,Novak Djokovic,Holger Rune,2.0,15.0,1,0.8191,1,0.8534,1,0.924,1
Wimbledon,20240701,Grass,R128,2024,Marton Fucsovics,Matteo Berrettini,70.0,59.0,0,0.3481,0,0.3608,0,0.4361,0
Wimbledon,20240701,Grass,QF,2024,Tommy Paul,Carlos Alcaraz,13.0,3.0,0,0.1776,0,0.2627,0,0.2437,0
Wimbledon,20240701,Grass,QF,2024,Taylor Fritz,Lorenzo Musetti,12.0,25.0,0,0.6443,1,0.6925,1,0.6168,1
Wimbledon,20240701,Grass,QF,2024,Novak Djokovic,Alex De Minaur,2.0,9.0,1,0.7523,1,0.6844,1,0.7184,1
Wimbledon,20240701,Grass,SF,2024,Daniil Medvedev,Carlos Alcaraz,5.0,3.0,0,0.3493,0,0.3537,0,0.342,0
Wimbledon,20240701,Grass,SF,2024,Novak Djokovic,Lorenzo Musetti,2.0,25.0,1,0.8396,1,0.8174,1,0.8676,1
Wimbledon,20240701,Grass,QF,2024,Daniil Medvedev,Jannik Sinner,5.0,1.0,1,0.2416,0,0.2518,0,0.2369,0
Gstaad,20240715,Clay,R32,2024,Stefano Napolitano,Gustavo Heide,125.0,178.0,0,0.7234,1,0.7133,1,0.7796,1
Gstaad,20240715,Clay,R32,2024,Richard Gasquet,Quentin Halys,132.0,192.0,0,0.4936,0,0.5451,1,0.3949,0
Gstaad,20240715,Clay,R32,2024,Stan Wawrinka,Lukas Klein,105.0,118.0,0,0.484,0,0.4856,0,0.4499,0
Gstaad,20240715,Clay,R32,2024,Botic Van De Zandschulp,Dominic Stricker,87.0,175.0,1,0.5861,1,0.6008,1,0.6012,1
Gstaad,20240715,Clay,R32,2024,Gregoire Barrere,Leandro Riedi,131.0,134.0,0,0.5947,1,0.6131,1,0.6123,1
Gstaad,20240715,Clay,R32,2024,Albert Ramos,Jan Lennard Struff,97.0,37.0,0,0.2761,0,0.2695,0,0.2458,0
Gstaad,20240715,Clay,R32,2024,Pedro Cachin,Matteo Berrettini,110.0,82.0,0,0.2745,0,0.2804,0,0.2214,0
Gstaad,20240715,Clay,R32,2024,Daniel Elahi Galan,Vit Kopriva,142.0,112.0,1,0.5691,1,0.5744,1,0.6166,1
Gstaad,20240715,Clay,R32,2024,Yannick Hanfmann,Nicolas Moreno De Alboran,111.0,143.0,1,0.5263,1,0.5225,1,0.5116,1
Gstaad,20240715,Clay,R32,2024,Fabio Fognini,Titouan Droguet,80.0,141.0,1,0.67,1,0.5867,1,0.5013,1
Gstaad,20240715,Clay,R32,2024,Dominic Thiem,Juan Pablo Varillas,133.0,162.0,0,0.5708,1,0.5867,1,0.6521,1
Gstaad,20240715,Clay,R32,2024,Marc Andrea Huesler,Hamad Medjedovic,226.0,122.0,0,0.3067,0,0.3045,0,0.3279,0
Gstaad,20240715,Clay,R16,2024,Ugo Humbert,Gustavo Heide,15.0,178.0,0,0.8135,1,0.8658,1,0.8997,1
Gstaad,20240715,Clay,R16,2024,Quentin Halys,Lukas Klein,192.0,118.0,1,0.3853,0,0.396,0,0.4425,0
Gstaad,20240715,Clay,R16,2024,Botic Van De Zandschulp,Tomas Martin Etcheverry,87.0,32.0,0,0.3471,0,0.3306,0,0.3562,0
Gstaad,20240715,Clay,R16,2024,Jan Lennard Struff,Leandro Riedi,37.0,134.0,1,0.7938,1,0.7533,1,0.7439,1
Gstaad,20240715,Clay,R16,2024,Daniel Elahi Galan,Matteo Berrettini,142.0,82.0,0,0.252,0,0.2637,0,0.2431,0
Gstaad,20240715,Clay,R16,2024,Yannick Hanfmann,Felix Auger Aliassime,111.0,18.0,0,0.2512,0,0.2104,0,0.2271,0
Gstaad,20240715,Clay,R16,2024,Fabio Fognini,Juan Pablo Varillas,80.0,162.0,1,0.6258,1,0.6761,1,0.6017,1
Gstaad,20240715,Clay,R16,2024,Stefanos Tsitsipas,Hamad Medjedovic,12.0,122.0,1,0.7826,1,0.7469,1,0.801,1
Gstaad,20240715,Clay,QF,2024,Quentin Halys,Gustavo Heide,192.0,178.0,1,0.5486,1,0.4971,0,0.4952,0
Gstaad,20240715,Clay,QF,2024,Jan Lennard Struff,Tomas Martin Etcheverry,37.0,32.0,1,0.4885,0,0.4989,0,0.5201,1
Gstaad,20240715,Clay,QF,2024,Matteo Berrettini,Felix Auger Aliassime,82.0,18.0,1,0.4211,0,0.4656,0,0.5255,1
Gstaad,20240715,Clay,QF,2024,Fabio Fognini,Stefanos Tsitsipas,80.0,12.0,0,0.178,0,0.2273,0,0.3614,0
Gstaad,20240715,Clay,SF,2024,Jan Lennard Struff,Quentin Halys,37.0,192.0,0,0.7576,1,0.7856,1,0.9067,1
Gstaad,20240715,Clay,SF,2024,Matteo Berrettini,Stefanos Tsitsipas,82.0,12.0,1,0.2955,0,0.319,0,0.2523,0
Gstaad,20240715,Clay,F,2024,Quentin Halys,Matteo Berrettini,192.0,82.0,0,0.2352,0,0.3093,0,0.3024,0
Newport,20240715,Grass,R32,2024,Benoit Paire,Zachary Svajda,227.0,113.0,1,0.4217,0,0.4531,0,0.5897,1
Newport,20240715,Grass,R32,2024,Alex Bolt,Jakub Mensik,210.0,79.0,1,0.2266,0,0.265,0,0.2527,0
Newport,20240715,Grass,R32,2024,Brandon Nakashima,Emilio Nava,53.0,148.0,1,0.8026,1,0.7426,1,0.7502,1
Newport,20240715,Grass,R32,2024,Marc Polmans,Ethan Quinn,217.0,254.0,0,0.3758,0,0.4584,0,0.2746,0
Newport,20240715,Grass,R32,2024,Li Tu,Eliot Spizzirri,208.0,393.0,0,0.6944,1,0.6775,1,0.6219,1
Newport,20240715,Grass,R32,2024,Aleksandar Vukic,Coleman Wong,65.0,179.0,1,0.7556,1,0.7349,1,0.7019,1
Newport,20240715,Grass,R32,2024,Arthur Rinderknech,Shintaro Mochizuki,66.0,156.0,1,0.7187,1,0.7071,1,0.7435,1
Newport,20240715,Grass,R32,2024,Aleksandar Kovacevic,Harold Mayot,91.0,124.0,1,0.5305,1,0.5479,1,0.5461,1
Newport,20240715,Grass,R32,2024,Radu Albot,Maxime Cressy,149.0,180.0,0,0.4574,0,0.5175,1,0.4671,0
Newport,20240715,Grass,R32,2024,Mackenzie Mcdonald,Rinky Hijikata,99.0,74.0,1,0.4285,0,0.395,0,0.3987,0
Newport,20240715,Grass,R32,2024,Billy Harris,Gabriel Diallo,116.0,165.0,1,0.6974,1,0.6902,1,0.6467,1
Newport,20240715,Grass,R32,2024,Constant Lestienne,Reilly Opelka,94.0,1187.0,0,0.8934,1,0.7802,1,0.8832,1
Newport,20240715,Grass,R16,2024,Benoit Paire,Marcos Giron,227.0,46.0,0,0.2088,0,0.2398,0,0.269,0
Newport,20240715,Grass,R16,2024,Alex Bolt,Brandon Nakashima,210.0,53.0,1,0.1734,0,0.2584,0,0.318,0
Newport,20240715,Grass,R16,2024,Christopher Eubanks,Ethan Quinn,128.0,254.0,1,0.5834,1,0.5681,1,0.5599,1
Newport,20240715,Grass,R16,2024,Aleksandar Vukic,Eliot Spizzirri,65.0,393.0,1,0.8466,1,0.8166,1,0.8462,1
Newport,20240715,Grass,R16,2024,Arthur Rinderknech,Aleksandar Kovacevic,66.0,91.0,0,0.6784,1,0.6602,1,0.6406,1
Newport,20240715,Grass,R16,2024,Maxime Cressy,Alex Michelsen,180.0,61.0,0,0.2438,0,0.247,0,0.2449,0
Newport,20240715,Grass,R16,2024,Mackenzie Mcdonald,Billy Harris,99.0,116.0,1,0.371,0,0.4064,0,0.4268,0
Newport,20240715,Grass,R16,2024,Adrian Mannarino,Reilly Opelka,25.0,1187.0,0,0.9532,1,0.8514,1,0.9069,1
Newport,20240715,Grass,QF,2024,Alex Bolt,Marcos Giron,210.0,46.0,0,0.2266,0,0.245,0,0.2037,0
Newport,20240715,Grass,QF,2024,Christopher Eubanks,Aleksandar Vukic,128.0,65.0,1,0.3746,0,0.3383,0,0.3684,0
Newport,20240715,Grass,QF,2024,Aleksandar Kovacevic,Alex Michelsen,91.0,61.0,0,0.2751,0,0.2739,0,0.1931,0
Newport,20240715,Grass,QF,2024,Mackenzie Mcdonald,Reilly Opelka,99.0,1187.0,0,0.9311,1,0.8351,1,0.9013,1
Newport,20240715,Grass,SF,2024,Marcos Giron,Christopher Eubanks,46.0,128.0,1,0.5991,1,0.614,1,0.623,1
Newport,20240715,Grass,SF,2024,Reilly Opelka,Alex Michelsen,1187.0,61.0,0,0.0388,0,0.2346,0,0.2643,0
Newport,20240715,Grass,F,2024,Marcos Giron,Alex Michelsen,46.0,61.0,1,0.46,0,0.4956,0,0.4013,0
Bastad,20240715,Clay,R32,2024,Cristian Garin,Pavel Kotov,106.0,60.0,0,0.3581,0,0.3428,0,0.3176,0
Bastad,20240715,Clay,F,2024,Rafael Nadal,Nuno Borges,261.0,51.0,0,0.3164,0,0.3783,0,0.3737,0
Bastad,20240715,Clay,R32,2024,Federico Coria,Thiago Monteiro,69.0,85.0,0,0.4108,0,0.4427,0,0.4861,0
Bastad,20240715,Clay,R32,2024,Elias Ymer,Sumit Nagal,202.0,68.0,0,0.3451,0,0.3522,0,0.3878,0
Bastad,20240715,Clay,R32,2024,Rafael Nadal,Leo Borg,261.0,461.0,1,0.6226,1,0.6506,1,0.57,1
Bastad,20240715,Clay,R32,2024,Jozef Kovalik,Cameron Norrie,102.0,42.0,0,0.4748,0,0.4799,0,0.5078,1
Bastad,20240715,Clay,R32,2024,Andrea Pellegrino,Nuno Borges,153.0,51.0,0,0.2367,0,0.2757,0,0.2634,0
Bastad,20240715,Clay,R32,2024,Camilo Ugo Carabelli,Henrique Rocha,96.0,182.0,0,0.6288,1,0.6147,1,0.5942,1
Bastad,20240715,Clay,R32,2024,Taro Daniel,Timofey Skatov,90.0,223.0,0,0.4545,0,0.5676,1,0.7138,1
Bastad,20240715,Clay,R32,2024,Roberto Carballes Baena,Roman Safiullin,54.0,67.0,1,0.5833,1,0.583,1,0.5537,1
Bastad,20240715,Clay,R32,2024,Denis Yevseyev,Alexandre Muller,160.0,103.0,1,0.2557,0,0.3079,0,0.2906,0
Bastad,20240715,Clay,R32,2024,Thiago Agustin Tirante,Jaime Faria,121.0,170.0,1,0.6325,1,0.6521,1,0.6285,1
Bastad,20240715,Clay,R16,2024,Thiago Monteiro,Casper Ruud,85.0,9.0,1,0.1971,0,0.2411,0,0.2043,0
Bastad,20240715,Clay,R16,2024,Pavel Kotov,Duje Ajdukovic,60.0,130.0,0,0.7609,1,0.7276,1,0.7662,1
Bastad,20240715,Clay,R16,2024,Sumit Nagal,Mariano Navone,68.0,36.0,0,0.3561,0,0.3037,0,0.3078,0
Bastad,20240715,Clay,R16,2024,Rafael Nadal,Cameron Norrie,261.0,42.0,1,0.3104,0,0.3586,0,0.3254,0
Bastad,20240715,Clay,R16,2024,Nuno Borges,Henrique Rocha,51.0,182.0,1,0.744,1,0.7468,1,0.7527,1
Bastad,20240715,Clay,R16,2024,Tallon Griekspoor,Timofey Skatov,27.0,223.0,0,0.6668,1,0.7164,1,0.7139,1
Bastad,20240715,Clay,R16,2024,Roberto Carballes Baena,Denis Yevseyev,54.0,160.0,1,0.7613,1,0.6868,1,0.6124,1
Bastad,20240715,Clay,R16,2024,Andrey Rublev,Thiago Agustin Tirante,8.0,121.0,0,0.8354,1,0.8211,1,0.8145,1
Bastad,20240715,Clay,QF,2024,Thiago Monteiro,Duje Ajdukovic,85.0,130.0,0,0.7058,1,0.6909,1,0.7253,1
Bastad,20240715,Clay,QF,2024,Rafael Nadal,Mariano Navone,261.0,36.0,1,0.2992,0,0.3995,0,0.4244,0
Bastad,20240715,Clay,QF,2024,Nuno Borges,Timofey Skatov,51.0,223.0,1,0.5923,1,0.6719,1,0.6834,1
Bastad,20240715,Clay,QF,2024,Roberto Carballes Baena,Thiago Agustin Tirante,54.0,121.0,0,0.599,1,0.6117,1,0.6446,1
Bastad,20240715,Clay,SF,2024,Rafael Nadal,Duje Ajdukovic,261.0,130.0,1,0.5449,1,0.4497,0,0.4364,0
Bastad,20240715,Clay,SF,2024,Nuno Borges,Thiago Agustin Tirante,51.0,121.0,1,0.6224,1,0.6155,1,0.66,1
Bastad,20240715,Clay,R32,2024,Duje Ajdukovic,Luca Van Assche,130.0,104.0,1,0.3867,0,0.3521,0,0.3896,0
Hamburg,20240715,Clay,R32,2024,Laslo Djere,Zizou Bergs,57.0,73.0,1,0.4478,0,0.4644,0,0.4286,0
Hamburg,20240715,Clay,F,2024,Alexander Zverev,Arthur Fils,4.0,28.0,0,0.8767,1,0.8664,1,0.9046,1
Hamburg,20240715,Clay,R32,2024,Fabian Marozsan,Holger Rune,45.0,17.0,0,0.3094,0,0.308,0,0.2801,0
Hamburg,20240715,Clay,R32,2024,Jaume Munar,Arthur Fils,59.0,28.0,0,0.4131,0,0.376,0,0.3524,0
Hamburg,20240715,Clay,R32,2024,Dominik Koepfer,Sebastian Baez,62.0,19.0,0,0.3359,0,0.3599,0,0.3936,0
Hamburg,20240715,Clay,R32,2024,Dusan Lajovic,Felipe Meligeni Alves,55.0,144.0,1,0.629,1,0.6598,1,0.6562,1
Hamburg,20240715,Clay,R32,2024,Rudolf Molleker,Alexander Shevchenko,197.0,56.0,0,0.3143,0,0.3214,0,0.343,0
Hamburg,20240715,Clay,R32,2024,Nick Hardt,Luciano Darderi,191.0,35.0,0,0.2575,0,0.2557,0,0.2054,0
Hamburg,20240715,Clay,R32,2024,Pedro Martinez,Matteo Arnaldi,49.0,39.0,1,0.4057,0,0.3627,0,0.383,0
Hamburg,20240715,Clay,R32,2024,Ugo Blanchet,Alexei Popyrin,161.0,43.0,1,0.1852,0,0.2051,0,0.2384,0
Hamburg,20240715,Clay,R32,2024,Maximilian Marterer,Soon Woo Kwon,108.0,349.0,1,0.6105,1,0.5849,1,0.5851,1
Hamburg,20240715,Clay,R32,2024,Francisco Cerundolo,Francisco Comesana,33.0,100.0,1,0.6617,1,0.7034,1,0.8024,1
Hamburg,20240715,Clay,R32,2024,Zhizhen Zhang,Thiago Seyboth Wild,34.0,72.0,1,0.6068,1,0.6078,1,0.595,1
Hamburg,20240715,Clay,R32,2024,Daniel Altmaier,Flavio Cobolli,71.0,48.0,0,0.4118,0,0.3705,0,0.4024,0
Hamburg,20240715,Clay,R32,2024,Hugo Gaston,Facundo Diaz Acosta,81.0,77.0,1,0.4601,0,0.4268,0,0.4972,0
Hamburg,20240715,Clay,R32,2024,Alexander Zverev,Jesper De Jong,4.0,114.0,1,0.9307,1,0.9071,1,0.9504,1
Hamburg,20240715,Clay,R16,2024,Marco Trungelliti,Holger Rune,151.0,17.0,0,0.2032,0,0.2719,0,0.1925,0
Hamburg,20240715,Clay,R16,2024,Laslo Djere,Arthur Fils,57.0,28.0,0,0.3623,0,0.3982,0,0.3986,0
Hamburg,20240715,Clay,R16,2024,Dusan Lajovic,Sebastian Baez,55.0,19.0,0,0.3455,0,0.3206,0,0.2698,0
Hamburg,20240715,Clay,R16,2024,Alexander Shevchenko,Luciano Darderi,56.0,35.0,0,0.3956,0,0.3159,0,0.3194,0
Hamburg,20240715,Clay,R16,2024,Pedro Martinez,Ugo Blanchet,49.0,161.0,1,0.7771,1,0.7432,1,0.6721,1
Hamburg,20240715,Clay,R16,2024,Maximilian Marterer,Francisco Cerundolo,108.0,33.0,0,0.3486,0,0.2974,0,0.2964,0
Hamburg,20240715,Clay,R16,2024,Zhizhen Zhang,Flavio Cobolli,34.0,48.0,1,0.5373,1,0.5326,1,0.521,1
Hamburg,20240715,Clay,R16,2024,Alexander Zverev,Hugo Gaston,4.0,81.0,1,0.9303,1,0.8954,1,0.9494,1
Hamburg,20240715,Clay,QF,2024,Holger Rune,Arthur Fils,17.0,28.0,0,0.6136,1,0.6074,1,0.6192,1
Hamburg,20240715,Clay,QF,2024,Sebastian Baez,Luciano Darderi,19.0,35.0,1,0.5126,1,0.5024,1,0.4756,0
Hamburg,20240715,Clay,QF,2024,Pedro Martinez,Francisco Cerundolo,49.0,33.0,1,0.4509,0,0.4123,0,0.3628,0
Hamburg,20240715,Clay,QF,2024,Alexander Zverev,Zhizhen Zhang,4.0,34.0,1,0.8707,1,0.8611,1,0.8855,1
Hamburg,20240715,Clay,SF,2024,Sebastian Baez,Arthur Fils,19.0,28.0,0,0.5467,1,0.5666,1,0.5962,1
Hamburg,20240715,Clay,SF,2024,Alexander Zverev,Pedro Martinez,4.0,49.0,1,0.908,1,0.8746,1,0.9403,1
Hamburg,20240715,Clay,R32,2024,Marco Trungelliti,Sebastian Ofner,151.0,50.0,1,0.3651,0,0.351,0,0.233,0
Kitzbuhel,20240722,Clay,R32,2024,Thiago Seyboth Wild,Joel Schwaerzler,72.0,392.0,1,0.8077,1,0.8465,1,0.8437,1
Kitzbuhel,20240722,Clay,F,2024,Matteo Berrettini,Hugo Gaston,50.0,91.0,1,0.7251,1,0.6932,1,0.7228,1
Kitzbuhel,20240722,Clay,R32,2024,Sebastian Ofner,Lukas Neumayer,56.0,289.0,0,0.7884,1,0.7784,1,0.7608,1
Kitzbuhel,20240722,Clay,R32,2024,Yannick Hanfmann,Jaume Munar,116.0,65.0,1,0.4427,0,0.4535,0,0.4542,0
Kitzbuhel,20240722,Clay,R32,2024,Matteo Berrettini,Pavel Kotov,50.0,62.0,1,0.6133,1,0.6211,1,0.6116,1
Kitzbuhel,20240722,Clay,R32,2024,Laslo Djere,Vit Kopriva,57.0,113.0,1,0.7014,1,0.6939,1,0.7119,1
Kitzbuhel,20240722,Clay,R32,2024,Daniel Elahi Galan,Hamad Medjedovic,137.0,144.0,1,0.422,0,0.4196,0,0.3747,0
Kitzbuhel,20240722,Clay,R32,2024,Federico Coria,Facundo Diaz Acosta,73.0,77.0,0,0.4249,0,0.421,0,0.3969,0
Kitzbuhel,20240722,Clay,R32,2024,Sumit Nagal,Lukas Klein,80.0,119.0,1,0.4076,0,0.4433,0,0.3855,0
Kitzbuhel,20240722,Clay,R32,2024,Marton Fucsovics,Roberto Carballes Baena,83.0,51.0,0,0.4457,0,0.4198,0,0.4547,0
Kitzbuhel,20240722,Clay,R32,2024,Daniel Altmaier,Hugo Gaston,71.0,91.0,0,0.5328,1,0.5237,1,0.6088,1
Kitzbuhel,20240722,Clay,R32,2024,Dominic Thiem,Thiago Agustin Tirante,138.0,101.0,0,0.3588,0,0.3599,0,0.3435,0
Kitzbuhel,20240722,Clay,R16,2024,Alejandro Tabilo,Matteo Berrettini,21.0,50.0,0,0.4774,0,0.471,0,0.4748,0
Kitzbuhel,20240722,Clay,R16,2024,Nicolas Moreno De Alboran,Lukas Neumayer,143.0,289.0,1,0.7158,1,0.7002,1,0.6806,1
Kitzbuhel,20240722,Clay,R16,2024,Yannick Hanfmann,Gustavo Heide,116.0,155.0,1,0.4686,0,0.4702,0,0.3785,0
Kitzbuhel,20240722,Clay,R16,2024,Laslo Djere,Thiago Seyboth Wild,57.0,72.0,0,0.5026,1,0.5193,1,0.4934,0
Kitzbuhel,20240722,Clay,R16,2024,Daniel Elahi Galan,Facundo Diaz Acosta,137.0,77.0,0,0.417,0,0.3338,0,0.3314,0
Kitzbuhel,20240722,Clay,R16,2024,Sumit Nagal,Pedro Martinez,80.0,45.0,0,0.3572,0,0.3065,0,0.3055,0
Kitzbuhel,20240722,Clay,R16,2024,Roberto Carballes Baena,Hugo Gaston,51.0,91.0,0,0.5723,1,0.609,1,0.6314,1
Kitzbuhel,20240722,Clay,R16,2024,Thiago Agustin Tirante,Sebastian Baez,101.0,18.0,0,0.3685,0,0.3627,0,0.4409,0
Kitzbuhel,20240722,Clay,QF,2024,Matteo Berrettini,Nicolas Moreno De Alboran,50.0,143.0,1,0.7668,1,0.7349,1,0.7336,1
Kitzbuhel,20240722,Clay,QF,2024,Yannick Hanfmann,Thiago Seyboth Wild,116.0,72.0,1,0.4362,0,0.4055,0,0.4003,0
Kitzbuhel,20240722,Clay,QF,2024,Pedro Martinez,Facundo Diaz Acosta,45.0,77.0,0,0.5957,1,0.6109,1,0.6165,1
Kitzbuhel,20240722,Clay,QF,2024,Hugo Gaston,Sebastian Baez,91.0,18.0,1,0.292,0,0.2151,0,0.2339,0
Kitzbuhel,20240722,Clay,SF,2024,Yannick Hanfmann,Matteo Berrettini,116.0,50.0,0,0.2594,0,0.266,0,0.2182,0
Kitzbuhel,20240722,Clay,SF,2024,Hugo Gaston,Facundo Diaz Acosta,91.0,77.0,1,0.4733,0,0.4444,0,0.5207,1
Kitzbuhel,20240722,Clay,R32,2024,Andrea Collarini,Nicolas Moreno De Alboran,264.0,143.0,0,0.2671,0,0.2917,0,0.2838,0
Umag,20240722,Clay,R16,2024,Fabio Fognini,Chun Hsin Tseng,70.0,159.0,0,0.743,1,0.6938,1,0.5351,1
Umag,20240722,Clay,R32,2024,Dusan Lajovic,Filip Misolic,53.0,228.0,1,0.6382,1,0.6319,1,0.5921,1
Umag,20240722,Clay,R32,2024,Flavio Cobolli,Mariano Navone,48.0,36.0,1,0.515,1,0.492,0,0.5103,1
Umag,20240722,Clay,R32,2024,Fabio Fognini,Luca Van Assche,70.0,104.0,1,0.5911,1,0.618,1,0.5006,1
Umag,20240722,Clay,R32,2024,Alexei Popyrin,Jakub Mensik,46.0,81.0,0,0.5318,1,0.5177,1,0.5241,1
Umag,20240722,Clay,R32,2024,Duje Ajdukovic,Luciano Darderi,110.0,33.0,0,0.3853,0,0.2831,0,0.2415,0
Umag,20240722,Clay,R32,2024,Alexandre Muller,Matteo Arnaldi,102.0,40.0,1,0.3657,0,0.3336,0,0.3439,0
Umag,20240722,Clay,R32,2024,Lorenzo Sonego,Mili Poljicak,54.0,481.0,1,0.8532,1,0.8769,1,0.8835,1
Umag,20240722,Clay,R32,2024,Enzo Couacaud,Matej Dodig,205.0,310.0,0,0.5141,1,0.5688,1,0.5525,1
Umag,20240722,Clay,R32,2024,Thiago Monteiro,Tomas Machac,79.0,39.0,1,0.3784,0,0.3467,0,0.3346,0
Umag,20240722,Clay,R32,2024,Fabian Marozsan,Alexander Shevchenko,49.0,58.0,1,0.4739,0,0.4648,0,0.4384,0
Umag,20240722,Clay,R32,2024,Camilo Ugo Carabelli,Luka Mikrut,96.0,350.0,1,0.7146,1,0.7468,1,0.6996,1
Umag,20240722,Clay,R16,2024,Marco Trungelliti,Lorenzo Musetti,136.0,17.0,0,0.2745,0,0.3161,0,0.3197,0
Umag,20240722,Clay,R16,2024,Dusan Lajovic,Flavio Cobolli,53.0,48.0,1,0.4199,0,0.3922,0,0.3911,0
Umag,20240722,Clay,R32,2024,Marco Trungelliti,Guido Andreozzi,136.0,406.0,1,0.7293,1,0.6875,1,0.7062,1
Umag,20240722,Clay,R16,2024,Luciano Darderi,Jakub Mensik,33.0,81.0,0,0.5975,1,0.5866,1,0.579,1
Umag,20240722,Clay,R16,2024,Alexandre Muller,Lorenzo Sonego,102.0,54.0,0,0.4504,0,0.4324,0,0.4362,0
Umag,20240722,Clay,R16,2024,Francisco Cerundolo,Matej Dodig,37.0,310.0,1,0.8324,1,0.8451,1,0.8919,1
Umag,20240722,Clay,R16,2024,Thiago Monteiro,Fabian Marozsan,79.0,49.0,0,0.5029,1,0.5631,1,0.6014,1
Umag,20240722,Clay,R16,2024,Andrey Rublev,Camilo Ugo Carabelli,9.0,96.0,1,0.819,1,0.8482,1,0.8436,1
Umag,20240722,Clay,QF,2024,Dusan Lajovic,Lorenzo Musetti,53.0,17.0,0,0.3189,0,0.3711,0,0.4104,0
Umag,20240722,Clay,QF,2024,Chun Hsin Tseng,Jakub Mensik,159.0,81.0,0,0.2285,0,0.2957,0,0.299,0
Umag,20240722,Clay,QF,2024,Lorenzo Sonego,Francisco Cerundolo,54.0,37.0,0,0.4402,0,0.4209,0,0.4204,0
Umag,20240722,Clay,QF,2024,Andrey Rublev,Fabian Marozsan,9.0,49.0,1,0.7328,1,0.7301,1,0.7804,1
Umag,20240722,Clay,SF,2024,Lorenzo Musetti,Jakub Mensik,17.0,81.0,1,0.6408,1,0.6292,1,0.6701,1
Umag,20240722,Clay,SF,2024,Andrey Rublev,Francisco Cerundolo,9.0,37.0,0,0.6723,1,0.6701,1,0.6322,1
Umag,20240722,Clay,F,2024,Francisco Cerundolo,Lorenzo Musetti,37.0,17.0,1,0.3911,0,0.3924,0,0.3939,0
Atlanta,20240722,Hard,R32,2024,Aleksandar Vukic,Mattia Bellucci,60.0,146.0,0,0.7452,1,0.7154,1,0.7369,1
Atlanta,20240722,Hard,R32,2024,Arthur Rinderknech,J J Wolf,64.0,120.0,1,0.6278,1,0.5965,1,0.5766,1
Atlanta,20240722,Hard,R32,2024,Miomir Kecmanovic,Adam Walton,52.0,95.0,0,0.6565,1,0.6736,1,0.5866,1
Atlanta,20240722,Hard,R32,2024,Aslan Karatsev,Billy Harris,107.0,114.0,1,0.4106,0,0.4484,0,0.3785,0
Atlanta,20240722,Hard,R32,2024,Yoshihito Nishioka,Zachary Svajda,86.0,115.0,1,0.5697,1,0.588,1,0.6113,1
Atlanta,20240722,Hard,R32,2024,Mackenzie Mcdonald,Brandon Nakashima,97.0,55.0,1,0.3996,0,0.3918,0,0.3937,0
Atlanta,20240722,Hard,R32,2024,Alejandro Davidovich Fokina,Arthur Cazaux,43.0,92.0,1,0.565,1,0.5788,1,0.5529,1
Atlanta,20240722,Hard,R32,2024,Reilly Opelka,Aleksandar Kovacevic,430.0,82.0,1,0.3223,0,0.3691,0,0.2473,0
Atlanta,20240722,Hard,R32,2024,Borna Coric,Harold Mayot,84.0,122.0,0,0.5573,1,0.5305,1,0.5691,1
Atlanta,20240722,Hard,R32,2024,Christopher Oconnell,Max Purcell,93.0,66.0,0,0.4302,0,0.4138,0,0.4136,0
Atlanta,20240722,Hard,R32,2024,David Goffin,Denis Shapovalov,98.0,140.0,1,0.4167,0,0.47,0,0.4723,0
Atlanta,20240722,Hard,R32,2024,Juncheng Shang,Andres Martin,89.0,483.0,1,0.8637,1,0.8343,1,0.8226,1
Atlanta,20240722,Hard,R16,2024,Adrian Mannarino,Mattia Bellucci,32.0,146.0,0,0.7288,1,0.7215,1,0.6348,1
Atlanta,20240722,Hard,R16,2024,Arthur Rinderknech,Adam Walton,64.0,95.0,1,0.6392,1,0.6605,1,0.6303,1
Atlanta,20240722,Hard,R16,2024,Aslan Karatsev,Frances Tiafoe,107.0,29.0,0,0.3409,0,0.3227,0,0.3136,0
Atlanta,20240722,Hard,R16,2024,Yoshihito Nishioka,Mackenzie Mcdonald,86.0,97.0,1,0.4908,0,0.4967,0,0.495,0
Atlanta,20240722,Hard,R16,2024,Reilly Opelka,Alejandro Davidovich Fokina,430.0,43.0,0,0.2489,0,0.3207,0,0.1088,0
Atlanta,20240722,Hard,R16,2024,Jordan Thompson,Harold Mayot,41.0,122.0,1,0.6203,1,0.6289,1,0.6392,1
Atlanta,20240722,Hard,R16,2024,David Goffin,Max Purcell,98.0,66.0,0,0.3832,0,0.3413,0,0.3343,0
Atlanta,20240722,Hard,R16,2024,Juncheng Shang,Ben Shelton,89.0,14.0,1,0.3073,0,0.3232,0,0.3655,0
Atlanta,20240722,Hard,QF,2024,Arthur Rinderknech,Mattia Bellucci,64.0,146.0,1,0.7453,1,0.7052,1,0.722,1
Atlanta,20240722,Hard,QF,2024,Yoshihito Nishioka,Frances Tiafoe,86.0,29.0,1,0.3667,0,0.3674,0,0.3729,0
Atlanta,20240722,Hard,QF,2024,Jordan Thompson,Alejandro Davidovich Fokina,41.0,43.0,1,0.5068,1,0.5161,1,0.5121,1
Atlanta,20240722,Hard,QF,2024,Max Purcell,Juncheng Shang,66.0,89.0,0,0.4448,0,0.4456,0,0.4314,0
Atlanta,20240722,Hard,SF,2024,Yoshihito Nishioka,Arthur Rinderknech,86.0,64.0,1,0.4288,0,0.453,0,0.4197,0
Atlanta,20240722,Hard,SF,2024,Jordan Thompson,Juncheng Shang,41.0,89.0,1,0.5149,1,0.4922,0,0.4478,0
Atlanta,20240722,Hard,F,2024,Yoshihito Nishioka,Jordan Thompson,86.0,41.0,1,0.3932,0,0.4026,0,0.4891,0
Paris Olympics,20240729,Clay,R32,2024,Daniil Medvedev,Sebastian Ofner,5.0,55.0,1,0.8911,1,0.8743,1,0.9121,1
Paris Olympics,20240729,Clay,BR,2024,Felix Auger Aliassime,Lorenzo Musetti,19.0,16.0,0,0.5039,1,0.4977,0,0.4519,0
Paris Olympics,20240729,Clay,R64,2024,Milos Raonic,Dominik Koepfer,177.0,70.0,0,0.3738,0,0.3969,0,0.3781,0
Paris Olympics,20240729,Clay,R64,2024,Matteo Arnaldi,Arthur Fils,45.0,23.0,1,0.4008,0,0.3728,0,0.3404,0
Paris Olympics,20240729,Clay,R64,2024,Thiago Monteiro,Sebastian Baez,77.0,18.0,0,0.3472,0,0.3643,0,0.3746,0
Paris Olympics,20240729,Clay,R64,2024,Christopher Eubanks,Benjamin Hassan,110.0,170.0,0,0.5462,1,0.5259,1,0.4999,0
Paris Olympics,20240729,Clay,R64,2024,Daniel Evans,Moez Echargui,58.0,382.0,1,0.692,1,0.7131,1,0.8211,1
Paris Olympics,20240729,Clay,R64,2024,Stefanos Tsitsipas,Zizou Bergs,11.0,88.0,1,0.8155,1,0.835,1,0.8771,1
Paris Olympics,20240729,Clay,R64,2024,Alexander Zverev,Jaume Munar,4.0,72.0,1,0.918,1,0.8981,1,0.9327,1
Paris Olympics,20240729,Clay,R64,2024,Zhizhen Zhang,Tomas Machac,41.0,39.0,0,0.4909,0,0.4682,0,0.5279,1
Paris Olympics,20240729,Clay,R64,2024,Stan Wawrinka,Pavel Kotov,149.0,64.0,1,0.2925,0,0.3179,0,0.3383,0
Paris Olympics,20240729,Clay,R64,2024,Nicolas Jarry,Alexei Popyrin,24.0,63.0,0,0.5951,1,0.6197,1,0.6041,1
Paris Olympics,20240729,Clay,R64,2024,Gael Monfils,Lorenzo Musetti,31.0,16.0,0,0.3488,0,0.3948,0,0.345,0
Paris Olympics,20240729,Clay,R64,2024,Nuno Borges,Mariano Navone,43.0,37.0,0,0.5509,1,0.5287,1,0.5848,1
Paris Olympics,20240729,Clay,R64,2024,Kei Nishikori,Jack Draper,581.0,27.0,0,0.1276,0,0.2496,0,0.2793,0
Paris Olympics,20240729,Clay,R64,2024,Alexander Bublik,Taylor Fritz,25.0,12.0,0,0.3284,0,0.3028,0,0.3164,0
Paris Olympics,20240729,Clay,R64,2024,Taro Daniel,Casper Ruud,90.0,9.0,0,0.1323,0,0.0804,0,0.0565,0
Paris Olympics,20240729,Clay,R64,2024,Pedro Martinez,Andrea Vavassori,42.0,206.0,0,0.7366,1,0.6944,1,0.6667,1
Paris Olympics,20240729,Clay,R64,2024,Tomas Barrios Vera,Francisco Cerundolo,165.0,26.0,0,0.2522,0,0.2451,0,0.2719,0
Paris Olympics,20240729,Clay,R64,2024,Ugo Humbert,Fabian Marozsan,15.0,47.0,1,0.5963,1,0.6166,1,0.5457,1
Paris Olympics,20240729,Clay,R64,2024,Marcos Giron,Felix Auger Aliassime,38.0,19.0,0,0.3201,0,0.3488,0,0.3798,0
Paris Olympics,20240729,Clay,R64,2024,Dusan Lajovic,Maximilian Marterer,52.0,116.0,0,0.593,1,0.6496,1,0.6668,1
Paris Olympics,20240729,Clay,R64,2024,Robin Haase,Sebastian Ofner,1199.0,55.0,0,0.0361,0,0.1927,0,0.1809,0
Paris Olympics,20240729,Clay,R64,2024,Daniil Medvedev,Rinky Hijikata,5.0,80.0,1,0.9155,1,0.8976,1,0.9392,1
Paris Olympics,20240729,Clay,R64,2024,Jan Lennard Struff,Francisco Cabral,35.0,,1,0.8536,1,0.8581,1,0.9202,1
Paris Olympics,20240729,Clay,R64,2024,Sumit Nagal,Corentin Moutet,75.0,69.0,0,0.3951,0,0.3951,0,0.431,0
Paris Olympics,20240729,Clay,R64,2024,Alexander Shevchenko,Jakub Mensik,56.0,65.0,0,0.421,0,0.4203,0,0.4072,0
Paris Olympics,20240729,Clay,R64,2024,Tommy Paul,Luciano Darderi,13.0,34.0,1,0.6568,1,0.6364,1,0.5796,1
Paris Olympics,20240729,Clay,R64,2024,Roman Safiullin,Alejandro Tabilo,66.0,20.0,1,0.2778,0,0.2098,0,0.2127,0
Paris Olympics,20240729,Clay,R64,2024,Tomas Martin Etcheverry,Thiago Seyboth Wild,36.0,67.0,1,0.6165,1,0.6184,1,0.634,1
Paris Olympics,20240729,Clay,R64,2024,Tallon Griekspoor,Petros Tsitsipas,28.0,,1,0.8249,1,0.833,1,0.8886,1
Paris Olympics,20240729,Clay,R64,2024,Hady Habib,Carlos Alcaraz,274.0,3.0,0,0.0335,0,0.0972,0,0.051,0
Paris Olympics,20240729,Clay,R32,2024,Rafael Nadal,Novak Djokovic,161.0,2.0,0,0.0746,0,0.21,0,0.1453,0
Paris Olympics,20240729,Clay,R32,2024,Dominik Koepfer,Matteo Arnaldi,70.0,45.0,1,0.3814,0,0.3988,0,0.3713,0
Paris Olympics,20240729,Clay,R32,2024,Benjamin Hassan,Sebastian Baez,170.0,18.0,0,0.214,0,0.2317,0,0.3118,0
Paris Olympics,20240729,Clay,R32,2024,Daniel Evans,Stefanos Tsitsipas,58.0,11.0,0,0.1017,0,0.1204,0,0.0511,0
Paris Olympics,20240729,Clay,R32,2024,Alexander Zverev,Tomas Machac,4.0,39.0,1,0.8618,1,0.7872,1,0.8919,1
Paris Olympics,20240729,Clay,R32,2024,Stan Wawrinka,Alexei Popyrin,149.0,63.0,0,0.3687,0,0.4218,0,0.4036,0
Paris Olympics,20240729,Clay,R32,2024,Lorenzo Musetti,Mariano Navone,16.0,37.0,1,0.644,1,0.5717,1,0.6332,1
Paris Olympics,20240729,Clay,R32,2024,Taylor Fritz,Jack Draper,12.0,27.0,1,0.6878,1,0.6869,1,0.7134,1
Paris Olympics,20240729,Clay,R32,2024,Andrea Vavassori,Casper Ruud,206.0,9.0,0,0.1134,0,0.1158,0,0.0841,0
Paris Olympics,20240729,Clay,R32,2024,Ugo Humbert,Francisco Cerundolo,15.0,26.0,0,0.4964,0,0.538,1,0.5379,1
Paris Olympics,20240729,Clay,R32,2024,Maximilian Marterer,Felix Auger Aliassime,116.0,19.0,0,0.2459,0,0.183,0,0.2014,0
Paris Olympics,20240729,Clay,R64,2024,Novak Djokovic,Matthew Ebden,2.0,,1,0.8728,1,0.8682,1,0.9405,1
Paris Olympics,20240729,Clay,R32,2024,Jan Lennard Struff,Corentin Moutet,35.0,69.0,1,0.5798,1,0.5967,1,0.5915,1
Paris Olympics,20240729,Clay,R32,2024,Tommy Paul,Jakub Mensik,13.0,65.0,1,0.6847,1,0.7242,1,0.7478,1
Paris Olympics,20240729,Clay,R32,2024,Roman Safiullin,Tomas Martin Etcheverry,66.0,36.0,1,0.2904,0,0.2968,0,0.162,0
Paris Olympics,20240729,Clay,R32,2024,Tallon Griekspoor,Carlos Alcaraz,28.0,3.0,0,0.0952,0,0.1546,0,0.2113,0
Paris Olympics,20240729,Clay,R16,2024,Novak Djokovic,Dominik Koepfer,2.0,70.0,1,0.928,1,0.8987,1,0.9319,1
Paris Olympics,20240729,Clay,R16,2024,Stefanos Tsitsipas,Sebastian Baez,11.0,18.0,1,0.6613,1,0.6193,1,0.5914,1
Paris Olympics,20240729,Clay,R16,2024,Alexander Zverev,Alexei Popyrin,4.0,63.0,1,0.9151,1,0.8949,1,0.9554,1
Paris Olympics,20240729,Clay,R16,2024,Taylor Fritz,Lorenzo Musetti,12.0,16.0,0,0.6218,1,0.6458,1,0.6712,1
Paris Olympics,20240729,Clay,R16,2024,Casper Ruud,Francisco Cerundolo,9.0,26.0,1,0.7022,1,0.7374,1,0.7445,1
Paris Olympics,20240729,Clay,R16,2024,Daniil Medvedev,Felix Auger Aliassime,5.0,19.0,0,0.7758,1,0.7209,1,0.6647,1
Paris Olympics,20240729,Clay,R16,2024,Tommy Paul,Corentin Moutet,13.0,69.0,1,0.7274,1,0.7902,1,0.7853,1
Paris Olympics,20240729,Clay,R16,2024,Roman Safiullin,Carlos Alcaraz,66.0,3.0,0,0.048,0,0.0666,0,0.0273,0
Paris Olympics,20240729,Clay,QF,2024,Novak Djokovic,Stefanos Tsitsipas,2.0,11.0,1,0.7287,1,0.6094,1,0.5693,1
Paris Olympics,20240729,Clay,QF,2024,Alexander Zverev,Lorenzo Musetti,4.0,16.0,0,0.8143,1,0.8147,1,0.8284,1
Paris Olympics,20240729,Clay,QF,2024,Casper Ruud,Felix Auger Aliassime,9.0,19.0,0,0.641,1,0.7044,1,0.7544,1
Paris Olympics,20240729,Clay,QF,2024,Tommy Paul,Carlos Alcaraz,13.0,3.0,0,0.1899,0,0.2806,0,0.2352,0
Paris Olympics,20240729,Clay,SF,2024,Novak Djokovic,Lorenzo Musetti,2.0,16.0,1,0.8261,1,0.8495,1,0.9113,1
Paris Olympics,20240729,Clay,SF,2024,Felix Auger Aliassime,Carlos Alcaraz,19.0,3.0,0,0.138,0,0.2294,0,0.1949,0
Paris Olympics,20240729,Clay,F,2024,Novak Djokovic,Carlos Alcaraz,2.0,3.0,1,0.4282,0,0.4055,0,0.276,0
Paris Olympics,20240729,Clay,R64,2024,Rafael Nadal,Marton Fucsovics,161.0,86.0,1,0.5094,1,0.4635,0,0.5443,1
Washington,20240729,Hard,R32,2024,Adrian Mannarino,Denis Shapovalov,32.0,139.0,0,0.5552,1,0.5854,1,0.4867,0
Washington,20240729,Hard,F,2024,Sebastian Korda,Flavio Cobolli,22.0,48.0,1,0.6195,1,0.6078,1,0.6409,1
Washington,20240729,Hard,R64,2024,J J Wolf,Zachary Svajda,143.0,109.0,1,0.4815,0,0.4978,0,0.4835,0
Washington,20240729,Hard,R64,2024,Roberto Bautista Agut,Denis Shapovalov,76.0,139.0,0,0.5215,1,0.568,1,0.5764,1
Washington,20240729,Hard,R64,2024,Seong Chan Hong,Adam Walton,175.0,89.0,1,0.307,0,0.3106,0,0.2989,0
Washington,20240729,Hard,R64,2024,Mackenzie Mcdonald,Mattia Bellucci,93.0,125.0,0,0.4732,0,0.4728,0,0.4323,0
Washington,20240729,Hard,R64,2024,David Goffin,Camilo Ugo Carabelli,100.0,92.0,1,0.5263,1,0.5552,1,0.541,1
Washington,20240729,Hard,R64,2024,Mitchell Krueger,Luca Nardi,192.0,78.0,1,0.3355,0,0.3281,0,0.2935,0
Washington,20240729,Hard,R64,2024,James Duckworth,Reilly Opelka,81.0,371.0,0,0.5562,1,0.5688,1,0.5872,1
Washington,20240729,Hard,R64,2024,Borna Coric,Emil Ruusuvuori,83.0,71.0,0,0.422,0,0.3665,0,0.4367,0
Washington,20240729,Hard,R64,2024,Thanasi Kokkinakis,Max Purcell,91.0,59.0,1,0.4987,0,0.5015,1,0.5374,1
Washington,20240729,Hard,R64,2024,Aslan Karatsev,Cristian Garin,102.0,115.0,0,0.5679,1,0.582,1,0.5574,1
Washington,20240729,Hard,R64,2024,Daniel Elahi Galan,Maxime Cressy,124.0,173.0,1,0.5357,1,0.5503,1,0.4775,0
Washington,20240729,Hard,R64,2024,Yoshihito Nishioka,Aleksandar Kovacevic,50.0,82.0,0,0.5832,1,0.6174,1,0.5979,1
Washington,20240729,Hard,R64,2024,Elias Ymer,Juncheng Shang,216.0,73.0,0,0.2612,0,0.2885,0,0.2504,0
Washington,20240729,Hard,R64,2024,Arthur Cazaux,Luca Van Assche,95.0,118.0,0,0.5604,1,0.5391,1,0.5377,1
Washington,20240729,Hard,R32,2024,Radu Albot,Ben Shelton,152.0,14.0,0,0.1406,0,0.2067,0,0.1995,0
Washington,20240729,Hard,R32,2024,Christopher Oconnell,Brandon Nakashima,94.0,54.0,0,0.3687,0,0.3822,0,0.4084,0
Washington,20240729,Hard,R32,2024,Miomir Kecmanovic,J J Wolf,51.0,143.0,1,0.6721,1,0.6645,1,0.6234,1
Washington,20240729,Hard,R64,2024,Radu Albot,Facundo Diaz Acosta,152.0,62.0,1,0.3265,0,0.3619,0,0.3856,0
Washington,20240729,Hard,R32,2024,Karen Khachanov,Seong Chan Hong,21.0,175.0,0,0.8502,1,0.8497,1,0.9027,1
Washington,20240729,Hard,R32,2024,Mattia Bellucci,Alex Michelsen,125.0,60.0,0,0.4241,0,0.429,0,0.4936,0
Washington,20240729,Hard,R32,2024,David Goffin,Flavio Cobolli,100.0,48.0,0,0.3264,0,0.2927,0,0.2534,0
Washington,20240729,Hard,R32,2024,Mitchell Krueger,Alejandro Davidovich Fokina,192.0,44.0,0,0.2581,0,0.2572,0,0.2711,0
Washington,20240729,Hard,R32,2024,Jordan Thompson,Reilly Opelka,33.0,371.0,1,0.6628,1,0.6005,1,0.477,0
Washington,20240729,Hard,R32,2024,Emil Ruusuvuori,Giovanni Mpetshi Perricard,71.0,49.0,0,0.3775,0,0.343,0,0.3426,0
Washington,20240729,Hard,R32,2024,Thanasi Kokkinakis,Aleksandar Vukic,91.0,85.0,1,0.5391,1,0.5266,1,0.5271,1
Washington,20240729,Hard,R32,2024,Cristian Garin,Sebastian Korda,115.0,22.0,0,0.2254,0,0.2544,0,0.2322,0
Washington,20240729,Hard,R32,2024,Daniel Elahi Galan,Frances Tiafoe,124.0,29.0,0,0.3201,0,0.2574,0,0.2488,0
Washington,20240729,Hard,R32,2024,Roberto Carballes Baena,Aleksandar Kovacevic,53.0,82.0,0,0.5376,1,0.5603,1,0.5243,1
Washington,20240729,Hard,R32,2024,Arthur Rinderknech,Juncheng Shang,68.0,73.0,1,0.4668,0,0.4721,0,0.4877,0
Washington,20240729,Hard,R32,2024,Andrey Rublev,Luca Van Assche,8.0,118.0,1,0.8202,1,0.826,1,0.8446,1
Washington,20240729,Hard,R16,2024,Brandon Nakashima,Ben Shelton,54.0,14.0,0,0.3153,0,0.2497,0,0.1845,0
Washington,20240729,Hard,R16,2024,Denis Shapovalov,Miomir Kecmanovic,139.0,51.0,1,0.4105,0,0.4214,0,0.4188,0
Washington,20240729,Hard,R16,2024,Seong Chan Hong,Alex Michelsen,175.0,60.0,0,0.2028,0,0.2533,0,0.2627,0
Washington,20240729,Hard,R16,2024,Alejandro Davidovich Fokina,Flavio Cobolli,44.0,48.0,0,0.5064,1,0.4699,0,0.4787,0
Washington,20240729,Hard,R16,2024,Jordan Thompson,Giovanni Mpetshi Perricard,33.0,49.0,1,0.4097,0,0.4144,0,0.4354,0
Washington,20240729,Hard,R16,2024,Thanasi Kokkinakis,Sebastian Korda,91.0,22.0,0,0.3242,0,0.2732,0,0.2213,0
Washington,20240729,Hard,R16,2024,Frances Tiafoe,Aleksandar Kovacevic,29.0,82.0,1,0.6363,1,0.6298,1,0.6328,1
Washington,20240729,Hard,R16,2024,Andrey Rublev,Arthur Rinderknech,8.0,68.0,1,0.727,1,0.7363,1,0.7023,1
Washington,20240729,Hard,QF,2024,Denis Shapovalov,Ben Shelton,139.0,14.0,0,0.2305,0,0.2208,0,0.223,0
Washington,20240729,Hard,QF,2024,Flavio Cobolli,Alex Michelsen,48.0,60.0,1,0.5011,1,0.5525,1,0.5457,1
Washington,20240729,Hard,QF,2024,Jordan Thompson,Sebastian Korda,33.0,22.0,0,0.3997,0,0.3964,0,0.4412,0
Washington,20240729,Hard,QF,2024,Andrey Rublev,Frances Tiafoe,8.0,29.0,0,0.6887,1,0.7068,1,0.7629,1
Washington,20240729,Hard,SF,2024,Flavio Cobolli,Ben Shelton,48.0,14.0,1,0.3358,0,0.3556,0,0.3815,0
Washington,20240729,Hard,SF,2024,Frances Tiafoe,Sebastian Korda,29.0,22.0,0,0.3988,0,0.3531,0,0.3531,0
Washington,20240729,Hard,R64,2024,Christopher Oconnell,Harold Mayot,94.0,114.0,1,0.4414,0,0.4494,0,0.4248,0
Canada Masters,20240805,Hard,R64,2024,Vasek Pospisil,Sebastian Korda,610.0,18.0,0,0.0893,0,0.2325,0,0.1758,0
Canada Masters,20240805,Hard,F,2024,Andrey Rublev,Alexei Popyrin,8.0,62.0,0,0.7269,1,0.7247,1,0.7422,1
Canada Masters,20240805,Hard,R64,2024,Roberto Bautista Agut,Holger Rune,72.0,17.0,0,0.2619,0,0.2616,0,0.2516,0
Canada Masters,20240805,Hard,R64,2024,Taylor Fritz,Mariano Navone,13.0,36.0,1,0.8291,1,0.8015,1,0.8344,1
Canada Masters,20240805,Hard,R64,2024,Jordan Thompson,Jack Draper,30.0,28.0,1,0.4108,0,0.392,0,0.3604,0
Canada Masters,20240805,Hard,R64,2024,James Duckworth,Marcos Giron,80.0,37.0,1,0.4041,0,0.356,0,0.3448,0
Canada Masters,20240805,Hard,R64,2024,Gael Monfils,Thanasi Kokkinakis,34.0,81.0,0,0.5648,1,0.5907,1,0.5664,1
Canada Masters,20240805,Hard,R64,2024,Adrian Mannarino,Arthur Rinderknech,31.0,65.0,0,0.4552,0,0.5229,1,0.5144,1
Canada Masters,20240805,Hard,R64,2024,Felix Auger Aliassime,Flavio Cobolli,19.0,33.0,0,0.567,1,0.5448,1,0.5322,1
Canada Masters,20240805,Hard,R64,2024,Alexander Bublik,Ben Shelton,25.0,14.0,0,0.369,0,0.3554,0,0.4168,0
Canada Masters,20240805,Hard,R64,2024,Alexei Popyrin,Tomas Machac,62.0,39.0,1,0.451,0,0.3489,0,0.3739,0
Canada Masters,20240805,Hard,R64,2024,Taro Daniel,Rinky Hijikata,87.0,74.0,0,0.4158,0,0.395,0,0.4545,0
Canada Masters,20240805,Hard,R64,2024,Kei Nishikori,Alex Michelsen,576.0,55.0,1,0.0997,0,0.1979,0,0.1899,0
Canada Masters,20240805,Hard,R64,2024,Nuno Borges,Miomir Kecmanovic,43.0,50.0,1,0.5083,1,0.4856,0,0.4756,0
Canada Masters,20240805,Hard,R64,2024,Ugo Humbert,Arthur Fils,15.0,23.0,1,0.522,1,0.5415,1,0.5672,1
Canada Masters,20240805,Hard,R64,2024,Karen Khachanov,Gabriel Diallo,22.0,141.0,1,0.6623,1,0.7024,1,0.7633,1
Canada Masters,20240805,Hard,R64,2024,Mackenzie Mcdonald,Matteo Arnaldi,93.0,46.0,0,0.3744,0,0.3595,0,0.3709,0
Canada Masters,20240805,Hard,R64,2024,Roman Safiullin,Alejandro Davidovich Fokina,66.0,42.0,0,0.4335,0,0.3743,0,0.3891,0
Canada Masters,20240805,Hard,R64,2024,Nicolas Jarry,Tomas Martin Etcheverry,24.0,38.0,0,0.5099,1,0.5515,1,0.5731,1
Canada Masters,20240805,Hard,R64,2024,Denis Shapovalov,Brandon Nakashima,106.0,52.0,0,0.4478,0,0.4532,0,0.5091,1
Canada Masters,20240805,Hard,R64,2024,Tommy Paul,Luciano Darderi,12.0,32.0,1,0.7729,1,0.769,1,0.8167,1
Canada Masters,20240805,Hard,R64,2024,Frances Tiafoe,Alejandro Tabilo,27.0,21.0,0,0.4289,0,0.3891,0,0.4152,0
Canada Masters,20240805,Hard,R64,2024,Lorenzo Sonego,Tallon Griekspoor,57.0,40.0,1,0.4551,0,0.4355,0,0.3908,0
Canada Masters,20240805,Hard,R64,2024,Borna Coric,Pedro Martinez,94.0,45.0,1,0.3998,0,0.3432,0,0.3362,0
Canada Masters,20240805,Hard,R32,2024,Alexander Zverev,Jordan Thompson,4.0,30.0,1,0.8659,1,0.8091,1,0.8593,1
Canada Masters,20240805,Hard,R32,2024,Pablo Carreno Busta,Holger Rune,799.0,17.0,0,0.0361,0,0.1364,0,0.1115,0
Canada Masters,20240805,Hard,R32,2024,Taylor Fritz,Sebastian Korda,13.0,18.0,0,0.5685,1,0.6121,1,0.6451,1
Canada Masters,20240805,Hard,R32,2024,James Duckworth,Casper Ruud,80.0,9.0,0,0.1907,0,0.1592,0,0.1778,0
Canada Masters,20240805,Hard,R32,2024,Thanasi Kokkinakis,Hubert Hurkacz,81.0,6.0,0,0.2043,0,0.1489,0,0.1227,0
Canada Masters,20240805,Hard,R32,2024,Arthur Rinderknech,Flavio Cobolli,65.0,33.0,1,0.4261,0,0.3996,0,0.3994,0
Canada Masters,20240805,Hard,R32,2024,Alexei Popyrin,Ben Shelton,62.0,14.0,1,0.2953,0,0.2742,0,0.2541,0
Canada Masters,20240805,Hard,R32,2024,Grigor Dimitrov,Rinky Hijikata,10.0,74.0,1,0.7833,1,0.8284,1,0.8097,1
Canada Masters,20240805,Hard,R32,2024,Kei Nishikori,Stefanos Tsitsipas,576.0,11.0,1,0.0465,0,0.0902,0,0.0535,0
Canada Masters,20240805,Hard,R32,2024,Nuno Borges,Ugo Humbert,43.0,15.0,1,0.3481,0,0.2921,0,0.2851,0
Canada Masters,20240805,Hard,R32,2024,Karen Khachanov,Matteo Arnaldi,22.0,46.0,0,0.5489,1,0.5397,1,0.5436,1
Canada Masters,20240805,Hard,R32,2024,Daniil Medvedev,Alejandro Davidovich Fokina,5.0,42.0,0,0.8573,1,0.852,1,0.8514,1
Canada Masters,20240805,Hard,R32,2024,Andrey Rublev,Tomas Martin Etcheverry,8.0,38.0,1,0.7096,1,0.7325,1,0.7565,1
Canada Masters,20240805,Hard,R32,2024,Tommy Paul,Brandon Nakashima,12.0,52.0,0,0.7244,1,0.7983,1,0.7761,1
Canada Masters,20240805,Hard,R32,2024,Alejandro Tabilo,Lorenzo Sonego,21.0,57.0,1,0.6463,1,0.6672,1,0.706,1
Canada Masters,20240805,Hard,R32,2024,Borna Coric,Jannik Sinner,94.0,1.0,0,0.0344,0,0.0564,0,0.0332,0
Canada Masters,20240805,Hard,R16,2024,Alexander Zverev,Holger Rune,4.0,17.0,1,0.801,1,0.7564,1,0.7239,1
Canada Masters,20240805,Hard,R16,2024,Casper Ruud,Sebastian Korda,9.0,18.0,0,0.5682,1,0.611,1,0.5833,1
Canada Masters,20240805,Hard,R16,2024,Arthur Rinderknech,Hubert Hurkacz,65.0,6.0,0,0.2148,0,0.1628,0,0.1397,0
Canada Masters,20240805,Hard,R16,2024,Grigor Dimitrov,Alexei Popyrin,10.0,62.0,0,0.7321,1,0.7955,1,0.7832,1
Canada Masters,20240805,Hard,R16,2024,Kei Nishikori,Nuno Borges,576.0,43.0,1,0.115,0,0.199,0,0.2306,0
Canada Masters,20240805,Hard,R16,2024,Alejandro Davidovich Fokina,Matteo Arnaldi,42.0,46.0,0,0.4915,0,0.4829,0,0.4895,0
Canada Masters,20240805,Hard,R16,2024,Andrey Rublev,Brandon Nakashima,8.0,52.0,1,0.733,1,0.702,1,0.7178,1
Canada Masters,20240805,Hard,R16,2024,Alejandro Tabilo,Jannik Sinner,21.0,1.0,0,0.0833,0,0.1491,0,0.102,0
Canada Masters,20240805,Hard,QF,2024,Alexander Zverev,Sebastian Korda,4.0,18.0,0,0.7748,1,0.6904,1,0.718,1
Canada Masters,20240805,Hard,QF,2024,Hubert Hurkacz,Alexei Popyrin,6.0,62.0,0,0.7756,1,0.8197,1,0.8381,1
Canada Masters,20240805,Hard,QF,2024,Kei Nishikori,Matteo Arnaldi,576.0,46.0,0,0.0978,0,0.1824,0,0.1992,0
Canada Masters,20240805,Hard,QF,2024,Andrey Rublev,Jannik Sinner,8.0,1.0,1,0.1272,0,0.159,0,0.153,0
Canada Masters,20240805,Hard,SF,2024,Alexei Popyrin,Sebastian Korda,62.0,18.0,1,0.3165,0,0.2995,0,0.2726,0
Canada Masters,20240805,Hard,SF,2024,Andrey Rublev,Matteo Arnaldi,8.0,46.0,1,0.7001,1,0.6747,1,0.7132,1
Canada Masters,20240805,Hard,R64,2024,Pablo Carreno Busta,Fabian Marozsan,799.0,49.0,1,0.0612,0,0.1774,0,0.2286,0
Cincinnati Masters,20240812,Hard,R16,2024,Alexander Zverev,Pablo Carreno Busta,4.0,513.0,1,0.9675,1,0.8748,1,0.9177,1
Cincinnati Masters,20240812,Hard,F,2024,Frances Tiafoe,Jannik Sinner,26.0,1.0,0,0.0782,0,0.0937,0,0.046,0
Cincinnati Masters,20240812,Hard,R64,2024,Matteo Berrettini,Holger Rune,42.0,16.0,0,0.3679,0,0.3776,0,0.3108,0
Cincinnati Masters,20240812,Hard,R64,2024,Jan Lennard Struff,Stefanos Tsitsipas,36.0,11.0,0,0.3093,0,0.3305,0,0.3953,0
Cincinnati Masters,20240812,Hard,R64,2024,Jaume Munar,Jack Draper,89.0,27.0,0,0.2473,0,0.1996,0,0.225,0
Cincinnati Masters,20240812,Hard,R64,2024,Felix Auger Aliassime,Aleksandar Kovacevic,19.0,79.0,1,0.6784,1,0.7052,1,0.7225,1
Cincinnati Masters,20240812,Hard,R64,2024,Jiri Lehecka,Mariano Navone,35.0,38.0,1,0.6078,1,0.6137,1,0.6305,1
Cincinnati Masters,20240812,Hard,R64,2024,Frances Tiafoe,Alejandro Davidovich Fokina,26.0,53.0,1,0.5468,1,0.5258,1,0.4855,0
Cincinnati Masters,20240812,Hard,R64,2024,Nicolas Jarry,Lorenzo Musetti,24.0,18.0,0,0.4137,0,0.4967,0,0.5489,1
Cincinnati Masters,20240812,Hard,R64,2024,Tommy Paul,Flavio Cobolli,13.0,31.0,0,0.6416,1,0.6309,1,0.5861,1
Cincinnati Masters,20240812,Hard,R64,2024,Alejandro Tabilo,Luciano Darderi,21.0,34.0,0,0.706,1,0.6728,1,0.6876,1
Cincinnati Masters,20240812,Hard,R64,2024,Yoshihito Nishioka,Miomir Kecmanovic,52.0,51.0,1,0.5181,1,0.5357,1,0.5789,1
Cincinnati Masters,20240812,Hard,R64,2024,Corentin Moutet,Fabian Marozsan,71.0,50.0,0,0.3698,0,0.3812,0,0.5156,1
Cincinnati Masters,20240812,Hard,R64,2024,Tomas Martin Etcheverry,Matteo Arnaldi,37.0,29.0,1,0.4483,0,0.3784,0,0.3966,0
Cincinnati Masters,20240812,Hard,R64,2024,Reilly Opelka,Ben Shelton,322.0,14.0,0,0.2111,0,0.3245,0,0.2736,0
Cincinnati Masters,20240812,Hard,R64,2024,Pablo Carreno Busta,Sebastian Korda,513.0,15.0,1,0.0941,0,0.1878,0,0.1389,0
Cincinnati Masters,20240812,Hard,R64,2024,Max Purcell,Tomas Machac,68.0,40.0,1,0.4237,0,0.3396,0,0.3294,0
Cincinnati Masters,20240812,Hard,R64,2024,Karen Khachanov,Francisco Cerundolo,22.0,28.0,1,0.5456,1,0.5749,1,0.6023,1
Cincinnati Masters,20240812,Hard,R64,2024,Zhizhen Zhang,Giovanni Mpetshi Perricard,44.0,48.0,1,0.4249,0,0.4244,0,0.4051,0
Cincinnati Masters,20240812,Hard,R64,2024,Brandon Holt,Arthur Fils,227.0,23.0,0,0.1407,0,0.1316,0,0.0718,0
Cincinnati Masters,20240812,Hard,R64,2024,Taylor Fritz,Brandon Nakashima,12.0,49.0,0,0.7212,1,0.7429,1,0.7543,1
Cincinnati Masters,20240812,Hard,R64,2024,Jordan Thompson,Ugo Humbert,32.0,17.0,1,0.3901,0,0.4513,0,0.513,1
Cincinnati Masters,20240812,Hard,R64,2024,Marcos Giron,Sebastian Baez,45.0,20.0,0,0.4259,0,0.3848,0,0.361,0
Cincinnati Masters,20240812,Hard,R64,2024,Tallon Griekspoor,Alex Michelsen,41.0,57.0,0,0.4879,0,0.5011,1,0.4649,0
Cincinnati Masters,20240812,Hard,R32,2024,Gael Monfils,Carlos Alcaraz,46.0,3.0,1,0.0896,0,0.2091,0,0.1188,0
Cincinnati Masters,20240812,Hard,R32,2024,Nuno Borges,Holger Rune,39.0,16.0,0,0.3557,0,0.3631,0,0.3811,0
Cincinnati Masters,20240812,Hard,R32,2024,Stefanos Tsitsipas,Jack Draper,11.0,27.0,0,0.5956,1,0.5371,1,0.4829,0
Cincinnati Masters,20240812,Hard,R32,2024,Casper Ruud,Felix Auger Aliassime,8.0,19.0,0,0.6309,1,0.6672,1,0.6393,1
Cincinnati Masters,20240812,Hard,R32,2024,Daniil Medvedev,Jiri Lehecka,5.0,35.0,0,0.8728,1,0.7798,1,0.889,1
Cincinnati Masters,20240812,Hard,R32,2024,Frances Tiafoe,Lorenzo Musetti,26.0,18.0,1,0.4325,0,0.4144,0,0.4123,0
Cincinnati Masters,20240812,Hard,R32,2024,Flavio Cobolli,Luciano Darderi,31.0,34.0,1,0.6388,1,0.6091,1,0.6434,1
Cincinnati Masters,20240812,Hard,R32,2024,Yoshihito Nishioka,Hubert Hurkacz,52.0,7.0,0,0.2131,0,0.2088,0,0.186,0
Cincinnati Masters,20240812,Hard,R32,2024,Grigor Dimitrov,Fabian Marozsan,9.0,50.0,0,0.7235,1,0.8062,1,0.8183,1
Cincinnati Masters,20240812,Hard,R32,2024,Tomas Martin Etcheverry,Ben Shelton,37.0,14.0,0,0.3177,0,0.2472,0,0.2343,0
Cincinnati Masters,20240812,Hard,R32,2024,Pablo Carreno Busta,Max Purcell,513.0,68.0,1,0.2419,0,0.3131,0,0.3604,0
Cincinnati Masters,20240812,Hard,R32,2024,Alexander Zverev,Karen Khachanov,4.0,22.0,1,0.8448,1,0.7551,1,0.7607,1
Cincinnati Masters,20240812,Hard,R32,2024,Zhizhen Zhang,Andrey Rublev,44.0,6.0,0,0.2462,0,0.2288,0,0.1996,0
Cincinnati Masters,20240812,Hard,R32,2024,Brandon Nakashima,Arthur Fils,49.0,23.0,1,0.4022,0,0.3858,0,0.4234,0
Cincinnati Masters,20240812,Hard,R32,2024,Jordan Thompson,Sebastian Baez,32.0,20.0,1,0.484,0,0.438,0,0.5053,1
Cincinnati Masters,20240812,Hard,R32,2024,Jannik Sinner,Alex Michelsen,1.0,57.0,1,0.9298,1,0.9059,1,0.9146,1
Cincinnati Masters,20240812,Hard,R16,2024,Gael Monfils,Holger Rune,46.0,16.0,0,0.3472,0,0.3823,0,0.3826,0
Cincinnati Masters,20240812,Hard,R16,2024,Felix Auger Aliassime,Jack Draper,19.0,27.0,0,0.4888,0,0.4821,0,0.458,0
Cincinnati Masters,20240812,Hard,R16,2024,Frances Tiafoe,Jiri Lehecka,26.0,35.0,1,0.5817,1,0.542,1,0.6037,1
Cincinnati Masters,20240812,Hard,R16,2024,Hubert Hurkacz,Flavio Cobolli,7.0,31.0,1,0.7323,1,0.7259,1,0.763,1
Cincinnati Masters,20240812,Hard,R16,2024,Fabian Marozsan,Ben Shelton,50.0,14.0,0,0.2991,0,0.2787,0,0.2406,0
Cincinnati Masters,20240812,Hard,R64,2024,Gael Monfils,Alexei Popyrin,46.0,30.0,1,0.3958,0,0.3578,0,0.307,0
Cincinnati Masters,20240812,Hard,R16,2024,Andrey Rublev,Brandon Nakashima,6.0,49.0,1,0.7552,1,0.7292,1,0.7735,1
Cincinnati Masters,20240812,Hard,R16,2024,Jordan Thompson,Jannik Sinner,32.0,1.0,0,0.0746,0,0.1321,0,0.1017,0
Cincinnati Masters,20240812,Hard,QF,2024,Jack Draper,Holger Rune,27.0,16.0,0,0.4617,0,0.4671,0,0.4759,0
Cincinnati Masters,20240812,Hard,QF,2024,Frances Tiafoe,Hubert Hurkacz,26.0,7.0,1,0.2599,0,0.2042,0,0.181,0
Cincinnati Masters,20240812,Hard,QF,2024,Alexander Zverev,Ben Shelton,4.0,14.0,1,0.7628,1,0.6886,1,0.693,1
Cincinnati Masters,20240812,Hard,QF,2024,Andrey Rublev,Jannik Sinner,6.0,1.0,0,0.1875,0,0.1757,0,0.1346,0
Cincinnati Masters,20240812,Hard,SF,2024,Frances Tiafoe,Holger Rune,26.0,16.0,1,0.3911,0,0.3654,0,0.363,0
Cincinnati Masters,20240812,Hard,SF,2024,Alexander Zverev,Jannik Sinner,4.0,1.0,0,0.3445,0,0.3221,0,0.278,0
Cincinnati Masters,20240812,Hard,R64,2024,Adrian Mannarino,Nuno Borges,33.0,39.0,0,0.4273,0,0.4918,0,0.4776,0
Winston-Salem,20240819,Hard,R64,2024,Corentin Moutet,Nicolas Mejia,68.0,235.0,1,0.6888,1,0.6916,1,0.6646,1
Winston-Salem,20240819,Hard,R16,2024,Lorenzo Sonego,Juncheng Shang,58.0,77.0,1,0.4725,0,0.475,0,0.4767,0
Winston-Salem,20240819,Hard,R64,2024,Marton Fucsovics,Taro Daniel,79.0,88.0,1,0.5255,1,0.5664,1,0.5339,1
Winston-Salem,20240819,Hard,R64,2024,Reilly Opelka,Zizou Bergs,322.0,85.0,0,0.4561,0,0.3702,0,0.3478,0
Winston-Salem,20240819,Hard,R64,2024,Daniel Evans,Aleksandar Vukic,186.0,94.0,0,0.377,0,0.4147,0,0.439,0
Winston-Salem,20240819,Hard,R64,2024,Pablo Carreno Busta,Omni Kumar,299.0,433.0,1,0.6216,1,0.5928,1,0.6635,1
Winston-Salem,20240819,Hard,R64,2024,Tristan Schoolkate,Learner Tien,195.0,230.0,0,0.5039,1,0.5369,1,0.4446,0
Winston-Salem,20240819,Hard,R64,2024,James Duckworth,Thiago Seyboth Wild,70.0,69.0,0,0.474,0,0.4749,0,0.4521,0
Winston-Salem,20240819,Hard,R64,2024,Francisco Comesana,Juncheng Shang,108.0,77.0,0,0.3018,0,0.2777,0,0.2733,0
Winston-Salem,20240819,Hard,R64,2024,Federico Coria,Dominic Stricker,78.0,181.0,0,0.4316,0,0.5521,1,0.4718,0
Winston-Salem,20240819,Hard,R64,2024,Constant Lestienne,Alexandre Muller,110.0,76.0,0,0.3902,0,0.3735,0,0.3573,0
Winston-Salem,20240819,Hard,R64,2024,Laslo Djere,Zachary Svajda,100.0,107.0,0,0.6292,1,0.6506,1,0.6398,1
Winston-Salem,20240819,Hard,R64,2024,Christopher Eubanks,Adam Walton,120.0,96.0,1,0.5465,1,0.5316,1,0.5109,1
Winston-Salem,20240819,Hard,R64,2024,Christopher Oconnell,Strong Kirchheimer,86.0,511.0,1,0.8356,1,0.8188,1,0.859,1
Winston-Salem,20240819,Hard,R64,2024,Botic Van De Zandschulp,Arthur Cazaux,73.0,97.0,0,0.5426,1,0.5663,1,0.5517,1
Winston-Salem,20240819,Hard,R64,2024,Borna Coric,Sumit Nagal,87.0,72.0,1,0.496,0,0.477,0,0.4638,0
Winston-Salem,20240819,Hard,R32,2024,Roman Safiullin,Corentin Moutet,59.0,68.0,1,0.6068,1,0.5933,1,0.57,1
Winston-Salem,20240819,Hard,R32,2024,Christopher Eubanks,Hugo Gaston,120.0,61.0,1,0.4364,0,0.3504,0,0.4195,0
Winston-Salem,20240819,Hard,R32,2024,Marton Fucsovics,Alex Michelsen,79.0,52.0,0,0.338,0,0.3295,0,0.2559,0
Winston-Salem,20240819,Hard,R32,2024,Tomas Martin Etcheverry,Zizou Bergs,34.0,85.0,0,0.6354,1,0.6279,1,0.6163,1
Winston-Salem,20240819,Hard,R32,2024,Adrian Mannarino,Aleksandar Vukic,42.0,94.0,0,0.5243,1,0.6332,1,0.6933,1
Winston-Salem,20240819,Hard,R32,2024,Pablo Carreno Busta,Alexander Shevchenko,299.0,60.0,1,0.36,0,0.3956,0,0.4531,0
Winston-Salem,20240819,Hard,R32,2024,Fabian Marozsan,Learner Tien,49.0,230.0,0,0.8011,1,0.7856,1,0.8042,1
Winston-Salem,20240819,Hard,R32,2024,Nuno Borges,Thiago Seyboth Wild,35.0,69.0,0,0.5778,1,0.5872,1,0.6282,1
Winston-Salem,20240819,Hard,R32,2024,Mariano Navone,Juncheng Shang,37.0,77.0,0,0.3661,0,0.4721,0,0.4043,0
Winston-Salem,20240819,Hard,R32,2024,Lorenzo Sonego,Dominic Stricker,58.0,181.0,1,0.6569,1,0.6729,1,0.6995,1
Winston-Salem,20240819,Hard,R32,2024,Alexandre Muller,Pavel Kotov,76.0,63.0,0,0.4431,0,0.4167,0,0.4725,0
Winston-Salem,20240819,Hard,R32,2024,Francisco Cerundolo,Zachary Svajda,29.0,107.0,0,0.7272,1,0.7506,1,0.6939,1
Winston-Salem,20240819,Hard,R32,2024,David Goffin,Luciano Darderi,90.0,38.0,1,0.3846,0,0.3477,0,0.3483,0
Winston-Salem,20240819,Hard,R32,2024,Christopher Oconnell,Arthur Rinderknech,86.0,56.0,0,0.3919,0,0.3659,0,0.3675,0
Winston-Salem,20240819,Hard,R32,2024,Rinky Hijikata,Arthur Cazaux,65.0,97.0,1,0.5494,1,0.5565,1,0.5735,1
Winston-Salem,20240819,Hard,R32,2024,Borna Coric,Sebastian Baez,87.0,21.0,1,0.3679,0,0.3034,0,0.2356,0
Winston-Salem,20240819,Hard,R16,2024,Christopher Eubanks,Roman Safiullin,120.0,59.0,1,0.4411,0,0.3566,0,0.3453,0
Winston-Salem,20240819,Hard,R16,2024,Zizou Bergs,Alex Michelsen,85.0,52.0,0,0.3712,0,0.3477,0,0.2976,0
Winston-Salem,20240819,Hard,R16,2024,Pablo Carreno Busta,Aleksandar Vukic,299.0,94.0,1,0.4285,0,0.3966,0,0.4176,0
Winston-Salem,20240819,Hard,R16,2024,Thiago Seyboth Wild,Learner Tien,69.0,230.0,0,0.7435,1,0.7332,1,0.7377,1
Winston-Salem,20240819,Hard,F,2024,Lorenzo Sonego,Alex Michelsen,58.0,52.0,1,0.4513,0,0.4475,0,0.5124,1
Winston-Salem,20240819,Hard,R16,2024,Pavel Kotov,Zachary Svajda,63.0,107.0,1,0.6611,1,0.6745,1,0.6801,1
Winston-Salem,20240819,Hard,R16,2024,David Goffin,Arthur Rinderknech,90.0,56.0,1,0.3516,0,0.3371,0,0.3249,0
Winston-Salem,20240819,Hard,R16,2024,Borna Coric,Rinky Hijikata,87.0,65.0,0,0.4725,0,0.4246,0,0.434,0
Winston-Salem,20240819,Hard,QF,2024,Christopher Eubanks,Alex Michelsen,120.0,52.0,0,0.3802,0,0.3555,0,0.3201,0
Winston-Salem,20240819,Hard,QF,2024,Pablo Carreno Busta,Learner Tien,299.0,230.0,1,0.6411,1,0.5237,1,0.5272,1
Winston-Salem,20240819,Hard,QF,2024,Lorenzo Sonego,Pavel Kotov,58.0,63.0,1,0.5266,1,0.5022,1,0.4768,0
Winston-Salem,20240819,Hard,QF,2024,David Goffin,Rinky Hijikata,90.0,65.0,1,0.4062,0,0.3822,0,0.433,0
Winston-Salem,20240819,Hard,SF,2024,Pablo Carreno Busta,Alex Michelsen,299.0,52.0,0,0.3017,0,0.3568,0,0.2724,0
Winston-Salem,20240819,Hard,SF,2024,David Goffin,Lorenzo Sonego,90.0,58.0,0,0.3766,0,0.3355,0,0.2495,0
Winston-Salem,20240819,Hard,R64,2024,David Goffin,Jaume Munar,90.0,82.0,1,0.5132,1,0.4954,0,0.5046,1
Us Open,20240826,Hard,R32,2024,Andrey Rublev,Jiri Lehecka,6.0,38.0,1,0.7295,1,0.6955,1,0.729,1
Us Open,20240826,Hard,R128,2024,Eliot Spizzirri,Alex Michelsen,341.0,49.0,0,0.1802,0,0.2702,0,0.2154,0
Us Open,20240826,Hard,R128,2024,Stan Wawrinka,Mattia Bellucci,176.0,101.0,0,0.3307,0,0.3622,0,0.4073,0
Us Open,20240826,Hard,R128,2024,Christopher Oconnell,Nicolas Jarry,87.0,26.0,1,0.385,0,0.3785,0,0.4675,0
Us Open,20240826,Hard,R128,2024,Arthur Fils,Learner Tien,24.0,191.0,1,0.6577,1,0.6514,1,0.6908,1
Us Open,20240826,Hard,R128,2024,Jaume Munar,Gabriel Diallo,84.0,143.0,0,0.4347,0,0.4702,0,0.361,0
Us Open,20240826,Hard,R128,2024,Max Purcell,Aleksandar Vukic,97.0,92.0,1,0.5004,1,0.4444,0,0.4927,0
Us Open,20240826,Hard,R128,2024,Tommy Paul,Lorenzo Sonego,14.0,48.0,1,0.6547,1,0.6536,1,0.6974,1
Us Open,20240826,Hard,R128,2024,Thanasi Kokkinakis,Stefanos Tsitsipas,86.0,11.0,1,0.2682,0,0.2371,0,0.2165,0
Us Open,20240826,Hard,R128,2024,Federico Coria,Nuno Borges,79.0,34.0,0,0.2577,0,0.2709,0,0.2145,0
Us Open,20240826,Hard,R128,2024,Taro Daniel,Tristan Schoolkate,88.0,193.0,0,0.6287,1,0.6411,1,0.5899,1
Us Open,20240826,Hard,R128,2024,Felix Auger Aliassime,Jakub Mensik,19.0,65.0,0,0.5485,1,0.5296,1,0.5297,1
Us Open,20240826,Hard,R128,2024,James Duckworth,Flavio Cobolli,70.0,31.0,0,0.319,0,0.2779,0,0.2818,0
Us Open,20240826,Hard,R128,2024,Zizou Bergs,Pavel Kotov,80.0,60.0,1,0.4517,0,0.4171,0,0.4088,0
Us Open,20240826,Hard,R128,2024,Fabian Marozsan,Hamad Medjedovic,51.0,137.0,1,0.5252,1,0.549,1,0.6004,1
Us Open,20240826,Hard,R128,2024,Dusan Lajovic,Daniil Medvedev,66.0,5.0,0,0.1073,0,0.1564,0,0.1378,0
Us Open,20240826,Hard,R128,2024,Li Tu,Carlos Alcaraz,186.0,3.0,0,0.0326,0,0.061,0,0.0289,0
Us Open,20240826,Hard,R128,2024,Botic Van De Zandschulp,Denis Shapovalov,74.0,105.0,1,0.5149,1,0.4911,0,0.4734,0
Us Open,20240826,Hard,R128,2024,Hugo Gaston,Facundo Diaz Acosta,63.0,64.0,0,0.5827,1,0.5566,1,0.5808,1
Us Open,20240826,Hard,R128,2024,Zhizhen Zhang,Jack Draper,41.0,25.0,0,0.404,0,0.3718,0,0.4413,0
Us Open,20240826,Hard,R128,2024,David Goffin,Alejandro Tabilo,78.0,21.0,1,0.3197,0,0.2763,0,0.2751,0
Us Open,20240826,Hard,R128,2024,Adrian Mannarino,Borna Coric,42.0,98.0,1,0.48,0,0.5499,1,0.5681,1
Us Open,20240826,Hard,R128,2024,Fabio Fognini,Tomas Machac,71.0,39.0,0,0.4282,0,0.4341,0,0.3258,0
Us Open,20240826,Hard,R128,2024,Corentin Moutet,Sebastian Korda,69.0,16.0,0,0.2159,0,0.1766,0,0.1515,0
Us Open,20240826,Hard,R128,2024,Marcos Giron,Alex De Minaur,46.0,10.0,0,0.2587,0,0.2209,0,0.2252,0
Us Open,20240826,Hard,R128,2024,Quentin Halys,Otto Virtanen,119.0,125.0,0,0.44,0,0.4412,0,0.411,0
Us Open,20240826,Hard,R128,2024,Daniel Altmaier,Mariano Navone,89.0,36.0,0,0.5364,1,0.4854,0,0.5268,1
Us Open,20240826,Hard,R128,2024,Daniel Evans,Karen Khachanov,184.0,22.0,1,0.2033,0,0.1914,0,0.1862,0
Us Open,20240826,Hard,R128,2024,Zachary Svajda,Matteo Arnaldi,102.0,30.0,0,0.32,0,0.2224,0,0.2485,0
Us Open,20240826,Hard,R128,2024,Roman Safiullin,Matthew Forbes,57.0,1848.0,1,0.9908,1,0.9464,1,0.9676,1
Us Open,20240826,Hard,R128,2024,Constant Lestienne,Jordan Thompson,111.0,32.0,0,0.2582,0,0.1608,0,0.1481,0
Us Open,20240826,Hard,R128,2024,Hubert Hurkacz,Timofey Skatov,7.0,188.0,1,0.8816,1,0.7804,1,0.8794,1
Us Open,20240826,Hard,R128,2024,Casper Ruud,Bu Yunchaokete,8.0,123.0,1,0.8192,1,0.8195,1,0.8339,1
Us Open,20240826,Hard,R128,2024,Gael Monfils,Diego Schwartzman,45.0,244.0,1,0.8016,1,0.7681,1,0.8044,1
Us Open,20240826,Hard,R128,2024,Roberto Carballes Baena,Jan Choinski,55.0,276.0,1,0.7408,1,0.6914,1,0.64,1
Us Open,20240826,Hard,R128,2024,Alexander Bublik,Juncheng Shang,27.0,72.0,0,0.5557,1,0.5436,1,0.6089,1
Us Open,20240826,Hard,R128,2024,Thiago Monteiro,Ugo Humbert,75.0,17.0,0,0.4136,0,0.4044,0,0.4372,0
Us Open,20240826,Hard,R128,2024,Francisco Comesana,Dominic Stricker,108.0,169.0,1,0.4456,0,0.4436,0,0.3775,0
Us Open,20240826,Hard,R128,2024,Albert Ramos,Matteo Berrettini,122.0,44.0,0,0.2502,0,0.2444,0,0.1853,0
Us Open,20240826,Hard,R128,2024,Taylor Fritz,Camilo Ugo Carabelli,12.0,93.0,1,0.8459,1,0.8546,1,0.821,1
Us Open,20240826,Hard,R128,2024,Brandon Nakashima,Holger Rune,50.0,15.0,1,0.3315,0,0.3043,0,0.273,0
Us Open,20240826,Hard,R128,2024,Pablo Carreno Busta,Arthur Cazaux,213.0,91.0,0,0.4883,0,0.4682,0,0.5435,1
Us Open,20240826,Hard,R128,2024,Yoshihito Nishioka,Miomir Kecmanovic,53.0,54.0,0,0.5162,1,0.5798,1,0.5513,1
Us Open,20240826,Hard,R128,2024,Reilly Opelka,Lorenzo Musetti,324.0,18.0,0,0.2395,0,0.3257,0,0.3232,0
Us Open,20240826,Hard,R128,2024,Sebastian Ofner,Francisco Cerundolo,58.0,29.0,0,0.47,0,0.429,0,0.4517,0
Us Open,20240826,Hard,R128,2024,Tomas Martin Etcheverry,Giovanni Mpetshi Perricard,33.0,52.0,1,0.4549,0,0.4492,0,0.4726,0
Us Open,20240826,Hard,R128,2024,Alexandre Muller,Adam Walton,77.0,95.0,1,0.5607,1,0.5913,1,0.5899,1
Us Open,20240826,Hard,R128,2024,Alexander Zverev,Maximilian Marterer,4.0,100.0,1,0.9285,1,0.8995,1,0.9301,1
Us Open,20240826,Hard,R128,2024,Andrey Rublev,Thiago Seyboth Wild,6.0,68.0,1,0.8064,1,0.8076,1,0.7997,1
Us Open,20240826,Hard,R128,2024,Christopher Eubanks,Arthur Rinderknech,106.0,56.0,0,0.4411,0,0.397,0,0.3826,0
Us Open,20240826,Hard,R128,2024,Mitchell Krueger,Hugo Grenier,179.0,173.0,1,0.5573,1,0.5421,1,0.5697,1
Us Open,20240826,Hard,R128,2024,Marton Fucsovics,Jiri Lehecka,81.0,38.0,0,0.3242,0,0.3206,0,0.3167,0
Us Open,20240826,Hard,R128,2024,Sebastian Baez,Luciano Darderi,23.0,37.0,1,0.5493,1,0.5626,1,0.6112,1
Us Open,20240826,Hard,R128,2024,Sumit Nagal,Tallon Griekspoor,73.0,40.0,0,0.421,0,0.416,0,0.4832,0
Us Open,20240826,Hard,R128,2024,Alejandro Davidovich Fokina,Rinky Hijikata,59.0,62.0,0,0.5187,1,0.5354,1,0.531,1
Us Open,20240826,Hard,R128,2024,Grigor Dimitrov,Kyrian Jacquet,9.0,209.0,1,0.9131,1,0.9016,1,0.9373,1
Us Open,20240826,Hard,R128,2024,Dominic Thiem,Ben Shelton,210.0,13.0,0,0.1352,0,0.2018,0,0.2678,0
Us Open,20240826,Hard,R128,2024,Roberto Bautista Agut,Luca Nardi,67.0,90.0,1,0.5228,1,0.525,1,0.3913,0
Us Open,20240826,Hard,R128,2024,Dominik Koepfer,Alexander Shevchenko,83.0,61.0,0,0.4731,0,0.4846,0,0.4862,0
Us Open,20240826,Hard,R128,2024,Frances Tiafoe,Aleksandar Kovacevic,20.0,76.0,1,0.6923,1,0.7317,1,0.7249,1
Us Open,20240826,Hard,R128,2024,Soon Woo Kwon,Alexei Popyrin,340.0,28.0,0,0.1288,0,0.1552,0,0.1029,0
Us Open,20240826,Hard,R128,2024,Pedro Martinez,Maks Kasnikowski,43.0,194.0,1,0.5223,1,0.6685,1,0.6653,1
Us Open,20240826,Hard,R128,2024,Jan Lennard Struff,Laslo Djere,35.0,109.0,0,0.6137,1,0.6533,1,0.6231,1
Us Open,20240826,Hard,R128,2024,Novak Djokovic,Radu Albot,2.0,138.0,1,0.9496,1,0.9218,1,0.9713,1
Us Open,20240826,Hard,R64,2024,Jannik Sinner,Alex Michelsen,1.0,49.0,1,0.9323,1,0.9048,1,0.9317,1
Us Open,20240826,Hard,R64,2024,Christopher Oconnell,Mattia Bellucci,87.0,101.0,1,0.4542,0,0.4515,0,0.4288,0
Us Open,20240826,Hard,R64,2024,Gabriel Diallo,Arthur Fils,143.0,24.0,1,0.2865,0,0.2931,0,0.2495,0
Us Open,20240826,Hard,R64,2024,Tommy Paul,Max Purcell,14.0,97.0,1,0.7645,1,0.8254,1,0.8014,1
Us Open,20240826,Hard,R64,2024,Thanasi Kokkinakis,Nuno Borges,86.0,34.0,0,0.4517,0,0.426,0,0.4032,0
Us Open,20240826,Hard,R64,2024,Tristan Schoolkate,Jakub Mensik,193.0,65.0,0,0.1829,0,0.2526,0,0.259,0
Us Open,20240826,Hard,R64,2024,Zizou Bergs,Flavio Cobolli,80.0,31.0,0,0.3708,0,0.319,0,0.269,0
Us Open,20240826,Hard,R64,2024,Daniil Medvedev,Fabian Marozsan,5.0,51.0,1,0.8428,1,0.8353,1,0.8663,1
Us Open,20240826,Hard,R64,2024,Botic Van De Zandschulp,Carlos Alcaraz,74.0,3.0,1,0.086,0,0.0981,0,0.0967,0
Us Open,20240826,Hard,R64,2024,Facundo Diaz Acosta,Jack Draper,64.0,25.0,0,0.2632,0,0.2614,0,0.2255,0
Us Open,20240826,Hard,R64,2024,Adrian Mannarino,David Goffin,42.0,78.0,0,0.4664,0,0.5143,1,0.5027,1
Us Open,20240826,Hard,R64,2024,Sebastian Korda,Tomas Machac,16.0,39.0,0,0.6897,1,0.6751,1,0.6329,1
Us Open,20240826,Hard,R64,2024,Alex De Minaur,Otto Virtanen,10.0,125.0,1,0.7164,1,0.6681,1,0.6383,1
Us Open,20240826,Hard,R64,2024,Daniel Evans,Mariano Navone,184.0,36.0,1,0.3902,0,0.3835,0,0.4835,0
Us Open,20240826,Hard,R64,2024,Roman Safiullin,Matteo Arnaldi,57.0,30.0,0,0.4158,0,0.3757,0,0.4194,0
Us Open,20240826,Hard,R64,2024,Jordan Thompson,Hubert Hurkacz,32.0,7.0,1,0.2689,0,0.2582,0,0.241,0
Us Open,20240826,Hard,R64,2024,Gael Monfils,Casper Ruud,45.0,8.0,0,0.2883,0,0.3058,0,0.3119,0
Us Open,20240826,Hard,R64,2024,Roberto Carballes Baena,Juncheng Shang,55.0,72.0,0,0.4018,0,0.4113,0,0.427,0
Us Open,20240826,Hard,R64,2024,Ugo Humbert,Francisco Comesana,17.0,108.0,0,0.7895,1,0.8154,1,0.8076,1
Us Open,20240826,Hard,R64,2024,Taylor Fritz,Matteo Berrettini,12.0,44.0,1,0.7028,1,0.6585,1,0.6082,1
Us Open,20240826,Hard,R64,2024,Brandon Nakashima,Arthur Cazaux,50.0,91.0,1,0.6014,1,0.5956,1,0.585,1
Us Open,20240826,Hard,R64,2024,Miomir Kecmanovic,Lorenzo Musetti,54.0,18.0,0,0.3545,0,0.346,0,0.3456,0
Us Open,20240826,Hard,R64,2024,Tomas Martin Etcheverry,Francisco Cerundolo,33.0,29.0,1,0.5054,1,0.4491,0,0.5028,1
Us Open,20240826,Hard,R64,2024,Alexander Zverev,Alexandre Muller,4.0,77.0,1,0.9169,1,0.8936,1,0.9167,1
Us Open,20240826,Hard,R64,2024,Andrey Rublev,Arthur Rinderknech,6.0,56.0,1,0.7729,1,0.761,1,0.7501,1
Us Open,20240826,Hard,R64,2024,Mitchell Krueger,Jiri Lehecka,179.0,38.0,0,0.2837,0,0.2379,0,0.2489,0
Us Open,20240826,Hard,R64,2024,Tallon Griekspoor,Sebastian Baez,40.0,23.0,1,0.4777,0,0.4561,0,0.4313,0
Us Open,20240826,Hard,R64,2024,Grigor Dimitrov,Rinky Hijikata,9.0,62.0,1,0.7393,1,0.8112,1,0.7931,1
Us Open,20240826,Hard,R64,2024,Roberto Bautista Agut,Ben Shelton,67.0,13.0,0,0.2032,0,0.2259,0,0.2766,0
Us Open,20240826,Hard,R64,2024,Frances Tiafoe,Alexander Shevchenko,20.0,61.0,1,0.655,1,0.6969,1,0.7309,1
Us Open,20240826,Hard,R64,2024,Pedro Martinez,Alexei Popyrin,43.0,28.0,0,0.349,0,0.3237,0,0.2382,0
Us Open,20240826,Hard,R64,2024,Novak Djokovic,Laslo Djere,2.0,109.0,1,0.9245,1,0.8939,1,0.9437,1
Us Open,20240826,Hard,R32,2024,Christopher Oconnell,Jannik Sinner,87.0,1.0,0,0.038,0,0.0789,0,0.063,0
Us Open,20240826,Hard,R32,2024,Tommy Paul,Gabriel Diallo,14.0,143.0,1,0.7671,1,0.7956,1,0.8128,1
Us Open,20240826,Hard,R32,2024,Nuno Borges,Jakub Mensik,34.0,65.0,1,0.4376,0,0.4615,0,0.4572,0
Us Open,20240826,Hard,R32,2024,Daniil Medvedev,Flavio Cobolli,5.0,31.0,1,0.8101,1,0.7578,1,0.7898,1
Us Open,20240826,Hard,R32,2024,Botic Van De Zandschulp,Jack Draper,74.0,25.0,0,0.3234,0,0.2567,0,0.2596,0
Us Open,20240826,Hard,R32,2024,David Goffin,Tomas Machac,78.0,39.0,0,0.422,0,0.4001,0,0.4357,0
Us Open,20240826,Hard,R32,2024,Daniel Evans,Alex De Minaur,184.0,10.0,0,0.1269,0,0.1057,0,0.086,0
Us Open,20240826,Hard,R32,2024,Jordan Thompson,Matteo Arnaldi,32.0,30.0,1,0.483,0,0.4725,0,0.4964,0
Us Open,20240826,Hard,R32,2024,Casper Ruud,Juncheng Shang,8.0,72.0,1,0.7055,1,0.7659,1,0.7789,1
Us Open,20240826,Hard,R32,2024,Taylor Fritz,Francisco Comesana,12.0,108.0,1,0.8473,1,0.8478,1,0.7956,1
Us Open,20240826,Hard,R32,2024,Brandon Nakashima,Lorenzo Musetti,50.0,18.0,1,0.4107,0,0.3995,0,0.4283,0
Us Open,20240826,Hard,R32,2024,Alexander Zverev,Tomas Martin Etcheverry,4.0,33.0,1,0.873,1,0.8816,1,0.9463,1
Us Open,20240826,Hard,R128,2024,Mackenzie Mcdonald,Jannik Sinner,140.0,1.0,0,0.0293,0,0.0661,0,0.0293,0
Us Open,20240826,Hard,R32,2024,Grigor Dimitrov,Tallon Griekspoor,9.0,40.0,1,0.7295,1,0.8032,1,0.8209,1
Us Open,20240826,Hard,R32,2024,Frances Tiafoe,Ben Shelton,20.0,13.0,1,0.3812,0,0.4033,0,0.4175,0
Us Open,20240826,Hard,R32,2024,Novak Djokovic,Alexei Popyrin,2.0,28.0,0,0.8387,1,0.8667,1,0.9139,1
Us Open,20240826,Hard,R16,2024,Tommy Paul,Jannik Sinner,14.0,1.0,0,0.1109,0,0.1576,0,0.1208,0
Us Open,20240826,Hard,R16,2024,Daniil Medvedev,Nuno Borges,5.0,34.0,1,0.8453,1,0.8354,1,0.8503,1
Us Open,20240826,Hard,R16,2024,Jack Draper,Tomas Machac,25.0,39.0,1,0.6131,1,0.5959,1,0.6745,1
Us Open,20240826,Hard,R16,2024,Jordan Thompson,Alex De Minaur,32.0,10.0,0,0.3189,0,0.3133,0,0.3063,0
Us Open,20240826,Hard,R16,2024,Taylor Fritz,Casper Ruud,12.0,8.0,1,0.499,0,0.4716,0,0.4924,0
Us Open,20240826,Hard,R16,2024,Alexander Zverev,Brandon Nakashima,4.0,50.0,1,0.8732,1,0.8606,1,0.9203,1
Us Open,20240826,Hard,R16,2024,Grigor Dimitrov,Andrey Rublev,9.0,6.0,1,0.4138,0,0.4355,0,0.4593,0
Us Open,20240826,Hard,R16,2024,Frances Tiafoe,Alexei Popyrin,20.0,28.0,1,0.51,1,0.5048,1,0.5072,1
Us Open,20240826,Hard,QF,2024,Daniil Medvedev,Jannik Sinner,5.0,1.0,0,0.2466,0,0.24,0,0.2115,0
Us Open,20240826,Hard,QF,2024,Alex De Minaur,Jack Draper,10.0,25.0,0,0.6104,1,0.6405,1,0.6145,1
Us Open,20240826,Hard,QF,2024,Alexander Zverev,Taylor Fritz,4.0,12.0,0,0.7505,1,0.6769,1,0.6974,1
Us Open,20240826,Hard,QF,2024,Grigor Dimitrov,Frances Tiafoe,9.0,20.0,0,0.6111,1,0.6306,1,0.6617,1
Us Open,20240826,Hard,SF,2024,Jannik Sinner,Jack Draper,1.0,25.0,1,0.9138,1,0.8687,1,0.8445,1
Us Open,20240826,Hard,SF,2024,Taylor Fritz,Frances Tiafoe,12.0,20.0,1,0.6142,1,0.6177,1,0.5724,1
Us Open,20240826,Hard,F,2024,Taylor Fritz,Jannik Sinner,12.0,1.0,0,0.1268,0,0.1863,0,0.1814,0
Davis Cup Finals RR: NED vs BEL,20240910,Hard,RR,2024,Botic Van De Zandschulp,Raphael Collignon,68.0,194.0,1,0.756,1,0.7253,1,0.7246,1
Davis Cup Finals RR: NED vs BEL,20240910,Hard,RR,2024,Tallon Griekspoor,Zizou Bergs,39.0,72.0,0,0.5502,1,0.5764,1,0.6021,1
Davis Cup Finals RR: AUS vs FRA,20240910,Hard,RR,2024,Thanasi Kokkinakis,Arthur Fils,78.0,25.0,1,0.3606,0,0.3279,0,0.3217,0
Davis Cup Finals RR: AUS vs FRA,20240910,Hard,RR,2024,Ugo Humbert,Alexei Popyrin,18.0,24.0,1,0.4932,0,0.533,1,0.5602,1
Davis Cup Finals RR: GER vs SVK,20240910,Hard,RR,2024,Maximilian Marterer,Lukas Klein,104.0,127.0,1,0.4767,0,0.4807,0,0.4877,0
Davis Cup Finals RR: GER vs SVK,20240910,Hard,RR,2024,Yannick Hanfmann,Jozef Kovalik,96.0,113.0,1,0.7103,1,0.6768,1,0.6995,1
Davis Cup Finals RR: CAN vs ARG,20240910,Hard,RR,2024,Denis Shapovalov,Francisco Cerundolo,100.0,31.0,1,0.3753,0,0.3269,0,0.232,0
Davis Cup Finals RR: CAN vs ARG,20240910,Hard,RR,2024,Felix Auger Aliassime,Sebastian Baez,21.0,26.0,1,0.6176,1,0.6003,1,0.6076,1
Davis Cup Finals RR: ITA vs BRA,20240911,Hard,RR,2024,Matteo Berrettini,Joao Fonseca,43.0,158.0,1,0.7665,1,0.7452,1,0.6704,1
Davis Cup Finals RR: ITA vs BRA,20240911,Hard,RR,2024,Thiago Monteiro,Matteo Arnaldi,76.0,33.0,0,0.4254,0,0.4001,0,0.4082,0
Davis Cup Finals RR: CZE vs ESP,20240911,Hard,RR,2024,Roberto Bautista Agut,Jiri Lehecka,62.0,37.0,1,0.2963,0,0.2913,0,0.2052,0
Davis Cup Finals RR: CZE vs ESP,20240911,Hard,RR,2024,Tomas Machac,Carlos Alcaraz,35.0,3.0,0,0.163,0,0.2343,0,0.2404,0
Davis Cup Finals RR: USA vs CHI,20240911,Hard,RR,2024,Cristian Garin,Reilly Opelka,115.0,309.0,0,0.5748,1,0.5611,1,0.4967,0
Davis Cup Finals RR: USA vs CHI,20240911,Hard,RR,2024,Alejandro Tabilo,Brandon Nakashima,22.0,40.0,0,0.5053,1,0.496,0,0.4808,0
Davis Cup Finals RR: FIN vs GBR,20240911,Hard,RR,2024,Daniel Evans,Eero Vasa,178.0,703.0,1,0.8314,1,0.7355,1,0.8173,1
Davis Cup Finals RR: FIN vs GBR,20240911,Hard,RR,2024,Billy Harris,Otto Virtanen,101.0,109.0,1,0.367,0,0.3836,0,0.3527,0
Davis Cup Finals RR: NED vs BRA,20240912,Hard,RR,2024,Botic Van De Zandschulp,Joao Fonseca,68.0,158.0,0,0.7063,1,0.6853,1,0.613,1
Davis Cup Finals RR: NED vs BRA,20240912,Hard,RR,2024,Thiago Monteiro,Tallon Griekspoor,76.0,39.0,0,0.4521,0,0.4731,0,0.4742,0
Davis Cup Finals RR: AUS vs CZE,20240912,Hard,RR,2024,Thanasi Kokkinakis,Jakub Mensik,78.0,67.0,1,0.4093,0,0.3901,0,0.4021,0
Davis Cup Finals RR: AUS vs CZE,20240912,Hard,RR,2024,Alexei Popyrin,Tomas Machac,24.0,35.0,1,0.587,1,0.5783,1,0.5606,1
Davis Cup Finals RR: GER vs CHI,20240912,Hard,RR,2024,Maximilian Marterer,Tomas Barrios Vera,104.0,162.0,1,0.6705,1,0.6251,1,0.5811,1
Davis Cup Finals RR: GER vs CHI,20240912,Hard,RR,2024,Yannick Hanfmann,Alejandro Tabilo,96.0,22.0,1,0.3965,0,0.3151,0,0.2765,0
Davis Cup Finals RR: CAN vs FIN,20240912,Hard,RR,2024,Denis Shapovalov,Eero Vasa,100.0,703.0,1,0.883,1,0.7841,1,0.8172,1
Davis Cup Finals RR: CAN vs FIN,20240912,Hard,RR,2024,Felix Auger Aliassime,Otto Virtanen,21.0,109.0,1,0.6568,1,0.6502,1,0.6366,1
Davis Cup Finals RR: ITA vs BEL,20240913,Hard,RR,2024,Matteo Berrettini,Alexander Blockx,43.0,253.0,1,0.819,1,0.8034,1,0.8322,1
Davis Cup Finals RR: ITA vs BEL,20240913,Hard,RR,2024,Zizou Bergs,Flavio Cobolli,72.0,32.0,1,0.3976,0,0.3381,0,0.3674,0
Davis Cup Finals RR: FRA vs ESP,20240913,Hard,RR,2024,Roberto Bautista Agut,Arthur Fils,62.0,25.0,1,0.2966,0,0.3148,0,0.2785,0
Davis Cup Finals RR: FRA vs ESP,20240913,Hard,RR,2024,Ugo Humbert,Carlos Alcaraz,18.0,3.0,0,0.2125,0,0.26,0,0.263,0
Davis Cup Finals RR: USA vs SVK,20240913,Hard,RR,2024,Mackenzie Mcdonald,Lukas Klein,149.0,127.0,1,0.4496,0,0.4466,0,0.4266,0
Davis Cup Finals RR: USA vs SVK,20240913,Hard,RR,2024,Jozef Kovalik,Brandon Nakashima,113.0,40.0,0,0.2011,0,0.234,0,0.1668,0
Davis Cup Finals RR: GBR vs ARG,20240913,Hard,RR,2024,Daniel Evans,Tomas Martin Etcheverry,178.0,34.0,0,0.2766,0,0.2871,0,0.3368,0
Davis Cup Finals RR: GBR vs ARG,20240913,Hard,RR,2024,Francisco Cerundolo,Jack Draper,31.0,20.0,1,0.347,0,0.3179,0,0.3344,0
Davis Cup WG1 R1: AUT vs TUR,20240913,Clay,RR,2024,Jurij Rodionov,Yanki Erel,170.0,536.0,1,0.7703,1,0.7599,1,0.8713,1
Davis Cup WG1 R1: AUT vs TUR,20240913,Clay,RR,2024,Cem Ilkel,Lukas Neumayer,474.0,262.0,0,0.2037,0,0.276,0,0.2804,0
Davis Cup WG1 R1: AUT vs TUR,20240913,Clay,RR,2024,Cem Ilkel,Lukas Neumayer,474.0,262.0,0,0.2037,0,0.276,0,0.2804,0
Davis Cup WG1 R1: CRO vs LTU,20240913,Hard,RR,2024,Borna Gojo,Vilius Gaubas,439.0,182.0,1,0.3606,0,0.3883,0,0.4591,0
Davis Cup WG1 R1: CRO vs LTU,20240913,Hard,RR,2024,Duje Ajdukovic,Edas Butvilas,105.0,368.0,1,0.7913,1,0.7479,1,0.7311,1
Davis Cup WG1 R1: CRO vs LTU,20240913,Hard,RR,2024,Vilius Gaubas,Matej Dodig,182.0,291.0,0,0.5831,1,0.6532,1,0.6702,1
Davis Cup WG1 R1: EGY vs HUN,20240913,Clay,RR,2024,Zsombor Piros,Amr Elsayed Abdou Ahmed Mohamed,222.0,643.0,1,0.5937,1,0.6156,1,0.5684,1
Davis Cup WG1 R1: EGY vs HUN,20240913,Clay,RR,2024,Mohamed Safwat,Mate Valkusz,415.0,402.0,1,0.706,1,0.5785,1,0.5904,1
Davis Cup WG1 R1: EGY vs HUN,20240913,Clay,RR,2024,Mohamed Safwat,Zsombor Piros,415.0,222.0,0,0.614,1,0.4385,0,0.487,0
Davis Cup WG1 R1: EGY vs HUN,20240913,Clay,RR,2024,Mate Valkusz,Faris Zakaryia,402.0,923.0,1,0.7421,1,0.7685,1,0.7515,1
Davis Cup WG1 R1: ISR vs UKR,20240913,Hard,RR,2024,Yshai Oliel,Oleksandr Ovcharenko,463.0,416.0,1,0.5888,1,0.5677,1,0.6828,1
Davis Cup WG1 R1: ISR vs UKR,20240913,Hard,RR,2024,Vitaliy Sachko,Daniel Cukierman,386.0,508.0,0,0.4671,0,0.645,1,0.7429,1
Davis Cup WG1 R1: ISR vs UKR,20240913,Hard,RR,2024,Yshai Oliel,Oleksii Krutykh,463.0,493.0,1,0.4531,0,0.4785,0,0.5234,1
Davis Cup WG1 R1: NOR vs POR,20240913,Hard,RR,2024,Nicolai Budkov Kjaer,Jaime Faria,737.0,157.0,1,0.4427,0,0.3675,0,0.2026,0
Davis Cup WG1 R1: NOR vs POR,20240913,Hard,RR,2024,Casper Ruud,Henrique Rocha,9.0,159.0,0,0.7179,1,0.7367,1,0.7948,1
Davis Cup WG1 R1: NOR vs POR,20240913,Hard,RR,2024,Casper Ruud,Jaime Faria,9.0,157.0,1,0.8932,1,0.8884,1,0.9211,1
Davis Cup WG1 R1: POL vs KOR,20240913,Hard,RR,2024,Seong Chan Hong,Maks Kasnikowski,141.0,173.0,1,0.5119,1,0.4919,0,0.4626,0
Davis Cup WG1 R1: POL vs KOR,20240913,Hard,RR,2024,Kamil Majchrzak,Soon Woo Kwon,163.0,344.0,0,0.7665,1,0.7334,1,0.7556,1
Davis Cup WG1 R1: POL vs KOR,20240913,Hard,RR,2024,Min Kyu Song,Martyn Pawelski,,661.0,0,0.5774,1,0.6151,1,0.4918,0
Davis Cup WG1 R1: SUI vs PER,20240913,Hard,RR,2024,Jerome Kym,Ignacio Buse,151.0,212.0,1,0.4234,0,0.4435,0,0.3574,0
Davis Cup WG1 R1: SUI vs PER,20240913,Hard,RR,2024,Juan Pablo Varillas,Marc Andrea Huesler,179.0,171.0,0,0.5663,1,0.5399,1,0.5335,1
Davis Cup WG1 R1: SUI vs PER,20240913,Hard,RR,2024,Remy Bertola,Gonzalo Bueno,286.0,273.0,1,0.4793,0,0.4149,0,0.4143,0
Davis Cup WG2 R1: BOL vs URU,20240913,Clay,RR,2024,Hugo Dellien,Joaquin  Aguilar Cardozo ,106.0,851.0,1,0.7704,1,0.809,1,0.9486,1
Davis Cup WG2 R1: BOL vs URU,20240913,Clay,RR,2024,Murkel Alejandro Dellien Velasco,Franco Roncadelli,183.0,366.0,0,0.7578,1,0.7537,1,0.8277,1
Davis Cup WG2 R1: BOL vs URU,20240913,Clay,RR,2024,Hugo Dellien,Franco Roncadelli,106.0,366.0,0,0.6032,1,0.6148,1,0.6259,1
Davis Cup WG2 R1: ROU vs CHN,20240913,Hard,RR,2024,Cezar Cretu,Bu Yunchaokete,292.0,112.0,1,0.2967,0,0.34,0,0.3984,0
Davis Cup WG2 R1: ROU vs CHN,20240913,Hard,RR,2024,Gabi Adrian Boitan,Yi Zhou,364.0,527.0,1,0.4133,0,0.556,1,0.6479,1
Davis Cup WG2 R1: ROU vs CHN,20240913,Hard,RR,2024,Gabi Adrian Boitan,Bu Yunchaokete,364.0,112.0,0,0.2547,0,0.2997,0,0.3479,0
Davis Cup WG2 R1: ROU vs CHN,20240913,Hard,RR,2024,Rigele Te,Cezar Cretu,636.0,292.0,0,0.3594,0,0.3539,0,0.3644,0
Davis Cup WG2 R1: TUN vs IRL,20240913,Clay,RR,2024,Skander Mansouri,Michael Agwi,681.0,487.0,0,0.3761,0,0.3421,0,0.4564,0
Davis Cup WG2 R1: TUN vs IRL,20240913,Clay,RR,2024,Aziz Dougaz,Conor Gannon,228.0,1294.0,1,0.799,1,0.8353,1,0.927,1
Davis Cup WG2 R1: TUN vs IRL,20240913,Clay,RR,2024,Aziz Dougaz,Michael Agwi,228.0,487.0,0,0.6395,1,0.6537,1,0.6044,1
Davis Cup WG2 R1: TUN vs IRL,20240913,Clay,RR,2024,Skander Mansouri,Conor Gannon,681.0,1294.0,1,0.5638,1,0.737,1,0.8401,1
Davis Cup WG2 R1: UZB vs EST,20240913,Hard,RR,2024,Sergey Fomin,Mark Lajal,537.0,224.0,0,0.2286,0,0.3044,0,0.4187,0
Davis Cup WG2 R1: UZB vs EST,20240913,Hard,RR,2024,Khumoun Sultanov,Kristjan Tamm,236.0,978.0,1,0.8313,1,0.7222,1,0.7144,1
Davis Cup WG2 R1: UZB vs EST,20240913,Hard,RR,2024,Khumoun Sultanov,Mark Lajal,236.0,224.0,1,0.3497,0,0.4141,0,0.3954,0
Davis Cup Finals RR: BEL vs BRA,20240914,Hard,RR,2024,Raphael Collignon,Joao Fonseca,194.0,158.0,0,0.2961,0,0.3002,0,0.3974,0
Davis Cup Finals RR: BEL vs BRA,20240914,Hard,RR,2024,Thiago Monteiro,Zizou Bergs,76.0,72.0,1,0.426,0,0.4064,0,0.4109,0
Davis Cup Finals RR: CZE vs FRA,20240914,Hard,RR,2024,Arthur Rinderknech,Jakub Mensik,58.0,67.0,0,0.4451,0,0.4498,0,0.4702,0
Davis Cup Finals RR: CZE vs FRA,20240914,Hard,RR,2024,Jiri Lehecka,Arthur Fils,37.0,25.0,0,0.4614,0,0.4918,0,0.4785,0
Davis Cup Finals RR: GER vs USA,20240914,Hard,RR,2024,Reilly Opelka,Henri Squire,309.0,187.0,1,0.638,1,0.5863,1,0.6724,1
Davis Cup Finals RR: GER vs USA,20240914,Hard,RR,2024,Maximilian Marterer,Brandon Nakashima,104.0,40.0,0,0.3405,0,0.285,0,0.2516,0
Davis Cup Finals RR: FIN vs ARG,20240914,Hard,RR,2024,Eero Vasa,Tomas Martin Etcheverry,703.0,34.0,0,0.0721,0,0.1503,0,0.1512,0
Davis Cup Finals RR: FIN vs ARG,20240914,Hard,RR,2024,Francisco Cerundolo,Otto Virtanen,31.0,109.0,1,0.5886,1,0.5954,1,0.5814,1
Davis Cup WG1 R1: JPN vs COL,20240914,Hard,RR,2024,Yoshihito Nishioka,Adria Soriano Barrera,54.0,460.0,1,0.8496,1,0.7924,1,0.8503,1
Davis Cup WG1 R1: JPN vs COL,20240914,Hard,RR,2024,Kei Nishikori,Nicolas Mejia,205.0,237.0,1,0.6702,1,0.6613,1,0.6655,1
Davis Cup WG1 R1: JPN vs COL,20240914,Hard,RR,2024,Yoshihito Nishioka,Nicolas Mejia,54.0,237.0,1,0.7673,1,0.7422,1,0.7806,1
Davis Cup WG1 R1: KAZ vs DEN,20240914,Hard,RR,2024,Alexander Bublik,Elmer Moller,27.0,247.0,0,0.6142,1,0.6684,1,0.7658,1
Davis Cup WG1 R1: KAZ vs DEN,20240914,Hard,RR,2024,August Holmgren,Alexander Shevchenko,166.0,57.0,1,0.2683,0,0.2768,0,0.2744,0
Davis Cup WG1 R1: KAZ vs DEN,20240914,Hard,RR,2024,Beibit Zhukayev,Philip Hjorth,200.0,880.0,1,0.9036,1,0.8931,1,0.8733,1
Davis Cup WG1 R1: SRB vs GRE,20240914,Hard,RR,2024,Miomir Kecmanovic,Aristotelis Thanos,53.0,713.0,1,0.8,1,0.8219,1,0.8951,1
Davis Cup WG1 R1: SRB vs GRE,20240914,Hard,RR,2024,Novak Djokovic,Ioannis Xilas,4.0,770.0,1,0.9593,1,0.8305,1,0.9722,1
Davis Cup WG1 R1: SRB vs GRE,20240914,Hard,RR,2024,Dusan Lajovic,Demetris Azoides,65.0,1054.0,0,0.9483,1,0.9431,1,0.9712,1
Davis Cup WG1 R1: SWE vs IND,20240914,Hard,RR,2024,N Sriram Balaji,Elias Ymer,,238.0,0,0.5205,1,0.4349,0,0.4277,0
Davis Cup WG1 R1: SWE vs IND,20240914,Hard,RR,2024,Ramkumar Ramanathan,Leo Borg,332.0,603.0,0,0.6131,1,0.5729,1,0.6383,1
Davis Cup WG1 R1: SWE vs IND,20240914,Hard,RR,2024,Elias Ymer,Siddharth Vishwakarma,238.0,588.0,1,0.7814,1,0.7624,1,0.7775,1
Davis Cup WG1 R1: TPE vs BIH,20240914,Hard,RR,2024,Mirza Basic,Chun Hsin Tseng,579.0,121.0,1,0.1435,0,0.2935,0,0.2945,0
Davis Cup WG1 R1: TPE vs BIH,20240914,Hard,RR,2024,Damir Dzumhur,Tung Lin Wu,86.0,318.0,0,0.791,1,0.7265,1,0.5874,1
Davis Cup WG1 R1: TPE vs BIH,20240914,Hard,RR,2024,Damir Dzumhur,Chun Hsin Tseng,86.0,121.0,1,0.5599,1,0.6422,1,0.7851,1
Davis Cup WG1 R1: TPE vs BIH,20240914,Hard,RR,2024,Mirza Basic,Tung Lin Wu,579.0,318.0,0,0.3327,0,0.3247,0,0.38,0
Davis Cup WG2 R1: BAR vs PAK,20240914,Hard,RR,2024,Darian King,Muhammad Shoaib,1230.0,,1,0.7669,1,0.6828,1,0.6178,1
Davis Cup WG2 R1: BAR vs PAK,20240914,Hard,RR,2024,Aqeel Khan,Kaipo Marshall,,,1,0.4952,0,0.5065,1,0.382,0
Davis Cup WG2 R1: BAR vs PAK,20240914,Hard,RR,2024,Darian King,Yousaf Khalil,1230.0,,1,0.7888,1,0.7906,1,0.7719,1
Davis Cup WG2 R1: BUL vs ESA,20240914,Clay,RR,2024,Marcelo Arevalo,Petr Nesterov,,413.0,1,0.8288,1,0.7325,1,0.6044,1
Davis Cup WG2 R1: BUL vs ESA,20240914,Clay,RR,2024,Yanaki Milev,Cesar Cruz,445.0,,1,0.6949,1,0.6522,1,0.6601,1
Davis Cup WG2 R1: BUL vs ESA,20240914,Clay,RR,2024,Iliyan Radulov,Juan Carlos Fuentes Vasquez,766.0,,1,0.6716,1,0.595,1,0.6594,1
Davis Cup WG2 R1: BUL vs ESA,20240914,Clay,RR,2024,Marcelo Arevalo,Yanaki Milev,,445.0,0,0.8242,1,0.7055,1,0.7616,1
Davis Cup WG2 R1: GEO vs MEX,20240914,Hard,RR,2024,Alan Fernando Rubio Fierros,Saba Purtseladze,707.0,427.0,1,0.2177,0,0.3063,0,0.2612,0
Davis Cup WG2 R1: GEO vs MEX,20240914,Hard,RR,2024,Aleksandre Bakshi,Rodrigo Pacheco Mendez,512.0,444.0,1,0.3907,0,0.3785,0,0.3984,0
Davis Cup WG2 R1: GEO vs MEX,20240914,Hard,RR,2024,Saba Purtseladze,Rodrigo Pacheco Mendez,427.0,444.0,0,0.6176,1,0.5885,1,0.5838,1
Davis Cup WG2 R1: GEO vs MEX,20240914,Hard,RR,2024,Aleksandre Bakshi,Alan Fernando Rubio Fierros,512.0,707.0,1,0.6107,1,0.6584,1,0.6178,1
Davis Cup WG2 R1: HKG vs ECU,20240914,Hard,RR,2024,Andres Andrade,Jack Cheng,250.0,1600.0,1,0.9468,1,0.8724,1,0.9368,1
Davis Cup WG2 R1: HKG vs ECU,20240914,Hard,RR,2024,Coleman Wong,Marcos Lee Chan Baratau,137.0,1320.0,1,0.9617,1,0.9222,1,0.9589,1
Davis Cup WG2 R1: HKG vs ECU,20240914,Hard,RR,2024,Andres Andrade,Coleman Wong,250.0,137.0,0,0.282,0,0.2915,0,0.1766,0
Davis Cup WG2 R1: HKG vs ECU,20240914,Hard,RR,2024,Gonzalo Escobar,Ki Lung Ng,,2102.0,1,0.396,0,0.45,0,0.3582,0
Davis Cup WG2 R1: LBN vs RSA,20240914,Clay,RR,2024,Benjamin Hassan,Alec Beckley,195.0,641.0,1,0.8498,1,0.8585,1,0.8779,1
Davis Cup WG2 R1: LBN vs RSA,20240914,Clay,RR,2024,Hady Habib,Philip Henning,268.0,360.0,1,0.6796,1,0.6811,1,0.6962,1
Davis Cup WG2 R1: LBN vs RSA,20240914,Clay,RR,2024,Benjamin Hassan,Philip Henning,195.0,360.0,1,0.7818,1,0.7538,1,0.7878,1
Davis Cup WG2 R1: MAR vs MON,20240914,Clay,RR,2024,Hugo Nys,Yassine Dlimi,,1123.0,1,0.5775,1,0.4975,0,0.4465,0
Davis Cup WG2 R1: MAR vs MON,20240914,Clay,RR,2024,Romain Arneodo,Elliot Benchetrit,,670.0,1,0.5666,1,0.4512,0,0.3962,0
Davis Cup WG2 R1: MAR vs MON,20240914,Clay,RR,2024,Benjamin Balleret,Younes Lalami Laaroussi,,1074.0,1,0.6035,1,0.6961,1,0.6446,1
Davis Cup WG2 R1: NZL vs LUX,20240914,Hard,RR,2024,Alex Knaff,Kiranpal Pannu,644.0,454.0,1,0.3175,0,0.3626,0,0.4269,0
Davis Cup WG2 R1: NZL vs LUX,20240914,Hard,RR,2024,Ajeet Rai,Chris Rodesch,498.0,507.0,0,0.4862,0,0.521,1,0.5311,1
Davis Cup WG2 R1: NZL vs LUX,20240914,Hard,RR,2024,Chris Rodesch,Jack Loutit,507.0,790.0,0,0.6909,1,0.7344,1,0.7238,1
Davis Cup WG2 R1: NZL vs LUX,20240914,Hard,RR,2024,Jose Rubin Statham,Alex Knaff,837.0,644.0,0,0.3278,0,0.3723,0,0.339,0
Davis Cup WG2 R1: TOG vs LAT,20240914,Hard,RR,2024,Thomas Yaka Kofi Setodji,Davis Rolis,1240.0,,1,0.7676,1,0.6785,1,0.6287,1
Davis Cup WG2 R1: TOG vs LAT,20240914,Hard,RR,2024,Liova Ayite Ajavon,Daniels Tens,,,1,0.6609,1,0.6028,1,0.5506,1
Davis Cup WG2 R1: TOG vs LAT,20240914,Hard,RR,2024,Thomas Yaka Kofi Setodji,Daniels Tens,1240.0,,1,0.7657,1,0.6775,1,0.6399,1
Davis Cup Finals RR: ITA vs NED,20240915,Hard,RR,2024,Botic Van De Zandschulp,Matteo Berrettini,68.0,43.0,0,0.3852,0,0.3444,0,0.3922,0
Davis Cup Finals RR: ITA vs NED,20240915,Hard,RR,2024,Tallon Griekspoor,Flavio Cobolli,39.0,32.0,0,0.4323,0,0.3912,0,0.3729,0
Davis Cup Finals RR: AUS vs ESP,20240915,Hard,RR,2024,Pablo Carreno Busta,Jordan Thompson,207.0,29.0,1,0.3367,0,0.3555,0,0.3693,0
Davis Cup Finals RR: AUS vs ESP,20240915,Hard,RR,2024,Pedro Martinez,Alexei Popyrin,42.0,24.0,0,0.3539,0,0.3355,0,0.2658,0
Davis Cup Finals RR: SVK vs CHI,20240915,Hard,RR,2024,Norbert Gombos,Cristian Garin,408.0,115.0,0,0.2055,0,0.3054,0,0.3196,0
Davis Cup Finals RR: SVK vs CHI,20240915,Hard,RR,2024,Jozef Kovalik,Alejandro Tabilo,113.0,22.0,1,0.2169,0,0.181,0,0.2297,0
Davis Cup Finals RR: CAN vs GBR,20240915,Hard,RR,2024,Daniel Evans,Denis Shapovalov,178.0,100.0,0,0.3613,0,0.3555,0,0.3677,0
Davis Cup Finals RR: CAN vs GBR,20240915,Hard,RR,2024,Felix Auger Aliassime,Jack Draper,21.0,20.0,1,0.4697,0,0.4184,0,0.3925,0
Hangzhou,20240918,Hard,R32,2024,Yibing Wu,Coleman Wong,566.0,141.0,0,0.0944,0,0.2208,0,0.2155,0
Hangzhou,20240918,Hard,R32,2024,Yasutaka Uchiyama,James Mccabe,160.0,302.0,1,0.5138,1,0.5616,1,0.5893,1
Hangzhou,20240918,Hard,R32,2024,Marco Trungelliti,Alexander Shevchenko,138.0,58.0,0,0.2913,0,0.3721,0,0.3873,0
Hangzhou,20240918,Hard,R32,2024,Damir Dzumhur,Rinky Hijikata,86.0,81.0,0,0.512,1,0.5538,1,0.5989,1
Hangzhou,20240918,Hard,R32,2024,Marin Cilic,Zachary Svajda,777.0,135.0,1,0.1289,0,0.2884,0,0.4041,0
Hangzhou,20240918,Hard,R32,2024,Roberto Carballes Baena,Corentin Moutet,55.0,69.0,1,0.5447,1,0.5452,1,0.5545,1
Hangzhou,20240918,Hard,R32,2024,Hugo Gaston,Bu Yunchaokete,77.0,124.0,0,0.5292,1,0.5231,1,0.4774,0
Hangzhou,20240918,Hard,R32,2024,Aslan Karatsev,Mattia Bellucci,115.0,108.0,0,0.4434,0,0.4488,0,0.5019,1
Hangzhou,20240918,Hard,R32,2024,Yoshihito Nishioka,Maximilian Marterer,54.0,105.0,1,0.5945,1,0.646,1,0.5751,1
Hangzhou,20240918,Hard,R32,2024,Fabian Marozsan,Luca Nardi,49.0,87.0,1,0.6531,1,0.6879,1,0.7052,1
Hangzhou,20240918,Hard,R32,2024,Denis Yevseyev,Zhizhen Zhang,207.0,48.0,0,0.2697,0,0.2987,0,0.3407,0
Hangzhou,20240918,Hard,R32,2024,Mikhail Kukushkin,Luciano Darderi,112.0,41.0,1,0.3346,0,0.2782,0,0.1924,0
Hangzhou,20240918,Hard,R16,2024,Mikhail Kukushkin,Alexander Shevchenko,112.0,58.0,1,0.3176,0,0.296,0,0.2483,0
Hangzhou,20240918,Hard,R16,2024,Roberto Carballes Baena,Mitchell Krueger,55.0,140.0,1,0.5469,1,0.5528,1,0.5386,1
Hangzhou,20240918,Hard,R16,2024,Marin Cilic,Yoshihito Nishioka,777.0,54.0,1,0.0763,0,0.1781,0,0.1974,0
Hangzhou,20240918,Hard,R16,2024,Fabian Marozsan,Rinky Hijikata,49.0,81.0,0,0.5878,1,0.5768,1,0.6022,1
Hangzhou,20240918,Hard,R16,2024,Zhizhen Zhang,Mattia Bellucci,48.0,108.0,1,0.5437,1,0.5207,1,0.4632,0
Hangzhou,20240918,Hard,R16,2024,Brandon Nakashima,Coleman Wong,39.0,141.0,1,0.5557,1,0.5747,1,0.6007,1
Hangzhou,20240918,Hard,R16,2024,Karen Khachanov,Bu Yunchaokete,23.0,124.0,0,0.6856,1,0.7121,1,0.7592,1
Hangzhou,20240918,Hard,R16,2024,Yasutaka Uchiyama,Holger Rune,160.0,14.0,1,0.1003,0,0.1415,0,0.1386,0
Hangzhou,20240918,Hard,QF,2024,Marin Cilic,Yasutaka Uchiyama,777.0,160.0,1,0.2502,0,0.3798,0,0.3323,0
Hangzhou,20240918,Hard,QF,2024,Mikhail Kukushkin,Bu Yunchaokete,112.0,124.0,0,0.3752,0,0.3827,0,0.2936,0
Hangzhou,20240918,Hard,QF,2024,Roberto Carballes Baena,Zhizhen Zhang,55.0,48.0,0,0.4297,0,0.4631,0,0.5137,1
Hangzhou,20240918,Hard,QF,2024,Brandon Nakashima,Rinky Hijikata,39.0,81.0,1,0.6468,1,0.6597,1,0.6329,1
Hangzhou,20240918,Hard,SF,2024,Zhizhen Zhang,Bu Yunchaokete,48.0,124.0,1,0.5988,1,0.6004,1,0.5771,1
Hangzhou,20240918,Hard,SF,2024,Marin Cilic,Brandon Nakashima,777.0,39.0,1,0.0534,0,0.1752,0,0.0886,0
Hangzhou,20240918,Hard,F,2024,Marin Cilic,Zhizhen Zhang,777.0,48.0,1,0.0755,0,0.2108,0,0.3288,0
Chengdu,20240918,Hard,R32,2024,Chun Hsin Tseng,Yi Zhou,121.0,531.0,0,0.6546,1,0.5966,1,0.6754,1
Chengdu,20240918,Hard,R32,2024,Borna Coric,Aleksandar Vukic,97.0,92.0,0,0.5264,1,0.4986,0,0.4928,0
Chengdu,20240918,Hard,R32,2024,Kei Nishikori,Juncheng Shang,201.0,67.0,0,0.36,0,0.4056,0,0.4465,0
Chengdu,20240918,Hard,R32,2024,Christopher Oconnell,Pavel Kotov,75.0,61.0,1,0.4537,0,0.4547,0,0.4777,0
Chengdu,20240918,Hard,R32,2024,Lukas Klein,Adam Walton,127.0,94.0,1,0.5434,1,0.5499,1,0.5632,1
Chengdu,20240918,Hard,R32,2024,Aleksandar Kovacevic,Alibek Kachmazov,72.0,252.0,0,0.6668,1,0.6713,1,0.6549,1
Chengdu,20240918,Hard,R32,2024,Yannick Hanfmann,Shintaro Mochizuki,95.0,147.0,1,0.6379,1,0.6174,1,0.6282,1
Chengdu,20240918,Hard,R32,2024,Alexandre Muller,Federico Agustin Gomez,70.0,174.0,0,0.7274,1,0.645,1,0.597,1
Chengdu,20240918,Hard,R32,2024,Fabio Fognini,Roman Safiullin,79.0,56.0,0,0.4235,0,0.4374,0,0.5064,1
Chengdu,20240918,Hard,R32,2024,Fajing Sun,Giovanni Mpetshi Perricard,359.0,51.0,0,0.1348,0,0.1814,0,0.1862,0
Chengdu,20240918,Hard,R32,2024,Taro Daniel,Lorenzo Sonego,90.0,50.0,1,0.3089,0,0.2732,0,0.3201,0
Chengdu,20240918,Hard,R32,2024,Adrian Mannarino,Terence Atmane,46.0,164.0,1,0.6357,1,0.6551,1,0.6172,1
Chengdu,20240918,Hard,R16,2024,Taro Daniel,Alibek Kachmazov,90.0,252.0,0,0.5886,1,0.6099,1,0.6112,1
Chengdu,20240918,Hard,R16,2024,Roman Safiullin,Juncheng Shang,56.0,67.0,0,0.4515,0,0.4374,0,0.3922,0
Chengdu,20240918,Hard,R16,2024,Yannick Hanfmann,Giovanni Mpetshi Perricard,95.0,51.0,1,0.4503,0,0.4349,0,0.4231,0
Chengdu,20240918,Hard,R16,2024,Adrian Mannarino,Yi Zhou,46.0,531.0,1,0.7279,1,0.6295,1,0.6962,1
Chengdu,20240918,Hard,R16,2024,Pedro Martinez,Aleksandar Vukic,42.0,92.0,1,0.5798,1,0.5838,1,0.5945,1
Chengdu,20240918,Hard,R16,2024,Nicolas Jarry,Lukas Klein,28.0,127.0,1,0.6425,1,0.6418,1,0.6512,1
Chengdu,20240918,Hard,R16,2024,Alexander Bublik,Federico Agustin Gomez,27.0,174.0,1,0.7968,1,0.8062,1,0.8168,1
Chengdu,20240918,Hard,R16,2024,Christopher Oconnell,Lorenzo Musetti,75.0,19.0,0,0.3241,0,0.334,0,0.32,0
Chengdu,20240918,Hard,QF,2024,Yannick Hanfmann,Pedro Martinez,95.0,42.0,1,0.5009,1,0.4891,0,0.5435,1
Chengdu,20240918,Hard,QF,2024,Nicolas Jarry,Alibek Kachmazov,28.0,252.0,0,0.7459,1,0.7097,1,0.7464,1
Chengdu,20240918,Hard,QF,2024,Alexander Bublik,Juncheng Shang,27.0,67.0,0,0.4895,0,0.5446,1,0.6535,1
Chengdu,20240918,Hard,QF,2024,Adrian Mannarino,Lorenzo Musetti,46.0,19.0,0,0.2901,0,0.3571,0,0.2893,0
Chengdu,20240918,Hard,SF,2024,Yannick Hanfmann,Juncheng Shang,95.0,67.0,0,0.4369,0,0.443,0,0.4341,0
Chengdu,20240918,Hard,SF,2024,Lorenzo Musetti,Alibek Kachmazov,19.0,252.0,1,0.8249,1,0.8324,1,0.871,1
Chengdu,20240918,Hard,F,2024,Lorenzo Musetti,Juncheng Shang,19.0,67.0,0,0.5983,1,0.5768,1,0.5722,1
Laver Cup,20240920,Hard,RR,2024,Thanasi Kokkinakis,Stefanos Tsitsipas,78.0,12.0,0,0.3041,0,0.3139,0,0.2808,0
Laver Cup,20240920,Hard,RR,2024,Grigor Dimitrov,Alejandro Tabilo,10.0,22.0,1,0.7042,1,0.7216,1,0.7503,1
Laver Cup,20240920,Hard,RR,2024,Casper Ruud,Francisco Cerundolo,9.0,31.0,0,0.6999,1,0.7555,1,0.7457,1
Laver Cup,20240920,Hard,RR,2024,Daniil Medvedev,Frances Tiafoe,5.0,16.0,0,0.7023,1,0.6698,1,0.6681,1
Laver Cup,20240920,Hard,RR,2024,Alexander Zverev,Taylor Fritz,2.0,7.0,0,0.7014,1,0.6361,1,0.6603,1
Laver Cup,20240920,Hard,RR,2024,Carlos Alcaraz,Ben Shelton,3.0,17.0,1,0.7535,1,0.6825,1,0.6369,1
Laver Cup,20240920,Hard,RR,2024,Alexander Zverev,Frances Tiafoe,2.0,16.0,1,0.796,1,0.7338,1,0.7648,1
Laver Cup,20240920,Hard,RR,2024,Daniil Medvedev,Ben Shelton,5.0,17.0,0,0.6772,1,0.6309,1,0.6059,1
Laver Cup,20240920,Hard,RR,2024,Taylor Fritz,Carlos Alcaraz,7.0,3.0,0,0.3269,0,0.3489,0,0.327,0
Tokyo,20240925,Hard,R16,2024,Christopher Oconnell,Alex Michelsen,79.0,49.0,0,0.3753,0,0.3495,0,0.3702,0
Tokyo,20240925,Hard,R32,2024,Yoshihito Nishioka,Felix Auger Aliassime,59.0,21.0,1,0.3255,0,0.3613,0,0.3027,0
Tokyo,20240925,Hard,R32,2024,Marin Cilic,Kei Nishikori,373.0,200.0,0,0.5167,1,0.4877,0,0.5597,1
Tokyo,20240925,Hard,R32,2024,Mariano Navone,Luciano Darderi,40.0,41.0,1,0.5008,1,0.4917,0,0.4872,0
Tokyo,20240925,Hard,R32,2024,Alexei Popyrin,Tomas Machac,23.0,34.0,0,0.6213,1,0.594,1,0.6492,1
Tokyo,20240925,Hard,R32,2024,Ugo Humbert,Shintaro Mochizuki,18.0,146.0,1,0.7889,1,0.835,1,0.8033,1
Tokyo,20240925,Hard,R32,2024,Jack Draper,Mattia Bellucci,20.0,103.0,1,0.7009,1,0.6822,1,0.7458,1
Tokyo,20240925,Hard,R32,2024,Botic Van De Zandschulp,Matteo Berrettini,67.0,45.0,0,0.3654,0,0.3194,0,0.3634,0
Tokyo,20240925,Hard,R32,2024,Reilly Opelka,Ben Shelton,306.0,17.0,0,0.2053,0,0.3144,0,0.3958,0
Tokyo,20240925,Hard,R32,2024,Frances Tiafoe,Brandon Nakashima,15.0,36.0,0,0.5609,1,0.5135,1,0.4999,0
Tokyo,20240925,Hard,R32,2024,Alejandro Tabilo,Holger Rune,22.0,14.0,0,0.3509,0,0.3614,0,0.3672,0
Tokyo,20240925,Hard,R32,2024,Tommy Paul,Matteo Arnaldi,13.0,33.0,1,0.6072,1,0.6193,1,0.5792,1
Tokyo,20240925,Hard,R32,2024,Stefanos Tsitsipas,Alex Michelsen,12.0,49.0,0,0.644,1,0.6822,1,0.7449,1
Tokyo,20240925,Hard,R32,2024,Jordan Thompson,Casper Ruud,29.0,9.0,1,0.3182,0,0.3324,0,0.3189,0
Tokyo,20240925,Hard,R32,2024,Marcos Giron,Hubert Hurkacz,47.0,8.0,0,0.1718,0,0.1739,0,0.1153,0
Tokyo,20240925,Hard,R32,2024,Taylor Fritz,Arthur Fils,7.0,24.0,0,0.6996,1,0.6994,1,0.692,1
Tokyo,20240925,Hard,R16,2024,Kei Nishikori,Jordan Thompson,200.0,29.0,1,0.3015,0,0.3367,0,0.3811,0
Tokyo,20240925,Hard,R32,2024,Christopher Oconnell,Tomas Martin Etcheverry,79.0,35.0,1,0.3752,0,0.3552,0,0.3632,0
Tokyo,20240925,Hard,R16,2024,Ugo Humbert,Brandon Nakashima,18.0,36.0,1,0.5373,1,0.5156,1,0.4985,0
Tokyo,20240925,Hard,R16,2024,Matteo Berrettini,Arthur Fils,45.0,24.0,0,0.5127,1,0.4647,0,0.3826,0
Tokyo,20240925,Hard,R16,2024,Mariano Navone,Ben Shelton,40.0,17.0,0,0.2484,0,0.234,0,0.247,0
Tokyo,20240925,Hard,R16,2024,Yoshihito Nishioka,Holger Rune,59.0,14.0,0,0.2914,0,0.3582,0,0.3286,0
Tokyo,20240925,Hard,R16,2024,Tommy Paul,Tomas Machac,13.0,34.0,0,0.6546,1,0.681,1,0.6951,1
Tokyo,20240925,Hard,R16,2024,Hubert Hurkacz,Jack Draper,8.0,20.0,0,0.6233,1,0.6194,1,0.5809,1
Tokyo,20240925,Hard,QF,2024,Tomas Machac,Alex Michelsen,34.0,49.0,1,0.4649,0,0.5192,1,0.473,0
Tokyo,20240925,Hard,QF,2024,Ugo Humbert,Jack Draper,18.0,20.0,1,0.4777,0,0.4847,0,0.4628,0
Tokyo,20240925,Hard,QF,2024,Arthur Fils,Ben Shelton,24.0,17.0,1,0.3875,0,0.3657,0,0.3114,0
Tokyo,20240925,Hard,QF,2024,Kei Nishikori,Holger Rune,200.0,14.0,0,0.2041,0,0.2658,0,0.2801,0
Tokyo,20240925,Hard,SF,2024,Ugo Humbert,Tomas Machac,18.0,34.0,1,0.6119,1,0.6135,1,0.6247,1
Tokyo,20240925,Hard,SF,2024,Holger Rune,Arthur Fils,14.0,24.0,0,0.611,1,0.61,1,0.6255,1
Tokyo,20240925,Hard,F,2024,Ugo Humbert,Arthur Fils,18.0,24.0,0,0.5627,1,0.5899,1,0.5944,1
Beijing,20240926,Hard,R32,2024,Stan Wawrinka,Roman Safiullin,233.0,69.0,0,0.2651,0,0.2775,0,0.273,0
Beijing,20240926,Hard,R32,2024,Adrian Mannarino,Lorenzo Sonego,44.0,50.0,1,0.3996,0,0.422,0,0.3857,0
Beijing,20240926,Hard,R32,2024,Pedro Martinez,Jiri Lehecka,42.0,37.0,0,0.4165,0,0.3758,0,0.3364,0
Beijing,20240926,Hard,R32,2024,Pavel Kotov,Yi Zhou,63.0,446.0,1,0.6909,1,0.6428,1,0.712,1
Beijing,20240926,Hard,R32,2024,Tallon Griekspoor,Miomir Kecmanovic,39.0,54.0,1,0.5448,1,0.5373,1,0.5138,1
Beijing,20240926,Hard,R32,2024,Zhizhen Zhang,Alejandro Davidovich Fokina,43.0,64.0,0,0.5582,1,0.5737,1,0.6144,1
Beijing,20240926,Hard,R32,2024,Francisco Cerundolo,Jakub Mensik,31.0,66.0,1,0.475,0,0.4832,0,0.4786,0
Beijing,20240926,Hard,R32,2024,Bu Yunchaokete,Juncheng Shang,96.0,55.0,1,0.4134,0,0.369,0,0.3445,0
Beijing,20240926,Hard,R32,2024,Roberto Bautista Agut,Arthur Rinderknech,61.0,60.0,1,0.4176,0,0.4105,0,0.3491,0
Beijing,20240926,Hard,R32,2024,Alexander Bublik,Flavio Cobolli,26.0,32.0,0,0.4645,0,0.5023,1,0.5543,1
Beijing,20240926,Hard,R32,2024,Roberto Carballes Baena,Karen Khachanov,53.0,27.0,0,0.3937,0,0.4289,0,0.4596,0
Beijing,20240926,Hard,R32,2024,Zizou Bergs,Lorenzo Musetti,74.0,19.0,0,0.3678,0,0.347,0,0.4695,0
Beijing,20240926,Hard,R32,2024,Pablo Carreno Busta,Andrey Rublev,201.0,6.0,0,0.163,0,0.2911,0,0.281,0
Beijing,20240926,Hard,R32,2024,Gael Monfils,Daniil Medvedev,46.0,5.0,0,0.1833,0,0.2489,0,0.2752,0
Beijing,20240926,Hard,R32,2024,Carlos Alcaraz,Giovanni Mpetshi Perricard,3.0,51.0,1,0.861,1,0.7994,1,0.7609,1
Beijing,20240926,Hard,R32,2024,Nicolas Jarry,Jannik Sinner,28.0,1.0,0,0.0382,0,0.0991,0,0.0476,0
Beijing,20240926,Hard,R16,2024,Roberto Bautista Agut,Jiri Lehecka,61.0,37.0,0,0.3723,0,0.4032,0,0.3807,0
Beijing,20240926,Hard,R16,2024,Pavel Kotov,Flavio Cobolli,63.0,32.0,0,0.3878,0,0.3712,0,0.3366,0
Beijing,20240926,Hard,R16,2024,Karen Khachanov,Francisco Cerundolo,27.0,31.0,1,0.5027,1,0.5451,1,0.5992,1
Beijing,20240926,Hard,R16,2024,Bu Yunchaokete,Lorenzo Musetti,96.0,19.0,1,0.359,0,0.3625,0,0.4485,0
Beijing,20240926,Hard,R16,2024,Andrey Rublev,Alejandro Davidovich Fokina,6.0,64.0,1,0.8009,1,0.8123,1,0.8187,1
Beijing,20240926,Hard,R16,2024,Adrian Mannarino,Daniil Medvedev,44.0,5.0,0,0.1451,0,0.1568,0,0.1768,0
Beijing,20240926,Hard,R16,2024,Tallon Griekspoor,Carlos Alcaraz,39.0,3.0,0,0.1295,0,0.167,0,0.223,0
Beijing,20240926,Hard,R16,2024,Roman Safiullin,Jannik Sinner,69.0,1.0,0,0.0288,0,0.0629,0,0.0276,0
Beijing,20240926,Hard,QF,2024,Andrey Rublev,Bu Yunchaokete,6.0,96.0,0,0.7943,1,0.7299,1,0.6916,1
Beijing,20240926,Hard,QF,2024,Daniil Medvedev,Flavio Cobolli,5.0,32.0,1,0.7512,1,0.6946,1,0.7607,1
Beijing,20240926,Hard,QF,2024,Karen Khachanov,Carlos Alcaraz,27.0,3.0,0,0.1512,0,0.2212,0,0.1974,0
Beijing,20240926,Hard,QF,2024,Jannik Sinner,Jiri Lehecka,1.0,37.0,1,0.9604,1,0.9014,1,0.9246,1
Beijing,20240926,Hard,SF,2024,Daniil Medvedev,Carlos Alcaraz,5.0,3.0,0,0.3787,0,0.3727,0,0.4302,0
Beijing,20240926,Hard,SF,2024,Jannik Sinner,Bu Yunchaokete,1.0,96.0,1,0.9682,1,0.9037,1,0.9581,1
Beijing,20240926,Hard,F,2024,Jannik Sinner,Carlos Alcaraz,1.0,3.0,0,0.8055,1,0.74,1,0.8049,1
Shanghai Masters,20241002,Hard,R64,2024,Grigor Dimitrov,Zizou Bergs,10.0,73.0,1,0.7544,1,0.8004,1,0.799,1
Shanghai Masters,20241002,Hard,F,2024,Novak Djokovic,Jannik Sinner,4.0,1.0,0,0.1467,0,0.3241,0,0.2745,0
Shanghai Masters,20241002,Hard,R128,2024,Marcos Giron,Li Tu,47.0,191.0,1,0.6981,1,0.7415,1,0.7421,1
Shanghai Masters,20241002,Hard,R128,2024,David Goffin,James Duckworth,66.0,75.0,1,0.5863,1,0.5655,1,0.5738,1
Shanghai Masters,20241002,Hard,R128,2024,Christopher Oconnell,Matteo Berrettini,71.0,44.0,0,0.3916,0,0.3573,0,0.4274,0
Shanghai Masters,20241002,Hard,R128,2024,Jaume Munar,Hugo Gaston,63.0,80.0,1,0.4745,0,0.4774,0,0.4759,0
Shanghai Masters,20241002,Hard,R128,2024,Yosuke Watanuki,Pavel Kotov,336.0,56.0,1,0.1683,0,0.2121,0,0.1714,0
Shanghai Masters,20241002,Hard,R128,2024,Aleksandar Kovacevic,Terence Atmane,76.0,161.0,0,0.6443,1,0.6417,1,0.5943,1
Shanghai Masters,20241002,Hard,R128,2024,Bu Yunchaokete,Alex Michelsen,69.0,43.0,0,0.4644,0,0.4917,0,0.5161,1
Shanghai Masters,20241002,Hard,R128,2024,Stan Wawrinka,Giovanni Mpetshi Perricard,236.0,50.0,1,0.2162,0,0.2534,0,0.2156,0
Shanghai Masters,20241002,Hard,R128,2024,Roman Safiullin,Beibit Zhukayev,61.0,196.0,1,0.3583,0,0.5926,1,0.6404,1
Shanghai Masters,20241002,Hard,R128,2024,Yoshihito Nishioka,Yi Zhou,60.0,440.0,0,0.6729,1,0.6439,1,0.7806,1
Shanghai Masters,20241002,Hard,R128,2024,Zhizhen Zhang,Zizou Bergs,41.0,73.0,0,0.5399,1,0.526,1,0.4863,0
Shanghai Masters,20241002,Hard,R128,2024,Miomir Kecmanovic,Rinky Hijikata,55.0,78.0,1,0.4995,0,0.4786,0,0.4743,0
Shanghai Masters,20241002,Hard,R128,2024,Ramkumar Ramanathan,Alexander Shevchenko,332.0,58.0,0,0.2001,0,0.2699,0,0.2798,0
Shanghai Masters,20241002,Hard,R128,2024,Pedro Martinez,Jakub Mensik,45.0,65.0,0,0.3867,0,0.4202,0,0.4159,0
Shanghai Masters,20241002,Hard,R128,2024,Aleksandar Vukic,Corentin Moutet,91.0,72.0,1,0.5237,1,0.5105,1,0.5242,1
Shanghai Masters,20241002,Hard,R128,2024,Alejandro Davidovich Fokina,Gabriel Diallo,64.0,105.0,1,0.4819,0,0.5307,1,0.5915,1
Shanghai Masters,20241002,Hard,R128,2024,Reilly Opelka,Arthur Rinderknech,309.0,62.0,0,0.358,0,0.3775,0,0.4851,0
Shanghai Masters,20241002,Hard,R128,2024,Fabio Fognini,Luciano Darderi,81.0,42.0,1,0.4357,0,0.4016,0,0.3272,0
Shanghai Masters,20241002,Hard,R128,2024,Marin Cilic,Arthur Cazaux,211.0,92.0,0,0.4737,0,0.4894,0,0.4949,0
Shanghai Masters,20241002,Hard,R128,2024,Gael Monfils,Damir Dzumhur,46.0,96.0,1,0.597,1,0.5833,1,0.6331,1
Shanghai Masters,20241002,Hard,R128,2024,Sumit Nagal,Yibing Wu,83.0,560.0,0,0.7663,1,0.6904,1,0.729,1
Shanghai Masters,20241002,Hard,R128,2024,Coleman Wong,Juncheng Shang,128.0,51.0,0,0.4512,0,0.4274,0,0.4521,0
Shanghai Masters,20241002,Hard,R128,2024,Daniel Evans,Thiago Seyboth Wild,170.0,88.0,0,0.3717,0,0.3958,0,0.4011,0
Shanghai Masters,20241002,Hard,R128,2024,Adrian Mannarino,Zachary Svajda,53.0,131.0,0,0.5616,1,0.5743,1,0.49,0
Shanghai Masters,20241002,Hard,R128,2024,Alexandre Muller,Luca Nardi,74.0,89.0,1,0.5513,1,0.5766,1,0.5294,1
Shanghai Masters,20241002,Hard,R128,2024,Kei Nishikori,Mariano Navone,153.0,38.0,1,0.4415,0,0.4161,0,0.4656,0
Shanghai Masters,20241002,Hard,R128,2024,Lorenzo Sonego,Denis Shapovalov,49.0,102.0,0,0.5478,1,0.5088,1,0.5158,1
Shanghai Masters,20241002,Hard,R128,2024,Roberto Bautista Agut,Roberto Carballes Baena,57.0,54.0,0,0.4851,0,0.5018,1,0.5233,1
Shanghai Masters,20241002,Hard,R128,2024,Pablo Carreno Busta,Botic Van De Zandschulp,203.0,67.0,0,0.4546,0,0.4848,0,0.414,0
Shanghai Masters,20241002,Hard,R128,2024,Egor Gerasimov,Taro Daniel,304.0,93.0,0,0.2669,0,0.2958,0,0.3237,0
Shanghai Masters,20241002,Hard,R64,2024,Alexander Zverev,Mattia Bellucci,3.0,101.0,1,0.9026,1,0.8741,1,0.9401,1
Shanghai Masters,20241002,Hard,R64,2024,Jordan Thompson,Tallon Griekspoor,28.0,40.0,0,0.5438,1,0.554,1,0.5572,1
Shanghai Masters,20241002,Hard,R64,2024,Marcos Giron,Karen Khachanov,47.0,25.0,1,0.3167,0,0.3186,0,0.2548,0
Shanghai Masters,20241002,Hard,R64,2024,David Goffin,Lorenzo Musetti,66.0,18.0,1,0.3337,0,0.3494,0,0.3586,0
Shanghai Masters,20241002,Hard,R64,2024,Matteo Berrettini,Holger Rune,44.0,14.0,0,0.3558,0,0.3997,0,0.3361,0
Shanghai Masters,20241002,Hard,R64,2024,Jaume Munar,Jiri Lehecka,63.0,34.0,0,0.2725,0,0.2558,0,0.2542,0
Shanghai Masters,20241002,Hard,R64,2024,Yosuke Watanuki,Brandon Nakashima,336.0,35.0,1,0.1158,0,0.117,0,0.0681,0
Shanghai Masters,20241002,Hard,R64,2024,Taylor Fritz,Terence Atmane,7.0,161.0,1,0.8926,1,0.8743,1,0.8789,1
Shanghai Masters,20241002,Hard,R64,2024,Novak Djokovic,Alex Michelsen,4.0,43.0,1,0.7732,1,0.8214,1,0.8523,1
Shanghai Masters,20241002,Hard,R64,2024,Stan Wawrinka,Flavio Cobolli,236.0,30.0,0,0.1664,0,0.1917,0,0.1546,0
Shanghai Masters,20241002,Hard,R64,2024,Alexander Bublik,Roman Safiullin,27.0,61.0,0,0.5785,1,0.6138,1,0.5637,1
Shanghai Masters,20241002,Hard,R64,2024,Frances Tiafoe,Yi Zhou,17.0,440.0,1,0.8322,1,0.7392,1,0.7746,1
Shanghai Masters,20241002,Hard,R128,2024,Billy Harris,Mattia Bellucci,106.0,101.0,0,0.5895,1,0.5744,1,0.591,1
Shanghai Masters,20241002,Hard,R64,2024,Miomir Kecmanovic,Alexei Popyrin,55.0,24.0,0,0.3222,0,0.3059,0,0.2782,0
Shanghai Masters,20241002,Hard,R64,2024,Francisco Cerundolo,Alexander Shevchenko,31.0,58.0,0,0.5638,1,0.5266,1,0.4535,0
Shanghai Masters,20241002,Hard,R64,2024,Andrey Rublev,Jakub Mensik,6.0,65.0,0,0.7486,1,0.7004,1,0.7743,1
Shanghai Masters,20241002,Hard,R64,2024,Aleksandar Vukic,Casper Ruud,91.0,9.0,1,0.1964,0,0.1434,0,0.1356,0
Shanghai Masters,20241002,Hard,R64,2024,Alejandro Davidovich Fokina,Tomas Machac,64.0,33.0,0,0.4183,0,0.3764,0,0.4357,0
Shanghai Masters,20241002,Hard,R64,2024,Alejandro Tabilo,Arthur Rinderknech,23.0,62.0,1,0.5512,1,0.5856,1,0.5667,1
Shanghai Masters,20241002,Hard,R64,2024,Fabio Fognini,Tommy Paul,81.0,13.0,0,0.1948,0,0.2588,0,0.23,0
Shanghai Masters,20241002,Hard,R64,2024,Ugo Humbert,Arthur Cazaux,15.0,92.0,1,0.7206,1,0.7557,1,0.739,1
Shanghai Masters,20241002,Hard,R64,2024,Gael Monfils,Sebastian Baez,46.0,26.0,1,0.4886,0,0.4523,0,0.3946,0
Shanghai Masters,20241002,Hard,R64,2024,Nicolas Jarry,Yibing Wu,29.0,560.0,0,0.8838,1,0.808,1,0.8293,1
Shanghai Masters,20241002,Hard,R64,2024,Carlos Alcaraz,Juncheng Shang,2.0,51.0,1,0.8536,1,0.7565,1,0.8798,1
Shanghai Masters,20241002,Hard,R64,2024,Daniil Medvedev,Thiago Seyboth Wild,5.0,88.0,1,0.8571,1,0.8274,1,0.8276,1
Shanghai Masters,20241002,Hard,R64,2024,Zachary Svajda,Matteo Arnaldi,131.0,36.0,0,0.292,0,0.2116,0,0.2649,0
Shanghai Masters,20241002,Hard,R64,2024,Alexandre Muller,Felix Auger Aliassime,74.0,22.0,1,0.2797,0,0.2179,0,0.214,0
Shanghai Masters,20241002,Hard,R64,2024,Kei Nishikori,Stefanos Tsitsipas,153.0,12.0,0,0.222,0,0.3187,0,0.2836,0
Shanghai Masters,20241002,Hard,R64,2024,Denis Shapovalov,Ben Shelton,102.0,16.0,0,0.2744,0,0.2531,0,0.2275,0
Shanghai Masters,20241002,Hard,R64,2024,Roberto Carballes Baena,Arthur Fils,54.0,21.0,1,0.2957,0,0.2725,0,0.2728,0
Shanghai Masters,20241002,Hard,R64,2024,Botic Van De Zandschulp,Tomas Martin Etcheverry,67.0,37.0,0,0.3895,0,0.3575,0,0.4045,0
Shanghai Masters,20241002,Hard,R64,2024,Taro Daniel,Jannik Sinner,93.0,1.0,0,0.0203,0,0.0509,0,0.0164,0
Shanghai Masters,20241002,Hard,R32,2024,Alexander Zverev,Tallon Griekspoor,3.0,40.0,1,0.866,1,0.8315,1,0.8075,1
Shanghai Masters,20241002,Hard,R32,2024,David Goffin,Marcos Giron,66.0,47.0,1,0.5735,1,0.4968,0,0.5641,1
Shanghai Masters,20241002,Hard,R32,2024,Holger Rune,Jiri Lehecka,14.0,34.0,1,0.6483,1,0.6292,1,0.582,1
Shanghai Masters,20241002,Hard,R32,2024,Taylor Fritz,Yosuke Watanuki,7.0,336.0,1,0.9425,1,0.8967,1,0.9554,1
Shanghai Masters,20241002,Hard,R32,2024,Novak Djokovic,Flavio Cobolli,4.0,30.0,1,0.7607,1,0.8118,1,0.7956,1
Shanghai Masters,20241002,Hard,R32,2024,Roman Safiullin,Frances Tiafoe,61.0,17.0,1,0.3119,0,0.2811,0,0.3094,0
Shanghai Masters,20241002,Hard,R32,2024,Grigor Dimitrov,Alexei Popyrin,10.0,24.0,1,0.6093,1,0.6546,1,0.6556,1
Shanghai Masters,20241002,Hard,R32,2024,Alexander Shevchenko,Jakub Mensik,58.0,65.0,0,0.4174,0,0.4221,0,0.3888,0
Shanghai Masters,20241002,Hard,R32,2024,Aleksandar Vukic,Tomas Machac,91.0,33.0,0,0.3367,0,0.2777,0,0.2498,0
Shanghai Masters,20241002,Hard,R32,2024,Tommy Paul,Alejandro Tabilo,13.0,23.0,1,0.6534,1,0.6967,1,0.7158,1
Shanghai Masters,20241002,Hard,R32,2024,Gael Monfils,Ugo Humbert,46.0,15.0,1,0.3082,0,0.3341,0,0.3586,0
Shanghai Masters,20241002,Hard,R128,2024,Tallon Griekspoor,Facundo Diaz Acosta,40.0,59.0,1,0.6157,1,0.6149,1,0.6659,1
Shanghai Masters,20241002,Hard,R32,2024,Daniil Medvedev,Matteo Arnaldi,5.0,36.0,1,0.7646,1,0.7127,1,0.7837,1
Shanghai Masters,20241002,Hard,R32,2024,Alexandre Muller,Stefanos Tsitsipas,74.0,12.0,0,0.2367,0,0.2128,0,0.2359,0
Shanghai Masters,20241002,Hard,R32,2024,Roberto Carballes Baena,Ben Shelton,54.0,16.0,0,0.2553,0,0.2419,0,0.265,0
Shanghai Masters,20241002,Hard,R32,2024,Tomas Martin Etcheverry,Jannik Sinner,37.0,1.0,0,0.0439,0,0.0657,0,0.0326,0
Shanghai Masters,20241002,Hard,R16,2024,Alexander Zverev,David Goffin,3.0,66.0,0,0.8878,1,0.8515,1,0.9548,1
Shanghai Masters,20241002,Hard,R16,2024,Taylor Fritz,Holger Rune,7.0,14.0,1,0.5682,1,0.5231,1,0.4903,0
Shanghai Masters,20241002,Hard,R16,2024,Novak Djokovic,Roman Safiullin,4.0,61.0,1,0.8433,1,0.8583,1,0.901,1
Shanghai Masters,20241002,Hard,R16,2024,Grigor Dimitrov,Jakub Mensik,10.0,65.0,0,0.6974,1,0.709,1,0.6942,1
Shanghai Masters,20241002,Hard,R16,2024,Tommy Paul,Tomas Machac,13.0,33.0,0,0.6291,1,0.6278,1,0.5914,1
Shanghai Masters,20241002,Hard,R16,2024,Gael Monfils,Carlos Alcaraz,46.0,2.0,0,0.1003,0,0.1857,0,0.1633,0
Shanghai Masters,20241002,Hard,R16,2024,Daniil Medvedev,Stefanos Tsitsipas,5.0,12.0,1,0.6545,1,0.6371,1,0.6896,1
Shanghai Masters,20241002,Hard,R16,2024,Jannik Sinner,Ben Shelton,1.0,16.0,1,0.9232,1,0.8845,1,0.8682,1
Shanghai Masters,20241002,Hard,QF,2024,David Goffin,Taylor Fritz,66.0,7.0,0,0.2192,0,0.2309,0,0.1922,0
Shanghai Masters,20241002,Hard,QF,2024,Novak Djokovic,Jakub Mensik,4.0,65.0,1,0.79,1,0.797,1,0.8053,1
Shanghai Masters,20241002,Hard,QF,2024,Tomas Machac,Carlos Alcaraz,33.0,2.0,1,0.1336,0,0.1598,0,0.1675,0
Shanghai Masters,20241002,Hard,QF,2024,Daniil Medvedev,Jannik Sinner,5.0,1.0,0,0.1371,0,0.1969,0,0.1715,0
Shanghai Masters,20241002,Hard,SF,2024,Novak Djokovic,Taylor Fritz,4.0,7.0,1,0.6012,1,0.6704,1,0.6739,1
Shanghai Masters,20241002,Hard,SF,2024,Jannik Sinner,Tomas Machac,1.0,33.0,1,0.9557,1,0.8937,1,0.8731,1
Shanghai Masters,20241002,Hard,R32,2024,Yibing Wu,Carlos Alcaraz,560.0,2.0,0,0.0163,0,0.0597,0,0.0191,0
Stockholm,20241014,Hard,R32,2024,Lorenzo Sonego,Marc Andrea Huesler,50.0,152.0,1,0.5429,1,0.5956,1,0.6128,1
Stockholm,20241014,Hard,R32,2024,Corentin Moutet,Jacob Fearnley,71.0,99.0,0,0.6038,1,0.62,1,0.6867,1
Stockholm,20241014,Hard,R32,2024,Tallon Griekspoor,Pavel Kotov,37.0,59.0,1,0.5382,1,0.5261,1,0.5446,1
Stockholm,20241014,Hard,R32,2024,Quentin Halys,Sumit Nagal,95.0,78.0,1,0.5618,1,0.5581,1,0.5557,1
Stockholm,20241014,Hard,R32,2024,Aleksandar Kovacevic,Dominic Stricker,90.0,317.0,0,0.5679,1,0.5864,1,0.5962,1
Stockholm,20241014,Hard,R32,2024,Matteo Berrettini,Luciano Darderi,42.0,44.0,1,0.6635,1,0.6594,1,0.6684,1
Stockholm,20241014,Hard,R32,2024,Elias Ymer,Nicolas Jarry,252.0,34.0,0,0.446,0,0.3915,0,0.3167,0
Stockholm,20241014,Hard,R32,2024,Cameron Norrie,Miomir Kecmanovic,52.0,55.0,0,0.4503,0,0.4519,0,0.4547,0
Stockholm,20241014,Hard,R32,2024,Laslo Djere,Pedro Martinez,113.0,39.0,1,0.4556,0,0.4311,0,0.4173,0
Stockholm,20241014,Hard,R32,2024,Stan Wawrinka,Brandon Nakashima,217.0,38.0,1,0.1802,0,0.1995,0,0.1308,0
Stockholm,20241014,Hard,R32,2024,Alejandro Davidovich Fokina,Thiago Agustin Tirante,64.0,121.0,1,0.7253,1,0.6921,1,0.6875,1
Stockholm,20241014,Hard,R32,2024,Alexandre Muller,Leo Borg,70.0,590.0,1,0.6803,1,0.6236,1,0.685,1
Stockholm,20241014,Hard,R16,2024,Lorenzo Sonego,Casper Ruud,50.0,8.0,0,0.2918,0,0.2313,0,0.2449,0
Stockholm,20241014,Hard,R16,2024,Tallon Griekspoor,Jacob Fearnley,37.0,99.0,1,0.7587,1,0.7719,1,0.8121,1
Stockholm,20241014,Hard,R16,2024,Grigor Dimitrov,Quentin Halys,10.0,95.0,1,0.8256,1,0.8109,1,0.8372,1
Stockholm,20241014,Hard,R16,2024,Matteo Berrettini,Dominic Stricker,42.0,317.0,0,0.7627,1,0.7668,1,0.7922,1
Stockholm,20241014,Hard,R16,2024,Nicolas Jarry,Miomir Kecmanovic,34.0,55.0,0,0.5232,1,0.5311,1,0.5498,1
Stockholm,20241014,Hard,R16,2024,Laslo Djere,Tommy Paul,113.0,13.0,0,0.2387,0,0.1971,0,0.2001,0
Stockholm,20241014,Hard,R16,2024,Stan Wawrinka,Alejandro Davidovich Fokina,217.0,64.0,1,0.2604,0,0.2802,0,0.3029,0
Stockholm,20241014,Hard,R16,2024,Alexandre Muller,Andrey Rublev,70.0,7.0,0,0.2045,0,0.1662,0,0.1346,0
Stockholm,20241014,Hard,QF,2024,Casper Ruud,Tallon Griekspoor,8.0,37.0,0,0.6809,1,0.6757,1,0.6979,1
Stockholm,20241014,Hard,QF,2024,Grigor Dimitrov,Dominic Stricker,10.0,317.0,1,0.8695,1,0.8342,1,0.8152,1
Stockholm,20241014,Hard,QF,2024,Tommy Paul,Miomir Kecmanovic,13.0,55.0,1,0.7068,1,0.7752,1,0.7685,1
Stockholm,20241014,Hard,QF,2024,Stan Wawrinka,Andrey Rublev,217.0,7.0,1,0.0941,0,0.1275,0,0.1295,0
Stockholm,20241014,Hard,SF,2024,Grigor Dimitrov,Tallon Griekspoor,10.0,37.0,1,0.7043,1,0.7819,1,0.7686,1
Stockholm,20241014,Hard,SF,2024,Stan Wawrinka,Tommy Paul,217.0,13.0,0,0.1321,0,0.1345,0,0.1357,0
Stockholm,20241014,Hard,F,2024,Grigor Dimitrov,Tommy Paul,10.0,13.0,0,0.5585,1,0.5747,1,0.5906,1
Antwerp,20241014,Hard,R32,2024,Thiago Seyboth Wild,Giovanni Mpetshi Perricard,80.0,48.0,1,0.4492,0,0.4491,0,0.4715,0
Antwerp,20241014,Hard,R32,2024,Daniel Altmaier,Gilles Arnaud Bailly,84.0,869.0,1,0.899,1,0.8883,1,0.9421,1
Antwerp,20241014,Hard,R32,2024,Jaume Munar,Jiri Lehecka,65.0,33.0,0,0.3059,0,0.2583,0,0.2305,0
Antwerp,20241014,Hard,R32,2024,Zizou Bergs,Facundo Diaz Acosta,69.0,67.0,1,0.6045,1,0.5857,1,0.6159,1
Antwerp,20241014,Hard,R32,2024,Arthur Rinderknech,Alexander Blockx,62.0,231.0,1,0.7449,1,0.7356,1,0.7361,1
Antwerp,20241014,Hard,R32,2024,Marcos Giron,Botic Van De Zandschulp,47.0,68.0,1,0.491,0,0.5098,1,0.4481,0
Antwerp,20241014,Hard,R32,2024,Richard Gasquet,Tomas Martin Etcheverry,135.0,35.0,0,0.1933,0,0.1905,0,0.1081,0
Antwerp,20241014,Hard,R32,2024,Roberto Bautista Agut,Luca Van Assche,60.0,119.0,1,0.5727,1,0.5719,1,0.5848,1
Antwerp,20241014,Hard,R32,2024,Marton Fucsovics,Raphael Collignon,93.0,164.0,1,0.6399,1,0.6899,1,0.7064,1
Antwerp,20241014,Hard,R32,2024,Thiago Monteiro,Mariano Navone,88.0,43.0,0,0.4791,0,0.5117,1,0.5172,1
Antwerp,20241014,Hard,R32,2024,Alexey Vatutin,Hugo Gaston,336.0,77.0,0,0.2376,0,0.2991,0,0.3461,0
Antwerp,20241014,Hard,R32,2024,Roberto Carballes Baena,Dominik Koepfer,54.0,81.0,1,0.5977,1,0.5586,1,0.5417,1
Antwerp,20241014,Hard,R16,2024,Stefanos Tsitsipas,Thiago Seyboth Wild,11.0,80.0,1,0.7419,1,0.7847,1,0.836,1
Antwerp,20241014,Hard,R16,2024,Daniel Altmaier,Jiri Lehecka,84.0,33.0,0,0.3182,0,0.284,0,0.2988,0
Antwerp,20241014,Hard,R16,2024,Zizou Bergs,Sebastian Baez,69.0,27.0,1,0.5305,1,0.4679,0,0.4909,0
Antwerp,20241014,Hard,R16,2024,Marcos Giron,Arthur Rinderknech,47.0,62.0,1,0.4549,0,0.4671,0,0.4531,0
Antwerp,20241014,Hard,R16,2024,Roberto Bautista Agut,Tomas Martin Etcheverry,60.0,35.0,1,0.3613,0,0.3794,0,0.3909,0
Antwerp,20241014,Hard,R16,2024,Marton Fucsovics,Felix Auger Aliassime,93.0,21.0,0,0.2709,0,0.2416,0,0.2416,0
Antwerp,20241014,Hard,R16,2024,Hugo Gaston,Mariano Navone,77.0,43.0,1,0.4153,0,0.3894,0,0.4055,0
Antwerp,20241014,Hard,R16,2024,Roberto Carballes Baena,Alex De Minaur,54.0,9.0,0,0.2225,0,0.1843,0,0.2276,0
Antwerp,20241014,Hard,QF,2024,Stefanos Tsitsipas,Jiri Lehecka,11.0,33.0,0,0.6373,1,0.62,1,0.5762,1
Antwerp,20241014,Hard,QF,2024,Marcos Giron,Zizou Bergs,47.0,69.0,1,0.4459,0,0.4687,0,0.4106,0
Antwerp,20241014,Hard,QF,2024,Roberto Bautista Agut,Felix Auger Aliassime,60.0,21.0,1,0.2969,0,0.2965,0,0.2285,0
Antwerp,20241014,Hard,QF,2024,Alex De Minaur,Hugo Gaston,9.0,77.0,0,0.8534,1,0.8622,1,0.8816,1
Antwerp,20241014,Hard,SF,2024,Marcos Giron,Jiri Lehecka,47.0,33.0,0,0.3761,0,0.3519,0,0.299,0
Antwerp,20241014,Hard,SF,2024,Roberto Bautista Agut,Hugo Gaston,60.0,77.0,1,0.5784,1,0.6012,1,0.4295,0
Antwerp,20241014,Hard,F,2024,Roberto Bautista Agut,Jiri Lehecka,60.0,33.0,1,0.357,0,0.3793,0,0.3614,0
Almaty,20241014,Hard,R16,2024,Beibit Zhukayev,Tomas Machac,213.0,25.0,1,0.3206,0,0.3453,0,0.3999,0
Almaty,20241014,Hard,F,2024,Karen Khachanov,Gabriel Diallo,26.0,118.0,1,0.6187,1,0.676,1,0.6708,1
Almaty,20241014,Hard,R32,2024,Borna Coric,Fabian Marozsan,96.0,57.0,1,0.4084,0,0.3925,0,0.3908,0
Almaty,20241014,Hard,R32,2024,Coleman Wong,Justin Engel,133.0,458.0,0,0.8684,1,0.8833,1,0.9088,1
Almaty,20241014,Hard,R32,2024,Mikhail Kukushkin,Alexander Shevchenko,111.0,61.0,0,0.4524,0,0.4564,0,0.4154,0
Almaty,20241014,Hard,R32,2024,Aslan Karatsev,Zhizhen Zhang,139.0,46.0,1,0.315,0,0.307,0,0.3209,0
Almaty,20241014,Hard,R32,2024,Timofey Skatov,Tomas Machac,192.0,25.0,0,0.1709,0,0.2364,0,0.161,0
Almaty,20241014,Hard,R32,2024,Benjamin Hassan,Beibit Zhukayev,245.0,213.0,0,0.385,0,0.4099,0,0.3961,0
Almaty,20241014,Hard,R32,2024,Fabio Fognini,Otto Virtanen,76.0,116.0,0,0.4795,0,0.553,1,0.4295,0
Almaty,20241014,Hard,R32,2024,Adrian Mannarino,Roman Safiullin,56.0,58.0,1,0.421,0,0.4209,0,0.4046,0
Almaty,20241014,Hard,R32,2024,James Duckworth,Aleksandar Vukic,63.0,85.0,0,0.46,0,0.4799,0,0.48,0
Almaty,20241014,Hard,R32,2024,Daniel Evans,Taro Daniel,180.0,89.0,1,0.3918,0,0.4304,0,0.4549,0
Almaty,20241014,Hard,R16,2024,Maximilian Marterer,Alejandro Tabilo,114.0,23.0,0,0.3384,0,0.2602,0,0.3234,0
Almaty,20241014,Hard,R16,2024,Borna Coric,Gabriel Diallo,96.0,118.0,0,0.458,0,0.4657,0,0.4112,0
Almaty,20241014,Hard,R16,2024,Francisco Cerundolo,Justin Engel,31.0,458.0,1,0.8838,1,0.9106,1,0.9279,1
Almaty,20241014,Hard,R16,2024,Aslan Karatsev,Alexander Shevchenko,139.0,61.0,0,0.329,0,0.3312,0,0.3089,0
Almaty,20241014,Hard,R32,2024,Damir Dzumhur,Maximilian Marterer,100.0,114.0,0,0.4671,0,0.4986,0,0.5206,1
Almaty,20241014,Hard,R16,2024,Karen Khachanov,Otto Virtanen,26.0,116.0,1,0.6771,1,0.7206,1,0.7077,1
Almaty,20241014,Hard,R16,2024,Adrian Mannarino,Aleksandar Vukic,56.0,85.0,0,0.4817,0,0.5034,1,0.5006,1
Almaty,20241014,Hard,R16,2024,Daniel Evans,Frances Tiafoe,180.0,15.0,0,0.1719,0,0.1776,0,0.2163,0
Almaty,20241014,Hard,QF,2024,Alejandro Tabilo,Gabriel Diallo,23.0,118.0,0,0.5846,1,0.6434,1,0.6464,1
Almaty,20241014,Hard,QF,2024,Francisco Cerundolo,Alexander Shevchenko,31.0,61.0,1,0.5193,1,0.5132,1,0.5048,1
Almaty,20241014,Hard,QF,2024,Karen Khachanov,Beibit Zhukayev,26.0,213.0,1,0.6615,1,0.6437,1,0.6834,1
Almaty,20241014,Hard,QF,2024,Frances Tiafoe,Aleksandar Vukic,15.0,85.0,0,0.7219,1,0.7179,1,0.751,1
Almaty,20241014,Hard,SF,2024,Francisco Cerundolo,Gabriel Diallo,31.0,118.0,0,0.5562,1,0.6012,1,0.5737,1
Almaty,20241014,Hard,SF,2024,Karen Khachanov,Aleksandar Vukic,26.0,85.0,1,0.6507,1,0.6408,1,0.5967,1
Almaty,20241014,Hard,R32,2024,Christopher Oconnell,Gabriel Diallo,72.0,118.0,0,0.4878,0,0.5389,1,0.4937,0
Basel,20241021,Hard,R16,2024,Holger Rune,Dominic Stricker,14.0,258.0,1,0.8164,1,0.8046,1,0.783,1
Basel,20241021,Hard,R32,2024,Denis Shapovalov,Juncheng Shang,95.0,47.0,1,0.3836,0,0.3379,0,0.3227,0
Basel,20241021,Hard,R32,2024,James Duckworth,Giovanni Mpetshi Perricard,69.0,50.0,0,0.3908,0,0.385,0,0.3721,0
Basel,20241021,Hard,R32,2024,Felix Auger Aliassime,Sebastian Baez,19.0,26.0,1,0.6711,1,0.6744,1,0.7551,1
Basel,20241021,Hard,R32,2024,Nicolas Jarry,Holger Rune,34.0,14.0,0,0.2973,0,0.256,0,0.2189,0
Basel,20241021,Hard,R32,2024,Tallon Griekspoor,Dominic Stricker,35.0,258.0,0,0.6918,1,0.6584,1,0.627,1
Basel,20241021,Hard,R32,2024,David Goffin,Matteo Arnaldi,54.0,37.0,1,0.4527,0,0.4639,0,0.4524,0
Basel,20241021,Hard,R32,2024,Ugo Humbert,Jerome Kym,16.0,140.0,1,0.5149,1,0.6104,1,0.7106,1
Basel,20241021,Hard,R32,2024,Daniel Altmaier,Arthur Fils,82.0,20.0,0,0.2967,0,0.2547,0,0.24,0
Basel,20241021,Hard,R32,2024,Pedro Martinez,Jiri Lehecka,39.0,28.0,1,0.344,0,0.3,0,0.2897,0
Basel,20241021,Hard,R32,2024,Botic Van De Zandschulp,Alexander Bublik,67.0,32.0,1,0.4253,0,0.4359,0,0.4316,0
Basel,20241021,Hard,R32,2024,Stefanos Tsitsipas,Francisco Cerundolo,11.0,30.0,1,0.6645,1,0.66,1,0.6656,1
Basel,20241021,Hard,R32,2024,Tomas Martin Etcheverry,Ben Shelton,36.0,23.0,0,0.4088,0,0.3601,0,0.33,0
Basel,20241021,Hard,R32,2024,Stan Wawrinka,Adrian Mannarino,169.0,57.0,1,0.3947,0,0.4111,0,0.4037,0
Basel,20241021,Hard,R32,2024,Marin Cilic,Alejandro Tabilo,202.0,21.0,0,0.3605,0,0.373,0,0.3068,0
Basel,20241021,Hard,R32,2024,Andrey Rublev,Nuno Borges,7.0,33.0,1,0.7188,1,0.7112,1,0.7069,1
Basel,20241021,Hard,R16,2024,Roberto Bautista Agut,Denis Shapovalov,45.0,95.0,0,0.5315,1,0.5577,1,0.5737,1
Basel,20241021,Hard,R16,2024,Felix Auger Aliassime,Giovanni Mpetshi Perricard,19.0,50.0,0,0.6742,1,0.6824,1,0.6923,1
Basel,20241021,Hard,R32,2024,Roberto Bautista Agut,Casper Ruud,45.0,8.0,1,0.2953,0,0.3293,0,0.2639,0
Basel,20241021,Hard,R16,2024,David Goffin,Ugo Humbert,54.0,16.0,1,0.3422,0,0.3484,0,0.3168,0
Basel,20241021,Hard,R16,2024,Pedro Martinez,Arthur Fils,39.0,20.0,0,0.3033,0,0.2943,0,0.2958,0
Basel,20241021,Hard,R16,2024,Botic Van De Zandschulp,Stefanos Tsitsipas,67.0,11.0,0,0.2547,0,0.1989,0,0.218,0
Basel,20241021,Hard,R16,2024,Stan Wawrinka,Ben Shelton,169.0,23.0,0,0.1955,0,0.2171,0,0.2373,0
Basel,20241021,Hard,R16,2024,Andrey Rublev,Alejandro Tabilo,7.0,21.0,1,0.7203,1,0.7482,1,0.8266,1
Basel,20241021,Hard,QF,2024,Denis Shapovalov,Giovanni Mpetshi Perricard,95.0,50.0,0,0.5153,1,0.4842,0,0.4676,0
Basel,20241021,Hard,QF,2024,David Goffin,Holger Rune,54.0,14.0,0,0.2979,0,0.3353,0,0.3666,0
Basel,20241021,Hard,QF,2024,Stefanos Tsitsipas,Arthur Fils,11.0,20.0,0,0.5638,1,0.5859,1,0.6338,1
Basel,20241021,Hard,QF,2024,Andrey Rublev,Ben Shelton,7.0,23.0,0,0.615,1,0.5637,1,0.5009,1
Basel,20241021,Hard,SF,2024,Holger Rune,Giovanni Mpetshi Perricard,14.0,50.0,0,0.7456,1,0.7603,1,0.8321,1
Basel,20241021,Hard,SF,2024,Arthur Fils,Ben Shelton,20.0,23.0,0,0.4877,0,0.4768,0,0.4932,0
Basel,20241021,Hard,F,2024,Giovanni Mpetshi Perricard,Ben Shelton,50.0,23.0,1,0.3084,0,0.2988,0,0.3534,0
Vienna,20241021,Hard,R32,2024,Jan Lennard Struff,Alex De Minaur,40.0,10.0,0,0.203,0,0.2352,0,0.1961,0
Vienna,20241021,Hard,R32,2024,Alejandro Davidovich Fokina,Flavio Cobolli,62.0,31.0,0,0.3876,0,0.351,0,0.3798,0
Vienna,20241021,Hard,R32,2024,Miomir Kecmanovic,Mariano Navone,58.0,44.0,1,0.5344,1,0.5184,1,0.5422,1
Vienna,20241021,Hard,R32,2024,Alexei Popyrin,Jakub Mensik,25.0,51.0,0,0.5207,1,0.4818,0,0.4686,0
Vienna,20241021,Hard,R32,2024,Tommy Paul,Brandon Nakashima,12.0,38.0,0,0.6358,1,0.6444,1,0.6472,1
Vienna,20241021,Hard,R32,2024,Karen Khachanov,Thiago Seyboth Wild,24.0,78.0,1,0.6738,1,0.6606,1,0.6591,1
Vienna,20241021,Hard,R32,2024,Marton Fucsovics,Matteo Berrettini,88.0,41.0,0,0.3493,0,0.294,0,0.2711,0
Vienna,20241021,Hard,R32,2024,Cameron Norrie,Frances Tiafoe,53.0,15.0,0,0.2735,0,0.3016,0,0.3041,0
Vienna,20241021,Hard,R32,2024,Kei Nishikori,Jack Draper,141.0,18.0,0,0.2408,0,0.301,0,0.3512,0
Vienna,20241021,Hard,R32,2024,Dominic Thiem,Luciano Darderi,318.0,42.0,0,0.3034,0,0.3231,0,0.4777,0
Vienna,20241021,Hard,R32,2024,Fabian Marozsan,Tomas Machac,56.0,27.0,0,0.4104,0,0.3195,0,0.3213,0
Vienna,20241021,Hard,R32,2024,Grigor Dimitrov,Zhizhen Zhang,9.0,46.0,1,0.7424,1,0.8129,1,0.8076,1
Vienna,20241021,Hard,R32,2024,Lorenzo Sonego,Lorenzo Musetti,49.0,17.0,0,0.3805,0,0.3456,0,0.2847,0
Vienna,20241021,Hard,R32,2024,Gael Monfils,Quentin Halys,52.0,90.0,1,0.5583,1,0.5581,1,0.5956,1
Vienna,20241021,Hard,R32,2024,Marcos Giron,Alex Michelsen,48.0,43.0,1,0.3807,0,0.3425,0,0.2869,0
Vienna,20241021,Hard,R32,2024,Alexander Zverev,Joel Schwaerzler,3.0,347.0,1,0.9707,1,0.9452,1,0.9701,1
Vienna,20241021,Hard,R16,2024,Alex De Minaur,Flavio Cobolli,10.0,31.0,1,0.6709,1,0.6713,1,0.6665,1
Vienna,20241021,Hard,R16,2024,Miomir Kecmanovic,Jakub Mensik,58.0,51.0,0,0.3778,0,0.3377,0,0.3464,0
Vienna,20241021,Hard,R16,2024,Karen Khachanov,Brandon Nakashima,24.0,38.0,1,0.5481,1,0.5388,1,0.5321,1
Vienna,20241021,Hard,R16,2024,Frances Tiafoe,Matteo Berrettini,15.0,41.0,0,0.606,1,0.5575,1,0.5201,1
Vienna,20241021,Hard,R16,2024,Jack Draper,Luciano Darderi,18.0,42.0,1,0.7605,1,0.7323,1,0.7375,1
Vienna,20241021,Hard,R16,2024,Grigor Dimitrov,Tomas Machac,9.0,27.0,0,0.6562,1,0.6449,1,0.6178,1
Vienna,20241021,Hard,R16,2024,Gael Monfils,Lorenzo Musetti,52.0,17.0,0,0.3696,0,0.4294,0,0.3791,0
Vienna,20241021,Hard,R16,2024,Alexander Zverev,Marcos Giron,3.0,48.0,1,0.8928,1,0.8635,1,0.9228,1
Vienna,20241021,Hard,QF,2024,Alex De Minaur,Jakub Mensik,10.0,51.0,1,0.6553,1,0.6718,1,0.6902,1
Vienna,20241021,Hard,QF,2024,Karen Khachanov,Matteo Berrettini,24.0,41.0,1,0.5711,1,0.5455,1,0.5111,1
Vienna,20241021,Hard,QF,2024,Jack Draper,Tomas Machac,18.0,27.0,1,0.5797,1,0.5632,1,0.5699,1
Vienna,20241021,Hard,QF,2024,Alexander Zverev,Lorenzo Musetti,3.0,17.0,0,0.8147,1,0.7743,1,0.7315,1
Vienna,20241021,Hard,SF,2024,Karen Khachanov,Alex De Minaur,24.0,10.0,1,0.3733,0,0.2979,0,0.281,0
Vienna,20241021,Hard,SF,2024,Lorenzo Musetti,Jack Draper,17.0,18.0,0,0.4398,0,0.4244,0,0.456,0
Vienna,20241021,Hard,F,2024,Karen Khachanov,Jack Draper,24.0,18.0,0,0.4523,0,0.4159,0,0.4134,0
Paris Masters,20241028,Hard,R32,2024,Andrey Rublev,Francisco Cerundolo,7.0,29.0,0,0.7152,1,0.7078,1,0.7065,1
Paris Masters,20241028,Hard,F,2024,Alexander Zverev,Ugo Humbert,3.0,18.0,1,0.7851,1,0.6826,1,0.6719,1
Paris Masters,20241028,Hard,R64,2024,Ugo Humbert,Brandon Nakashima,18.0,35.0,1,0.5796,1,0.568,1,0.5219,1
Paris Masters,20241028,Hard,R64,2024,Adrian Mannarino,Tommy Paul,58.0,12.0,1,0.2252,0,0.1914,0,0.1786,0
Paris Masters,20241028,Hard,R64,2024,Richard Gasquet,Zizou Bergs,133.0,65.0,0,0.2352,0,0.2668,0,0.1668,0
Paris Masters,20241028,Hard,R64,2024,Jordan Thompson,Pedro Martinez,28.0,41.0,1,0.5977,1,0.6244,1,0.6163,1
Paris Masters,20241028,Hard,R64,2024,Matteo Berrettini,Alexei Popyrin,36.0,24.0,0,0.4607,0,0.4754,0,0.4797,0
Paris Masters,20241028,Hard,R64,2024,Christopher Oconnell,Karen Khachanov,71.0,21.0,0,0.2928,0,0.2724,0,0.2733,0
Paris Masters,20241028,Hard,R64,2024,Frances Tiafoe,Giovanni Mpetshi Perricard,17.0,31.0,0,0.541,1,0.5218,1,0.5376,1
Paris Masters,20241028,Hard,R64,2024,Hubert Hurkacz,Alex Michelsen,14.0,44.0,0,0.6051,1,0.6528,1,0.6693,1
Paris Masters,20241028,Hard,R64,2024,Arthur Rinderknech,Tomas Machac,60.0,25.0,1,0.3746,0,0.3313,0,0.3289,0
Paris Masters,20241028,Hard,R64,2024,Zhizhen Zhang,Tomas Martin Etcheverry,47.0,40.0,0,0.444,0,0.3948,0,0.4064,0
Paris Masters,20241028,Hard,R64,2024,Quentin Halys,Francisco Cerundolo,90.0,29.0,0,0.3709,0,0.3595,0,0.326,0
Paris Masters,20241028,Hard,R64,2024,Alejandro Tabilo,Nuno Borges,22.0,34.0,1,0.5227,1,0.502,1,0.5035,1
Paris Masters,20241028,Hard,R64,2024,Roberto Carballes Baena,Stefanos Tsitsipas,54.0,11.0,0,0.2801,0,0.291,0,0.2636,0
Paris Masters,20241028,Hard,R64,2024,Jan Lennard Struff,Lorenzo Musetti,42.0,16.0,1,0.2782,0,0.3304,0,0.4109,0
Paris Masters,20241028,Hard,R64,2024,Marin Cilic,Arthur Fils,201.0,20.0,0,0.2331,0,0.2785,0,0.3192,0
Paris Masters,20241028,Hard,R64,2024,Tallon Griekspoor,Luciano Darderi,39.0,43.0,1,0.6292,1,0.6179,1,0.6407,1
Paris Masters,20241028,Hard,R64,2024,Jack Draper,Jiri Lehecka,15.0,30.0,1,0.6458,1,0.6413,1,0.5846,1
Paris Masters,20241028,Hard,R64,2024,Miomir Kecmanovic,Sebastian Baez,55.0,26.0,1,0.558,1,0.4727,0,0.4906,0
Paris Masters,20241028,Hard,R64,2024,Alex De Minaur,Mariano Navone,10.0,45.0,1,0.7962,1,0.8301,1,0.8362,1
Paris Masters,20241028,Hard,R64,2024,Holger Rune,Matteo Arnaldi,13.0,38.0,1,0.6636,1,0.6499,1,0.6032,1
Paris Masters,20241028,Hard,R64,2024,Fabio Fognini,Alexander Bublik,79.0,33.0,0,0.3491,0,0.3909,0,0.4335,0
Paris Masters,20241028,Hard,R64,2024,Corentin Moutet,Ben Shelton,70.0,19.0,0,0.1998,0,0.1757,0,0.1859,0
Paris Masters,20241028,Hard,R32,2024,Nicolas Jarry,Carlos Alcaraz,37.0,2.0,0,0.1036,0,0.1171,0,0.1025,0
Paris Masters,20241028,Hard,R32,2024,Marcos Giron,Ugo Humbert,49.0,18.0,0,0.318,0,0.2757,0,0.2381,0
Paris Masters,20241028,Hard,R32,2024,Adrian Mannarino,Zizou Bergs,58.0,65.0,1,0.4059,0,0.4174,0,0.381,0
Paris Masters,20241028,Hard,R32,2024,Jordan Thompson,Casper Ruud,28.0,8.0,1,0.3367,0,0.3529,0,0.3367,0
Paris Masters,20241028,Hard,R32,2024,Daniil Medvedev,Alexei Popyrin,5.0,24.0,0,0.7287,1,0.673,1,0.6764,1
Paris Masters,20241028,Hard,R32,2024,Karen Khachanov,Giovanni Mpetshi Perricard,21.0,31.0,1,0.5536,1,0.5665,1,0.5805,1
Paris Masters,20241028,Hard,R32,2024,Arthur Rinderknech,Alex Michelsen,60.0,44.0,1,0.4098,0,0.3944,0,0.3775,0
Paris Masters,20241028,Hard,R32,2024,Grigor Dimitrov,Tomas Martin Etcheverry,9.0,40.0,1,0.7083,1,0.8051,1,0.7866,1
Paris Masters,20241028,Hard,R64,2024,Nicolas Jarry,Lorenzo Sonego,37.0,52.0,1,0.5159,1,0.5295,1,0.5304,1
Paris Masters,20241028,Hard,R32,2024,Alejandro Tabilo,Stefanos Tsitsipas,22.0,11.0,0,0.347,0,0.3408,0,0.2805,0
Paris Masters,20241028,Hard,R32,2024,Jan Lennard Struff,Arthur Fils,42.0,20.0,0,0.2626,0,0.3039,0,0.2567,0
Paris Masters,20241028,Hard,R32,2024,Alexander Zverev,Tallon Griekspoor,3.0,39.0,1,0.8571,1,0.8348,1,0.885,1
Paris Masters,20241028,Hard,R32,2024,Taylor Fritz,Jack Draper,6.0,15.0,0,0.5894,1,0.5464,1,0.4987,0
Paris Masters,20241028,Hard,R32,2024,Miomir Kecmanovic,Alex De Minaur,55.0,10.0,0,0.2422,0,0.1757,0,0.1605,0
Paris Masters,20241028,Hard,R32,2024,Alexander Bublik,Holger Rune,33.0,13.0,0,0.3025,0,0.3099,0,0.3616,0
Paris Masters,20241028,Hard,R32,2024,Arthur Cazaux,Ben Shelton,85.0,19.0,1,0.2908,0,0.2446,0,0.2349,0
Paris Masters,20241028,Hard,R16,2024,Ugo Humbert,Carlos Alcaraz,18.0,2.0,1,0.1831,0,0.2466,0,0.2458,0
Paris Masters,20241028,Hard,R16,2024,Adrian Mannarino,Jordan Thompson,58.0,28.0,0,0.3696,0,0.3313,0,0.3225,0
Paris Masters,20241028,Hard,R16,2024,Karen Khachanov,Alexei Popyrin,21.0,24.0,1,0.5415,1,0.5695,1,0.5662,1
Paris Masters,20241028,Hard,R16,2024,Grigor Dimitrov,Arthur Rinderknech,9.0,60.0,1,0.7558,1,0.8055,1,0.7604,1
Paris Masters,20241028,Hard,R16,2024,Stefanos Tsitsipas,Francisco Cerundolo,11.0,29.0,1,0.6628,1,0.6596,1,0.6039,1
Paris Masters,20241028,Hard,R16,2024,Alexander Zverev,Arthur Fils,3.0,20.0,1,0.7809,1,0.6866,1,0.7461,1
Paris Masters,20241028,Hard,R16,2024,Alex De Minaur,Jack Draper,10.0,15.0,1,0.5427,1,0.5809,1,0.6151,1
Paris Masters,20241028,Hard,R16,2024,Holger Rune,Arthur Cazaux,13.0,85.0,1,0.7346,1,0.7778,1,0.7957,1
Paris Masters,20241028,Hard,QF,2024,Jordan Thompson,Ugo Humbert,28.0,18.0,0,0.383,0,0.3572,0,0.3746,0
Paris Masters,20241028,Hard,QF,2024,Grigor Dimitrov,Karen Khachanov,9.0,21.0,0,0.6001,1,0.6386,1,0.6087,1
Paris Masters,20241028,Hard,QF,2024,Alexander Zverev,Stefanos Tsitsipas,3.0,11.0,1,0.7552,1,0.732,1,0.8091,1
Paris Masters,20241028,Hard,QF,2024,Alex De Minaur,Holger Rune,10.0,13.0,0,0.5567,1,0.6097,1,0.681,1
Paris Masters,20241028,Hard,SF,2024,Karen Khachanov,Ugo Humbert,21.0,18.0,0,0.501,1,0.4936,0,0.5332,1
Paris Masters,20241028,Hard,SF,2024,Alexander Zverev,Holger Rune,3.0,13.0,1,0.7443,1,0.6764,1,0.6707,1
Paris Masters,20241028,Hard,R64,2024,Marcos Giron,Juncheng Shang,49.0,51.0,1,0.3989,0,0.3954,0,0.414,0
Metz,20241104,Hard,QF,2024,Cameron Norrie,Zizou Bergs,57.0,61.0,1,0.4081,0,0.44,0,0.464,0
Metz,20241104,Hard,F,2024,Cameron Norrie,Benjamin Bonzi,57.0,124.0,0,0.6941,1,0.6995,1,0.6381,1
Metz,20241104,Hard,R32,2024,Pierre Hugues Herbert,Pedro Martinez,127.0,42.0,1,0.4476,0,0.3932,0,0.357,0
Metz,20241104,Hard,R32,2024,Adrian Mannarino,Bu Yunchaokete,54.0,72.0,0,0.4168,0,0.4091,0,0.3335,0
Metz,20241104,Hard,R32,2024,Richard Gasquet,Thiago Monteiro,133.0,100.0,1,0.3431,0,0.3012,0,0.3276,0
Metz,20241104,Hard,R32,2024,Harold Mayot,Alex Michelsen,107.0,44.0,0,0.3201,0,0.291,0,0.2961,0
Metz,20241104,Hard,R32,2024,Hugo Gaston,Titouan Droguet,81.0,174.0,1,0.6976,1,0.6357,1,0.6023,1
Metz,20241104,Hard,R32,2024,Manuel Guinard,Zizou Bergs,264.0,61.0,0,0.1902,0,0.2725,0,0.4016,0
Metz,20241104,Hard,R32,2024,Roberto Carballes Baena,Cameron Norrie,56.0,57.0,0,0.546,1,0.5509,1,0.5544,1
Metz,20241104,Hard,R32,2024,Jan Lennard Struff,Alexander Shevchenko,40.0,64.0,1,0.4502,0,0.4893,0,0.3076,0
Metz,20241104,Hard,R32,2024,Sumit Nagal,Corentin Moutet,83.0,66.0,0,0.4696,0,0.425,0,0.4528,0
Metz,20241104,Hard,R32,2024,Gregoire Barrere,Lorenzo Sonego,166.0,51.0,0,0.341,0,0.2959,0,0.2791,0
Metz,20241104,Hard,R16,2024,Benjamin Bonzi,Casper Ruud,124.0,7.0,1,0.1237,0,0.0838,0,0.0451,0
Metz,20241104,Hard,R16,2024,Pierre Hugues Herbert,Quentin Halys,127.0,84.0,0,0.4901,0,0.461,0,0.4766,0
Metz,20241104,Hard,R16,2024,Bu Yunchaokete,Jesper De Jong,72.0,109.0,1,0.6975,1,0.6689,1,0.6347,1
Metz,20241104,Hard,R16,2024,Richard Gasquet,Alex Michelsen,133.0,44.0,0,0.1974,0,0.2058,0,0.1465,0
Metz,20241104,Hard,R16,2024,Zizou Bergs,Hugo Gaston,61.0,81.0,1,0.5982,1,0.6134,1,0.6294,1
Metz,20241104,Hard,R16,2024,Cameron Norrie,Luca Van Assche,57.0,112.0,1,0.5445,1,0.5656,1,0.5409,1
Metz,20241104,Hard,R16,2024,Jan Lennard Struff,Corentin Moutet,40.0,66.0,0,0.6307,1,0.6645,1,0.6435,1
Metz,20241104,Hard,R16,2024,Andrey Rublev,Lorenzo Sonego,9.0,51.0,1,0.7706,1,0.7845,1,0.7703,1
Metz,20241104,Hard,QF,2024,Quentin Halys,Benjamin Bonzi,84.0,124.0,0,0.6784,1,0.6624,1,0.578,1
Metz,20241104,Hard,QF,2024,Bu Yunchaokete,Alex Michelsen,72.0,44.0,0,0.4596,0,0.4991,0,0.5529,1
Metz,20241104,Hard,R32,2024,Roberto Bautista Agut,Benjamin Bonzi,47.0,124.0,0,0.7629,1,0.7711,1,0.7202,1
Metz,20241104,Hard,QF,2024,Andrey Rublev,Corentin Moutet,9.0,66.0,0,0.8396,1,0.8358,1,0.8367,1
Metz,20241104,Hard,SF,2024,Benjamin Bonzi,Alex Michelsen,124.0,44.0,1,0.2041,0,0.1978,0,0.2652,0
Metz,20241104,Hard,SF,2024,Cameron Norrie,Corentin Moutet,57.0,66.0,1,0.5911,1,0.6256,1,0.6912,1
Metz,20241104,Hard,R32,2024,Quentin Halys,Theo Papamalamis,84.0,721.0,1,0.8745,1,0.8611,1,0.8768,1
Belgrade,20241104,Hard,QF,2024,Francisco Cerundolo,Hamad Medjedovic,29.0,156.0,0,0.6274,1,0.6474,1,0.6791,1
Belgrade,20241104,Hard,F,2024,Denis Shapovalov,Hamad Medjedovic,78.0,156.0,1,0.5723,1,0.5599,1,0.5754,1
Belgrade,20241104,Hard,R32,2024,Daniel Altmaier,Luciano Darderi,93.0,43.0,1,0.4929,0,0.4358,0,0.4455,0
Belgrade,20241104,Hard,R32,2024,Marin Cilic,Alexandre Muller,196.0,68.0,1,0.4025,0,0.4207,0,0.4378,0
Belgrade,20241104,Hard,R32,2024,James Duckworth,Lukas Klein,77.0,153.0,0,0.4705,0,0.5187,1,0.5283,1
Belgrade,20241104,Hard,R32,2024,Tomas Martin Etcheverry,Pavel Kotov,39.0,75.0,1,0.6212,1,0.5826,1,0.5727,1
Belgrade,20241104,Hard,R32,2024,Brandon Nakashima,Hamad Medjedovic,37.0,156.0,0,0.6508,1,0.6386,1,0.7538,1
Belgrade,20241104,Hard,R32,2024,Aleksandar Kovacevic,Branko Djuric,101.0,781.0,1,0.8553,1,0.8627,1,0.8794,1
Belgrade,20241104,Hard,R32,2024,Fabio Fognini,Roman Safiullin,74.0,60.0,0,0.3699,0,0.3685,0,0.3718,0
Belgrade,20241104,Hard,R32,2024,Dusan Lajovic,Mariano Navone,86.0,45.0,1,0.3821,0,0.3699,0,0.3599,0
Belgrade,20241104,Hard,R32,2024,Fabian Marozsan,Juncheng Shang,59.0,50.0,1,0.4234,0,0.3643,0,0.3583,0
Belgrade,20241104,Hard,R32,2024,Stan Wawrinka,Laslo Djere,148.0,141.0,0,0.4632,0,0.4665,0,0.4833,0
Belgrade,20241104,Hard,R16,2024,Nuno Borges,Denis Shapovalov,33.0,78.0,0,0.5326,1,0.534,1,0.5427,1
Belgrade,20241104,Hard,R16,2024,Christopher Oconnell,Daniel Altmaier,71.0,93.0,1,0.5368,1,0.5854,1,0.578,1
Belgrade,20241104,Hard,R16,2024,Marin Cilic,Jiri Lehecka,196.0,31.0,0,0.29,0,0.2934,0,0.2731,0
Belgrade,20241104,Hard,R16,2024,Lukas Klein,Tomas Martin Etcheverry,153.0,39.0,1,0.3203,0,0.3051,0,0.2311,0
Belgrade,20241104,Hard,R16,2024,Aleksandar Kovacevic,Hamad Medjedovic,101.0,156.0,0,0.4141,0,0.4469,0,0.3622,0
Belgrade,20241104,Hard,R16,2024,Roman Safiullin,Francisco Cerundolo,60.0,29.0,0,0.4335,0,0.3927,0,0.3913,0
Belgrade,20241104,Hard,R16,2024,Dusan Lajovic,Fabian Marozsan,86.0,59.0,0,0.3297,0,0.3262,0,0.3143,0
Belgrade,20241104,Hard,R16,2024,Laslo Djere,Duje Ajdukovic,141.0,115.0,1,0.3211,0,0.2981,0,0.3177,0
Belgrade,20241104,Hard,QF,2024,Christopher Oconnell,Denis Shapovalov,71.0,78.0,0,0.4443,0,0.4404,0,0.3974,0
Belgrade,20241104,Hard,QF,2024,Lukas Klein,Jiri Lehecka,153.0,31.0,0,0.294,0,0.2709,0,0.2875,0
Belgrade,20241104,Hard,R32,2024,Marton Fucsovics,Denis Shapovalov,91.0,78.0,0,0.3958,0,0.4046,0,0.3967,0
Belgrade,20241104,Hard,QF,2024,Laslo Djere,Fabian Marozsan,141.0,59.0,1,0.3831,0,0.3569,0,0.3491,0
Belgrade,20241104,Hard,SF,2024,Denis Shapovalov,Jiri Lehecka,78.0,31.0,1,0.4108,0,0.4337,0,0.465,0
Belgrade,20241104,Hard,SF,2024,Laslo Djere,Hamad Medjedovic,141.0,156.0,0,0.4533,0,0.4318,0,0.3751,0
Belgrade,20241104,Hard,R32,2024,Christopher Oconnell,Miomir Kecmanovic,71.0,53.0,1,0.4356,0,0.3908,0,0.3978,0
Tour Finals,20241111,Hard,RR,2024,Alex De Minaur,Jannik Sinner,9.0,1.0,0,0.1134,0,0.2012,0,0.1749,0
Tour Finals,20241111,Hard,RR,2024,Andrey Rublev,Carlos Alcaraz,8.0,3.0,0,0.2364,0,0.2238,0,0.2347,0
Tour Finals,20241111,Hard,RR,2024,Casper Ruud,Carlos Alcaraz,7.0,3.0,1,0.2062,0,0.2236,0,0.2272,0
Tour Finals,20241111,Hard,RR,2024,Alexander Zverev,Andrey Rublev,2.0,8.0,1,0.7766,1,0.7698,1,0.8717,1
Tour Finals,20241111,Hard,RR,2024,Alexander Zverev,Casper Ruud,2.0,7.0,1,0.8055,1,0.7778,1,0.9018,1
Tour Finals,20241111,Hard,RR,2024,Alexander Zverev,Carlos Alcaraz,2.0,3.0,1,0.5177,1,0.4777,0,0.4835,0
Tour Finals,20241111,Hard,RR,2024,Taylor Fritz,Alex De Minaur,5.0,9.0,1,0.5229,1,0.4834,0,0.4317,0
Tour Finals,20241111,Hard,RR,2024,Daniil Medvedev,Alex De Minaur,4.0,9.0,1,0.5547,1,0.5022,1,0.4916,0
Tour Finals,20241111,Hard,RR,2024,Daniil Medvedev,Taylor Fritz,4.0,5.0,0,0.5326,1,0.4997,0,0.4718,0
Tour Finals,20241111,Hard,RR,2024,Andrey Rublev,Casper Ruud,8.0,7.0,0,0.5443,1,0.5025,1,0.5407,1
Tour Finals,20241111,Hard,RR,2024,Taylor Fritz,Jannik Sinner,5.0,1.0,0,0.1226,0,0.1646,0,0.1726,0
Tour Finals,20241111,Hard,RR,2024,Daniil Medvedev,Jannik Sinner,4.0,1.0,0,0.1371,0,0.1959,0,0.1767,0
Tour Finals,20241111,Hard,SF,2024,Alexander Zverev,Taylor Fritz,2.0,5.0,0,0.7234,1,0.6841,1,0.7319,1
Tour Finals,20241111,Hard,SF,2024,Casper Ruud,Jannik Sinner,7.0,1.0,0,0.0811,0,0.1507,0,0.1345,0
Tour Finals,20241111,Hard,F,2024,Taylor Fritz,Jannik Sinner,5.0,1.0,0,0.1226,0,0.1646,0,0.1726,0
Davis Cup Finals QF: NED vs ESP,20241119,Hard,RR,2024,Rafael Nadal,Botic Van De Zandschulp,154.0,80.0,0,0.4055,0,0.4222,0,0.3832,0
Davis Cup Finals QF: NED vs ESP,20241119,Hard,RR,2024,Tallon Griekspoor,Carlos Alcaraz,40.0,3.0,0,0.1245,0,0.1625,0,0.1953,0
Davis Cup Finals QF: GER vs CAN,20241120,Hard,RR,2024,Daniel Altmaier,Gabriel Diallo,88.0,86.0,1,0.3811,0,0.3635,0,0.3096,0
Davis Cup Finals QF: GER vs CAN,20241120,Hard,RR,2024,Jan Lennard Struff,Denis Shapovalov,43.0,56.0,1,0.4067,0,0.4178,0,0.4168,0
Davis Cup Finals QF: ITA vs ARG,20241121,Hard,RR,2024,Francisco Cerundolo,Lorenzo Musetti,30.0,17.0,1,0.4114,0,0.4177,0,0.4239,0
Davis Cup Finals QF: ITA vs ARG,20241121,Hard,RR,2024,Sebastian Baez,Jannik Sinner,27.0,1.0,0,0.02,0,0.1052,0,0.0416,0
Davis Cup Finals QF: USA vs AUS,20241121,Hard,RR,2024,Taylor Fritz,Alex De Minaur,4.0,9.0,1,0.6048,1,0.5438,1,0.5074,1
Davis Cup Finals QF: USA vs AUS,20241121,Hard,RR,2024,Thanasi Kokkinakis,Ben Shelton,77.0,21.0,1,0.2994,0,0.2908,0,0.3008,0
Davis Cup Finals SF: GER vs NED,20241122,Hard,RR,2024,Botic Van De Zandschulp,Daniel Altmaier,80.0,88.0,1,0.4806,0,0.4513,0,0.4603,0
Davis Cup Finals SF: GER vs NED,20241122,Hard,RR,2024,Jan Lennard Struff,Tallon Griekspoor,43.0,40.0,0,0.4609,0,0.4769,0,0.4551,0
Davis Cup Finals SF: ITA vs AUS,20241123,Hard,RR,2024,Thanasi Kokkinakis,Matteo Berrettini,77.0,35.0,0,0.4186,0,0.3697,0,0.3879,0
Davis Cup Finals SF: ITA vs AUS,20241123,Hard,RR,2024,Alex De Minaur,Jannik Sinner,9.0,1.0,0,0.0668,0,0.1538,0,0.1535,0
Davis Cup Finals F: ITA vs NED,20241124,Hard,RR,2024,Botic Van De Zandschulp,Matteo Berrettini,80.0,35.0,0,0.3687,0,0.3027,0,0.2509,0
Davis Cup Finals F: ITA vs NED,20241124,Hard,RR,2024,Tallon Griekspoor,Jannik Sinner,40.0,1.0,0,0.0313,0,0.075,0,0.0283,0
Next Gen Finals,20241218,Hard,RR,2024,Luca Van Assche,Nishesh Basavareddy,128.0,138.0,1,0.6257,1,0.6128,1,0.6994,1
Next Gen Finals,20241218,Hard,RR,2024,Juncheng Shang,Nishesh Basavareddy,50.0,138.0,0,0.7466,1,0.7408,1,0.6961,1
Next Gen Finals,20241218,Hard,RR,2024,Luca Van Assche,Juncheng Shang,128.0,50.0,1,0.3627,0,0.3006,0,0.3724,0
Next Gen Finals,20241218,Hard,RR,2024,Nishesh Basavareddy,Alex Michelsen,138.0,41.0,0,0.1885,0,0.1872,0,0.1928,0
Next Gen Finals,20241218,Hard,RR,2024,Luca Van Assche,Alex Michelsen,128.0,41.0,0,0.2714,0,0.2585,0,0.2684,0
Next Gen Finals,20241218,Hard,RR,2024,Juncheng Shang,Alex Michelsen,50.0,41.0,0,0.3963,0,0.4206,0,0.4,0
Next Gen Finals,20241218,Hard,RR,2024,Learner Tien,Joao Fonseca,122.0,145.0,0,0.5043,1,0.5117,1,0.539,1
Next Gen Finals,20241218,Hard,RR,2024,Jakub Mensik,Joao Fonseca,48.0,145.0,0,0.7034,1,0.6908,1,0.8316,1
Next Gen Finals,20241218,Hard,RR,2024,Jakub Mensik,Learner Tien,48.0,122.0,0,0.7107,1,0.6999,1,0.7949,1
Next Gen Finals,20241218,Hard,RR,2024,Arthur Fils,Joao Fonseca,20.0,145.0,0,0.7544,1,0.7564,1,0.7962,1
Next Gen Finals,20241218,Hard,RR,2024,Arthur Fils,Learner Tien,20.0,122.0,0,0.7609,1,0.7409,1,0.809,1
Next Gen Finals,20241218,Hard,RR,2024,Arthur Fils,Jakub Mensik,20.0,48.0,1,0.5649,1,0.5244,1,0.4997,0
Next Gen Finals,20241218,Hard,SF,2024,Alex Michelsen,Learner Tien,41.0,122.0,0,0.6857,1,0.6651,1,0.7125,1
Next Gen Finals,20241218,Hard,SF,2024,Luca Van Assche,Joao Fonseca,128.0,145.0,0,0.439,0,0.4703,0,0.4743,0
Next Gen Finals,20241218,Hard,F,2024,Learner Tien,Joao Fonseca,122.0,145.0,0,0.5043,1,0.5117,1,0.539,1
